mat_path,subject_id,exp_idx,light,motion,exercise,skin_color,gender,glasser,hair_cover,makeup,L,MO,E,S,GE,GL,H,MA,matched_npy_count,matched_npys,error
/zfsauton/data/straps/MMPD/subject1/p1_0.mat,1,0,LED-low,Stationary,False,4,male,True,False,False,1,1,2,4,1,1,2,2,2,/zfsauton/data/straps/MMPD/processed_dataset/MMPD_SizeW72_SizeH72_ClipLength180_DataTypeRaw_DataAugNone_LabelTypeRaw_Crop_faceTrue_BackendY11F_Large_boxFalse_Large_size1.5_Dyamic_DetTrue_det_len30_Median_face_boxTrue_unsupervised/subject1_L1_MO1_E2_S4_GE1_GL1_H2_MA2_label0.npy | /zfsauton/data/straps/MMPD/processed_dataset/MMPD_SizeW72_SizeH72_ClipLength180_DataTypeRaw_DataAugNone_LabelTypeRaw_Crop_faceTrue_BackendY11F_Large_boxFalse_Large_size1.5_Dyamic_DetTrue_det_len30_Median_face_boxTrue_unsupervised/subject1_L1_MO1_E2_S4_GE1_GL1_H2_MA2_input0.npy,
/zfsauton/data/straps/MMPD/subject1/p1_1.mat,1,1,LED-low,Rotation,False,4,male,True,False,False,1,2,2,4,1,1,2,2,2,/zfsauton/data/straps/MMPD/processed_dataset/MMPD_SizeW72_SizeH72_ClipLength180_DataTypeRaw_DataAugNone_LabelTypeRaw_Crop_faceTrue_BackendY11F_Large_boxFalse_Large_size1.5_Dyamic_DetTrue_det_len30_Median_face_boxTrue_unsupervised/subject1_L1_MO2_E2_S4_GE1_GL1_H2_MA2_label0.npy | /zfsauton/data/straps/MMPD/processed_dataset/MMPD_SizeW72_SizeH72_ClipLength180_DataTypeRaw_DataAugNone_LabelTypeRaw_Crop_faceTrue_BackendY11F_Large_boxFalse_Large_size1.5_Dyamic_DetTrue_det_len30_Median_face_boxTrue_unsupervised/subject1_L1_MO2_E2_S4_GE1_GL1_H2_MA2_input0.npy,
/zfsauton/data/straps/MMPD/subject1/p1_10.mat,1,10,Incandescent,Talking,False,4,male,True,False,False,3,3,2,4,1,1,2,2,2,/zfsauton/data/straps/MMPD/processed_dataset/MMPD_SizeW72_SizeH72_ClipLength180_DataTypeRaw_DataAugNone_LabelTypeRaw_Crop_faceTrue_BackendY11F_Large_boxFalse_Large_size1.5_Dyamic_DetTrue_det_len30_Median_face_boxTrue_unsupervised/subject1_L3_MO3_E2_S4_GE1_GL1_H2_MA2_input0.npy | /zfsauton/data/straps/MMPD/processed_dataset/MMPD_SizeW72_SizeH72_ClipLength180_DataTypeRaw_DataAugNone_LabelTypeRaw_Crop_faceTrue_BackendY11F_Large_boxFalse_Large_size1.5_Dyamic_DetTrue_det_len30_Median_face_boxTrue_unsupervised/subject1_L3_MO3_E2_S4_GE1_GL1_H2_MA2_label0.npy,
/zfsauton/data/straps/MMPD/subject1/p1_11.mat,1,11,Incandescent,Walking,False,4,male,True,False,False,3,4,2,4,1,1,2,2,2,/zfsauton/data/straps/MMPD/processed_dataset/MMPD_SizeW72_SizeH72_ClipLength180_DataTypeRaw_DataAugNone_LabelTypeRaw_Crop_faceTrue_BackendY11F_Large_boxFalse_Large_size1.5_Dyamic_DetTrue_det_len30_Median_face_boxTrue_unsupervised/subject1_L3_MO4_E2_S4_GE1_GL1_H2_MA2_label0.npy | /zfsauton/data/straps/MMPD/processed_dataset/MMPD_SizeW72_SizeH72_ClipLength180_DataTypeRaw_DataAugNone_LabelTypeRaw_Crop_faceTrue_BackendY11F_Large_boxFalse_Large_size1.5_Dyamic_DetTrue_det_len30_Median_face_boxTrue_unsupervised/subject1_L3_MO4_E2_S4_GE1_GL1_H2_MA2_input0.npy,
/zfsauton/data/straps/MMPD/subject1/p1_12.mat,1,12,Incandescent,Stationary (after exercise),True,4,male,True,False,False,3,1,1,4,1,1,2,2,2,/zfsauton/data/straps/MMPD/processed_dataset/MMPD_SizeW72_SizeH72_ClipLength180_DataTypeRaw_DataAugNone_LabelTypeRaw_Crop_faceTrue_BackendY11F_Large_boxFalse_Large_size1.5_Dyamic_DetTrue_det_len30_Median_face_boxTrue_unsupervised/subject1_L3_MO1_E1_S4_GE1_GL1_H2_MA2_label0.npy | /zfsauton/data/straps/MMPD/processed_dataset/MMPD_SizeW72_SizeH72_ClipLength180_DataTypeRaw_DataAugNone_LabelTypeRaw_Crop_faceTrue_BackendY11F_Large_boxFalse_Large_size1.5_Dyamic_DetTrue_det_len30_Median_face_boxTrue_unsupervised/subject1_L3_MO1_E1_S4_GE1_GL1_H2_MA2_input0.npy,
/zfsauton/data/straps/MMPD/subject1/p1_13.mat,1,13,LED-high,Stationary (after exercise),True,4,male,True,False,False,2,1,1,4,1,1,2,2,2,/zfsauton/data/straps/MMPD/processed_dataset/MMPD_SizeW72_SizeH72_ClipLength180_DataTypeRaw_DataAugNone_LabelTypeRaw_Crop_faceTrue_BackendY11F_Large_boxFalse_Large_size1.5_Dyamic_DetTrue_det_len30_Median_face_boxTrue_unsupervised/subject1_L2_MO1_E1_S4_GE1_GL1_H2_MA2_input0.npy | /zfsauton/data/straps/MMPD/processed_dataset/MMPD_SizeW72_SizeH72_ClipLength180_DataTypeRaw_DataAugNone_LabelTypeRaw_Crop_faceTrue_BackendY11F_Large_boxFalse_Large_size1.5_Dyamic_DetTrue_det_len30_Median_face_boxTrue_unsupervised/subject1_L2_MO1_E1_S4_GE1_GL1_H2_MA2_label0.npy,
/zfsauton/data/straps/MMPD/subject1/p1_14.mat,1,14,LED-low,Stationary (after exercise),True,4,male,True,False,False,1,1,1,4,1,1,2,2,2,/zfsauton/data/straps/MMPD/processed_dataset/MMPD_SizeW72_SizeH72_ClipLength180_DataTypeRaw_DataAugNone_LabelTypeRaw_Crop_faceTrue_BackendY11F_Large_boxFalse_Large_size1.5_Dyamic_DetTrue_det_len30_Median_face_boxTrue_unsupervised/subject1_L1_MO1_E1_S4_GE1_GL1_H2_MA2_input0.npy | /zfsauton/data/straps/MMPD/processed_dataset/MMPD_SizeW72_SizeH72_ClipLength180_DataTypeRaw_DataAugNone_LabelTypeRaw_Crop_faceTrue_BackendY11F_Large_boxFalse_Large_size1.5_Dyamic_DetTrue_det_len30_Median_face_boxTrue_unsupervised/subject1_L1_MO1_E1_S4_GE1_GL1_H2_MA2_label0.npy,
/zfsauton/data/straps/MMPD/subject1/p1_15.mat,1,15,Nature,Stationary (after exercise),True,4,male,True,False,False,4,1,1,4,1,1,2,2,2,/zfsauton/data/straps/MMPD/processed_dataset/MMPD_SizeW72_SizeH72_ClipLength180_DataTypeRaw_DataAugNone_LabelTypeRaw_Crop_faceTrue_BackendY11F_Large_boxFalse_Large_size1.5_Dyamic_DetTrue_det_len30_Median_face_boxTrue_unsupervised/subject1_L4_MO1_E1_S4_GE1_GL1_H2_MA2_label0.npy | /zfsauton/data/straps/MMPD/processed_dataset/MMPD_SizeW72_SizeH72_ClipLength180_DataTypeRaw_DataAugNone_LabelTypeRaw_Crop_faceTrue_BackendY11F_Large_boxFalse_Large_size1.5_Dyamic_DetTrue_det_len30_Median_face_boxTrue_unsupervised/subject1_L4_MO1_E1_S4_GE1_GL1_H2_MA2_input0.npy,
/zfsauton/data/straps/MMPD/subject1/p1_16.mat,1,16,Nature,Stationary,False,4,male,True,False,False,4,1,2,4,1,1,2,2,2,/zfsauton/data/straps/MMPD/processed_dataset/MMPD_SizeW72_SizeH72_ClipLength180_DataTypeRaw_DataAugNone_LabelTypeRaw_Crop_faceTrue_BackendY11F_Large_boxFalse_Large_size1.5_Dyamic_DetTrue_det_len30_Median_face_boxTrue_unsupervised/subject1_L4_MO1_E2_S4_GE1_GL1_H2_MA2_input0.npy | /zfsauton/data/straps/MMPD/processed_dataset/MMPD_SizeW72_SizeH72_ClipLength180_DataTypeRaw_DataAugNone_LabelTypeRaw_Crop_faceTrue_BackendY11F_Large_boxFalse_Large_size1.5_Dyamic_DetTrue_det_len30_Median_face_boxTrue_unsupervised/subject1_L4_MO1_E2_S4_GE1_GL1_H2_MA2_label0.npy,
/zfsauton/data/straps/MMPD/subject1/p1_17.mat,1,17,Nature,Rotation,False,4,male,True,False,False,4,2,2,4,1,1,2,2,2,/zfsauton/data/straps/MMPD/processed_dataset/MMPD_SizeW72_SizeH72_ClipLength180_DataTypeRaw_DataAugNone_LabelTypeRaw_Crop_faceTrue_BackendY11F_Large_boxFalse_Large_size1.5_Dyamic_DetTrue_det_len30_Median_face_boxTrue_unsupervised/subject1_L4_MO2_E2_S4_GE1_GL1_H2_MA2_input0.npy | /zfsauton/data/straps/MMPD/processed_dataset/MMPD_SizeW72_SizeH72_ClipLength180_DataTypeRaw_DataAugNone_LabelTypeRaw_Crop_faceTrue_BackendY11F_Large_boxFalse_Large_size1.5_Dyamic_DetTrue_det_len30_Median_face_boxTrue_unsupervised/subject1_L4_MO2_E2_S4_GE1_GL1_H2_MA2_label0.npy,
/zfsauton/data/straps/MMPD/subject1/p1_18.mat,1,18,Nature,Talking,False,4,male,True,False,False,4,3,2,4,1,1,2,2,2,/zfsauton/data/straps/MMPD/processed_dataset/MMPD_SizeW72_SizeH72_ClipLength180_DataTypeRaw_DataAugNone_LabelTypeRaw_Crop_faceTrue_BackendY11F_Large_boxFalse_Large_size1.5_Dyamic_DetTrue_det_len30_Median_face_boxTrue_unsupervised/subject1_L4_MO3_E2_S4_GE1_GL1_H2_MA2_input0.npy | /zfsauton/data/straps/MMPD/processed_dataset/MMPD_SizeW72_SizeH72_ClipLength180_DataTypeRaw_DataAugNone_LabelTypeRaw_Crop_faceTrue_BackendY11F_Large_boxFalse_Large_size1.5_Dyamic_DetTrue_det_len30_Median_face_boxTrue_unsupervised/subject1_L4_MO3_E2_S4_GE1_GL1_H2_MA2_label0.npy,
/zfsauton/data/straps/MMPD/subject1/p1_19.mat,1,19,Nature,Walking,False,4,male,True,False,False,4,4,2,4,1,1,2,2,2,/zfsauton/data/straps/MMPD/processed_dataset/MMPD_SizeW72_SizeH72_ClipLength180_DataTypeRaw_DataAugNone_LabelTypeRaw_Crop_faceTrue_BackendY11F_Large_boxFalse_Large_size1.5_Dyamic_DetTrue_det_len30_Median_face_boxTrue_unsupervised/subject1_L4_MO4_E2_S4_GE1_GL1_H2_MA2_label0.npy | /zfsauton/data/straps/MMPD/processed_dataset/MMPD_SizeW72_SizeH72_ClipLength180_DataTypeRaw_DataAugNone_LabelTypeRaw_Crop_faceTrue_BackendY11F_Large_boxFalse_Large_size1.5_Dyamic_DetTrue_det_len30_Median_face_boxTrue_unsupervised/subject1_L4_MO4_E2_S4_GE1_GL1_H2_MA2_input0.npy,
/zfsauton/data/straps/MMPD/subject1/p1_2.mat,1,2,LED-low,Talking,False,4,male,True,False,False,1,3,2,4,1,1,2,2,2,/zfsauton/data/straps/MMPD/processed_dataset/MMPD_SizeW72_SizeH72_ClipLength180_DataTypeRaw_DataAugNone_LabelTypeRaw_Crop_faceTrue_BackendY11F_Large_boxFalse_Large_size1.5_Dyamic_DetTrue_det_len30_Median_face_boxTrue_unsupervised/subject1_L1_MO3_E2_S4_GE1_GL1_H2_MA2_label0.npy | /zfsauton/data/straps/MMPD/processed_dataset/MMPD_SizeW72_SizeH72_ClipLength180_DataTypeRaw_DataAugNone_LabelTypeRaw_Crop_faceTrue_BackendY11F_Large_boxFalse_Large_size1.5_Dyamic_DetTrue_det_len30_Median_face_boxTrue_unsupervised/subject1_L1_MO3_E2_S4_GE1_GL1_H2_MA2_input0.npy,
/zfsauton/data/straps/MMPD/subject1/p1_3.mat,1,3,LED-low,Walking,False,4,male,True,False,False,1,4,2,4,1,1,2,2,2,/zfsauton/data/straps/MMPD/processed_dataset/MMPD_SizeW72_SizeH72_ClipLength180_DataTypeRaw_DataAugNone_LabelTypeRaw_Crop_faceTrue_BackendY11F_Large_boxFalse_Large_size1.5_Dyamic_DetTrue_det_len30_Median_face_boxTrue_unsupervised/subject1_L1_MO4_E2_S4_GE1_GL1_H2_MA2_input0.npy | /zfsauton/data/straps/MMPD/processed_dataset/MMPD_SizeW72_SizeH72_ClipLength180_DataTypeRaw_DataAugNone_LabelTypeRaw_Crop_faceTrue_BackendY11F_Large_boxFalse_Large_size1.5_Dyamic_DetTrue_det_len30_Median_face_boxTrue_unsupervised/subject1_L1_MO4_E2_S4_GE1_GL1_H2_MA2_label0.npy,
/zfsauton/data/straps/MMPD/subject1/p1_4.mat,1,4,LED-high,Stationary,False,4,male,True,False,False,2,1,2,4,1,1,2,2,2,/zfsauton/data/straps/MMPD/processed_dataset/MMPD_SizeW72_SizeH72_ClipLength180_DataTypeRaw_DataAugNone_LabelTypeRaw_Crop_faceTrue_BackendY11F_Large_boxFalse_Large_size1.5_Dyamic_DetTrue_det_len30_Median_face_boxTrue_unsupervised/subject1_L2_MO1_E2_S4_GE1_GL1_H2_MA2_label0.npy | /zfsauton/data/straps/MMPD/processed_dataset/MMPD_SizeW72_SizeH72_ClipLength180_DataTypeRaw_DataAugNone_LabelTypeRaw_Crop_faceTrue_BackendY11F_Large_boxFalse_Large_size1.5_Dyamic_DetTrue_det_len30_Median_face_boxTrue_unsupervised/subject1_L2_MO1_E2_S4_GE1_GL1_H2_MA2_input0.npy,
/zfsauton/data/straps/MMPD/subject1/p1_5.mat,1,5,LED-high,Rotation,False,4,male,True,False,False,2,2,2,4,1,1,2,2,2,/zfsauton/data/straps/MMPD/processed_dataset/MMPD_SizeW72_SizeH72_ClipLength180_DataTypeRaw_DataAugNone_LabelTypeRaw_Crop_faceTrue_BackendY11F_Large_boxFalse_Large_size1.5_Dyamic_DetTrue_det_len30_Median_face_boxTrue_unsupervised/subject1_L2_MO2_E2_S4_GE1_GL1_H2_MA2_label0.npy | /zfsauton/data/straps/MMPD/processed_dataset/MMPD_SizeW72_SizeH72_ClipLength180_DataTypeRaw_DataAugNone_LabelTypeRaw_Crop_faceTrue_BackendY11F_Large_boxFalse_Large_size1.5_Dyamic_DetTrue_det_len30_Median_face_boxTrue_unsupervised/subject1_L2_MO2_E2_S4_GE1_GL1_H2_MA2_input0.npy,
/zfsauton/data/straps/MMPD/subject1/p1_6.mat,1,6,LED-high,Talking,False,4,male,True,False,False,2,3,2,4,1,1,2,2,2,/zfsauton/data/straps/MMPD/processed_dataset/MMPD_SizeW72_SizeH72_ClipLength180_DataTypeRaw_DataAugNone_LabelTypeRaw_Crop_faceTrue_BackendY11F_Large_boxFalse_Large_size1.5_Dyamic_DetTrue_det_len30_Median_face_boxTrue_unsupervised/subject1_L2_MO3_E2_S4_GE1_GL1_H2_MA2_label0.npy | /zfsauton/data/straps/MMPD/processed_dataset/MMPD_SizeW72_SizeH72_ClipLength180_DataTypeRaw_DataAugNone_LabelTypeRaw_Crop_faceTrue_BackendY11F_Large_boxFalse_Large_size1.5_Dyamic_DetTrue_det_len30_Median_face_boxTrue_unsupervised/subject1_L2_MO3_E2_S4_GE1_GL1_H2_MA2_input0.npy,
/zfsauton/data/straps/MMPD/subject1/p1_7.mat,1,7,LED-high,Walking,False,4,male,True,False,False,2,4,2,4,1,1,2,2,2,/zfsauton/data/straps/MMPD/processed_dataset/MMPD_SizeW72_SizeH72_ClipLength180_DataTypeRaw_DataAugNone_LabelTypeRaw_Crop_faceTrue_BackendY11F_Large_boxFalse_Large_size1.5_Dyamic_DetTrue_det_len30_Median_face_boxTrue_unsupervised/subject1_L2_MO4_E2_S4_GE1_GL1_H2_MA2_input0.npy | /zfsauton/data/straps/MMPD/processed_dataset/MMPD_SizeW72_SizeH72_ClipLength180_DataTypeRaw_DataAugNone_LabelTypeRaw_Crop_faceTrue_BackendY11F_Large_boxFalse_Large_size1.5_Dyamic_DetTrue_det_len30_Median_face_boxTrue_unsupervised/subject1_L2_MO4_E2_S4_GE1_GL1_H2_MA2_label0.npy,
/zfsauton/data/straps/MMPD/subject1/p1_8.mat,1,8,Incandescent,Stationary,False,4,male,True,False,False,3,1,2,4,1,1,2,2,2,/zfsauton/data/straps/MMPD/processed_dataset/MMPD_SizeW72_SizeH72_ClipLength180_DataTypeRaw_DataAugNone_LabelTypeRaw_Crop_faceTrue_BackendY11F_Large_boxFalse_Large_size1.5_Dyamic_DetTrue_det_len30_Median_face_boxTrue_unsupervised/subject1_L3_MO1_E2_S4_GE1_GL1_H2_MA2_input0.npy | /zfsauton/data/straps/MMPD/processed_dataset/MMPD_SizeW72_SizeH72_ClipLength180_DataTypeRaw_DataAugNone_LabelTypeRaw_Crop_faceTrue_BackendY11F_Large_boxFalse_Large_size1.5_Dyamic_DetTrue_det_len30_Median_face_boxTrue_unsupervised/subject1_L3_MO1_E2_S4_GE1_GL1_H2_MA2_label0.npy,
/zfsauton/data/straps/MMPD/subject1/p1_9.mat,1,9,Incandescent,Rotation,False,4,male,True,False,False,3,2,2,4,1,1,2,2,2,/zfsauton/data/straps/MMPD/processed_dataset/MMPD_SizeW72_SizeH72_ClipLength180_DataTypeRaw_DataAugNone_LabelTypeRaw_Crop_faceTrue_BackendY11F_Large_boxFalse_Large_size1.5_Dyamic_DetTrue_det_len30_Median_face_boxTrue_unsupervised/subject1_L3_MO2_E2_S4_GE1_GL1_H2_MA2_input0.npy | /zfsauton/data/straps/MMPD/processed_dataset/MMPD_SizeW72_SizeH72_ClipLength180_DataTypeRaw_DataAugNone_LabelTypeRaw_Crop_faceTrue_BackendY11F_Large_boxFalse_Large_size1.5_Dyamic_DetTrue_det_len30_Median_face_boxTrue_unsupervised/subject1_L3_MO2_E2_S4_GE1_GL1_H2_MA2_label0.npy,
/zfsauton/data/straps/MMPD/subject10/p10_0.mat,10,0,LED-low,Stationary,False,4,female,False,False,False,1,1,2,4,2,2,2,2,2,/zfsauton/data/straps/MMPD/processed_dataset/MMPD_SizeW72_SizeH72_ClipLength180_DataTypeRaw_DataAugNone_LabelTypeRaw_Crop_faceTrue_BackendY11F_Large_boxFalse_Large_size1.5_Dyamic_DetTrue_det_len30_Median_face_boxTrue_unsupervised/subject10_L1_MO1_E2_S4_GE2_GL2_H2_MA2_label0.npy | /zfsauton/data/straps/MMPD/processed_dataset/MMPD_SizeW72_SizeH72_ClipLength180_DataTypeRaw_DataAugNone_LabelTypeRaw_Crop_faceTrue_BackendY11F_Large_boxFalse_Large_size1.5_Dyamic_DetTrue_det_len30_Median_face_boxTrue_unsupervised/subject10_L1_MO1_E2_S4_GE2_GL2_H2_MA2_input0.npy,
/zfsauton/data/straps/MMPD/subject10/p10_1.mat,10,1,LED-low,Rotation,False,4,female,False,False,False,1,2,2,4,2,2,2,2,2,/zfsauton/data/straps/MMPD/processed_dataset/MMPD_SizeW72_SizeH72_ClipLength180_DataTypeRaw_DataAugNone_LabelTypeRaw_Crop_faceTrue_BackendY11F_Large_boxFalse_Large_size1.5_Dyamic_DetTrue_det_len30_Median_face_boxTrue_unsupervised/subject10_L1_MO2_E2_S4_GE2_GL2_H2_MA2_label0.npy | /zfsauton/data/straps/MMPD/processed_dataset/MMPD_SizeW72_SizeH72_ClipLength180_DataTypeRaw_DataAugNone_LabelTypeRaw_Crop_faceTrue_BackendY11F_Large_boxFalse_Large_size1.5_Dyamic_DetTrue_det_len30_Median_face_boxTrue_unsupervised/subject10_L1_MO2_E2_S4_GE2_GL2_H2_MA2_input0.npy,
/zfsauton/data/straps/MMPD/subject10/p10_10.mat,10,10,Incandescent,Talking,False,4,female,False,False,False,3,3,2,4,2,2,2,2,2,/zfsauton/data/straps/MMPD/processed_dataset/MMPD_SizeW72_SizeH72_ClipLength180_DataTypeRaw_DataAugNone_LabelTypeRaw_Crop_faceTrue_BackendY11F_Large_boxFalse_Large_size1.5_Dyamic_DetTrue_det_len30_Median_face_boxTrue_unsupervised/subject10_L3_MO3_E2_S4_GE2_GL2_H2_MA2_input0.npy | /zfsauton/data/straps/MMPD/processed_dataset/MMPD_SizeW72_SizeH72_ClipLength180_DataTypeRaw_DataAugNone_LabelTypeRaw_Crop_faceTrue_BackendY11F_Large_boxFalse_Large_size1.5_Dyamic_DetTrue_det_len30_Median_face_boxTrue_unsupervised/subject10_L3_MO3_E2_S4_GE2_GL2_H2_MA2_label0.npy,
/zfsauton/data/straps/MMPD/subject10/p10_11.mat,10,11,Incandescent,Walking,False,4,female,False,False,False,3,4,2,4,2,2,2,2,2,/zfsauton/data/straps/MMPD/processed_dataset/MMPD_SizeW72_SizeH72_ClipLength180_DataTypeRaw_DataAugNone_LabelTypeRaw_Crop_faceTrue_BackendY11F_Large_boxFalse_Large_size1.5_Dyamic_DetTrue_det_len30_Median_face_boxTrue_unsupervised/subject10_L3_MO4_E2_S4_GE2_GL2_H2_MA2_label0.npy | /zfsauton/data/straps/MMPD/processed_dataset/MMPD_SizeW72_SizeH72_ClipLength180_DataTypeRaw_DataAugNone_LabelTypeRaw_Crop_faceTrue_BackendY11F_Large_boxFalse_Large_size1.5_Dyamic_DetTrue_det_len30_Median_face_boxTrue_unsupervised/subject10_L3_MO4_E2_S4_GE2_GL2_H2_MA2_input0.npy,
/zfsauton/data/straps/MMPD/subject10/p10_12.mat,10,12,Incandescent,Stationary (after exercise),True,4,female,False,False,False,3,1,1,4,2,2,2,2,2,/zfsauton/data/straps/MMPD/processed_dataset/MMPD_SizeW72_SizeH72_ClipLength180_DataTypeRaw_DataAugNone_LabelTypeRaw_Crop_faceTrue_BackendY11F_Large_boxFalse_Large_size1.5_Dyamic_DetTrue_det_len30_Median_face_boxTrue_unsupervised/subject10_L3_MO1_E1_S4_GE2_GL2_H2_MA2_label0.npy | /zfsauton/data/straps/MMPD/processed_dataset/MMPD_SizeW72_SizeH72_ClipLength180_DataTypeRaw_DataAugNone_LabelTypeRaw_Crop_faceTrue_BackendY11F_Large_boxFalse_Large_size1.5_Dyamic_DetTrue_det_len30_Median_face_boxTrue_unsupervised/subject10_L3_MO1_E1_S4_GE2_GL2_H2_MA2_input0.npy,
/zfsauton/data/straps/MMPD/subject10/p10_13.mat,10,13,LED-high,Stationary (after exercise),True,4,female,False,False,False,2,1,1,4,2,2,2,2,2,/zfsauton/data/straps/MMPD/processed_dataset/MMPD_SizeW72_SizeH72_ClipLength180_DataTypeRaw_DataAugNone_LabelTypeRaw_Crop_faceTrue_BackendY11F_Large_boxFalse_Large_size1.5_Dyamic_DetTrue_det_len30_Median_face_boxTrue_unsupervised/subject10_L2_MO1_E1_S4_GE2_GL2_H2_MA2_input0.npy | /zfsauton/data/straps/MMPD/processed_dataset/MMPD_SizeW72_SizeH72_ClipLength180_DataTypeRaw_DataAugNone_LabelTypeRaw_Crop_faceTrue_BackendY11F_Large_boxFalse_Large_size1.5_Dyamic_DetTrue_det_len30_Median_face_boxTrue_unsupervised/subject10_L2_MO1_E1_S4_GE2_GL2_H2_MA2_label0.npy,
/zfsauton/data/straps/MMPD/subject10/p10_14.mat,10,14,LED-low,Stationary (after exercise),True,4,female,False,False,False,1,1,1,4,2,2,2,2,2,/zfsauton/data/straps/MMPD/processed_dataset/MMPD_SizeW72_SizeH72_ClipLength180_DataTypeRaw_DataAugNone_LabelTypeRaw_Crop_faceTrue_BackendY11F_Large_boxFalse_Large_size1.5_Dyamic_DetTrue_det_len30_Median_face_boxTrue_unsupervised/subject10_L1_MO1_E1_S4_GE2_GL2_H2_MA2_input0.npy | /zfsauton/data/straps/MMPD/processed_dataset/MMPD_SizeW72_SizeH72_ClipLength180_DataTypeRaw_DataAugNone_LabelTypeRaw_Crop_faceTrue_BackendY11F_Large_boxFalse_Large_size1.5_Dyamic_DetTrue_det_len30_Median_face_boxTrue_unsupervised/subject10_L1_MO1_E1_S4_GE2_GL2_H2_MA2_label0.npy,
/zfsauton/data/straps/MMPD/subject10/p10_15.mat,10,15,Nature,Stationary (after exercise),True,4,female,False,False,False,4,1,1,4,2,2,2,2,2,/zfsauton/data/straps/MMPD/processed_dataset/MMPD_SizeW72_SizeH72_ClipLength180_DataTypeRaw_DataAugNone_LabelTypeRaw_Crop_faceTrue_BackendY11F_Large_boxFalse_Large_size1.5_Dyamic_DetTrue_det_len30_Median_face_boxTrue_unsupervised/subject10_L4_MO1_E1_S4_GE2_GL2_H2_MA2_label0.npy | /zfsauton/data/straps/MMPD/processed_dataset/MMPD_SizeW72_SizeH72_ClipLength180_DataTypeRaw_DataAugNone_LabelTypeRaw_Crop_faceTrue_BackendY11F_Large_boxFalse_Large_size1.5_Dyamic_DetTrue_det_len30_Median_face_boxTrue_unsupervised/subject10_L4_MO1_E1_S4_GE2_GL2_H2_MA2_input0.npy,
/zfsauton/data/straps/MMPD/subject10/p10_16.mat,10,16,Nature,Stationary,False,4,female,False,False,False,4,1,2,4,2,2,2,2,2,/zfsauton/data/straps/MMPD/processed_dataset/MMPD_SizeW72_SizeH72_ClipLength180_DataTypeRaw_DataAugNone_LabelTypeRaw_Crop_faceTrue_BackendY11F_Large_boxFalse_Large_size1.5_Dyamic_DetTrue_det_len30_Median_face_boxTrue_unsupervised/subject10_L4_MO1_E2_S4_GE2_GL2_H2_MA2_input0.npy | /zfsauton/data/straps/MMPD/processed_dataset/MMPD_SizeW72_SizeH72_ClipLength180_DataTypeRaw_DataAugNone_LabelTypeRaw_Crop_faceTrue_BackendY11F_Large_boxFalse_Large_size1.5_Dyamic_DetTrue_det_len30_Median_face_boxTrue_unsupervised/subject10_L4_MO1_E2_S4_GE2_GL2_H2_MA2_label0.npy,
/zfsauton/data/straps/MMPD/subject10/p10_17.mat,10,17,Nature,Rotation,False,4,female,False,False,False,4,2,2,4,2,2,2,2,2,/zfsauton/data/straps/MMPD/processed_dataset/MMPD_SizeW72_SizeH72_ClipLength180_DataTypeRaw_DataAugNone_LabelTypeRaw_Crop_faceTrue_BackendY11F_Large_boxFalse_Large_size1.5_Dyamic_DetTrue_det_len30_Median_face_boxTrue_unsupervised/subject10_L4_MO2_E2_S4_GE2_GL2_H2_MA2_input0.npy | /zfsauton/data/straps/MMPD/processed_dataset/MMPD_SizeW72_SizeH72_ClipLength180_DataTypeRaw_DataAugNone_LabelTypeRaw_Crop_faceTrue_BackendY11F_Large_boxFalse_Large_size1.5_Dyamic_DetTrue_det_len30_Median_face_boxTrue_unsupervised/subject10_L4_MO2_E2_S4_GE2_GL2_H2_MA2_label0.npy,
/zfsauton/data/straps/MMPD/subject10/p10_18.mat,10,18,Nature,Talking,False,4,female,False,False,False,4,3,2,4,2,2,2,2,2,/zfsauton/data/straps/MMPD/processed_dataset/MMPD_SizeW72_SizeH72_ClipLength180_DataTypeRaw_DataAugNone_LabelTypeRaw_Crop_faceTrue_BackendY11F_Large_boxFalse_Large_size1.5_Dyamic_DetTrue_det_len30_Median_face_boxTrue_unsupervised/subject10_L4_MO3_E2_S4_GE2_GL2_H2_MA2_input0.npy | /zfsauton/data/straps/MMPD/processed_dataset/MMPD_SizeW72_SizeH72_ClipLength180_DataTypeRaw_DataAugNone_LabelTypeRaw_Crop_faceTrue_BackendY11F_Large_boxFalse_Large_size1.5_Dyamic_DetTrue_det_len30_Median_face_boxTrue_unsupervised/subject10_L4_MO3_E2_S4_GE2_GL2_H2_MA2_label0.npy,
/zfsauton/data/straps/MMPD/subject10/p10_19.mat,10,19,Nature,Walking,False,4,female,False,False,False,4,4,2,4,2,2,2,2,2,/zfsauton/data/straps/MMPD/processed_dataset/MMPD_SizeW72_SizeH72_ClipLength180_DataTypeRaw_DataAugNone_LabelTypeRaw_Crop_faceTrue_BackendY11F_Large_boxFalse_Large_size1.5_Dyamic_DetTrue_det_len30_Median_face_boxTrue_unsupervised/subject10_L4_MO4_E2_S4_GE2_GL2_H2_MA2_label0.npy | /zfsauton/data/straps/MMPD/processed_dataset/MMPD_SizeW72_SizeH72_ClipLength180_DataTypeRaw_DataAugNone_LabelTypeRaw_Crop_faceTrue_BackendY11F_Large_boxFalse_Large_size1.5_Dyamic_DetTrue_det_len30_Median_face_boxTrue_unsupervised/subject10_L4_MO4_E2_S4_GE2_GL2_H2_MA2_input0.npy,
/zfsauton/data/straps/MMPD/subject10/p10_2.mat,10,2,LED-low,Talking,False,4,female,False,False,False,1,3,2,4,2,2,2,2,2,/zfsauton/data/straps/MMPD/processed_dataset/MMPD_SizeW72_SizeH72_ClipLength180_DataTypeRaw_DataAugNone_LabelTypeRaw_Crop_faceTrue_BackendY11F_Large_boxFalse_Large_size1.5_Dyamic_DetTrue_det_len30_Median_face_boxTrue_unsupervised/subject10_L1_MO3_E2_S4_GE2_GL2_H2_MA2_label0.npy | /zfsauton/data/straps/MMPD/processed_dataset/MMPD_SizeW72_SizeH72_ClipLength180_DataTypeRaw_DataAugNone_LabelTypeRaw_Crop_faceTrue_BackendY11F_Large_boxFalse_Large_size1.5_Dyamic_DetTrue_det_len30_Median_face_boxTrue_unsupervised/subject10_L1_MO3_E2_S4_GE2_GL2_H2_MA2_input0.npy,
/zfsauton/data/straps/MMPD/subject10/p10_3.mat,10,3,LED-low,Walking,False,4,female,False,False,False,1,4,2,4,2,2,2,2,2,/zfsauton/data/straps/MMPD/processed_dataset/MMPD_SizeW72_SizeH72_ClipLength180_DataTypeRaw_DataAugNone_LabelTypeRaw_Crop_faceTrue_BackendY11F_Large_boxFalse_Large_size1.5_Dyamic_DetTrue_det_len30_Median_face_boxTrue_unsupervised/subject10_L1_MO4_E2_S4_GE2_GL2_H2_MA2_input0.npy | /zfsauton/data/straps/MMPD/processed_dataset/MMPD_SizeW72_SizeH72_ClipLength180_DataTypeRaw_DataAugNone_LabelTypeRaw_Crop_faceTrue_BackendY11F_Large_boxFalse_Large_size1.5_Dyamic_DetTrue_det_len30_Median_face_boxTrue_unsupervised/subject10_L1_MO4_E2_S4_GE2_GL2_H2_MA2_label0.npy,
/zfsauton/data/straps/MMPD/subject10/p10_4.mat,10,4,LED-high,Stationary,False,4,female,False,False,False,2,1,2,4,2,2,2,2,2,/zfsauton/data/straps/MMPD/processed_dataset/MMPD_SizeW72_SizeH72_ClipLength180_DataTypeRaw_DataAugNone_LabelTypeRaw_Crop_faceTrue_BackendY11F_Large_boxFalse_Large_size1.5_Dyamic_DetTrue_det_len30_Median_face_boxTrue_unsupervised/subject10_L2_MO1_E2_S4_GE2_GL2_H2_MA2_label0.npy | /zfsauton/data/straps/MMPD/processed_dataset/MMPD_SizeW72_SizeH72_ClipLength180_DataTypeRaw_DataAugNone_LabelTypeRaw_Crop_faceTrue_BackendY11F_Large_boxFalse_Large_size1.5_Dyamic_DetTrue_det_len30_Median_face_boxTrue_unsupervised/subject10_L2_MO1_E2_S4_GE2_GL2_H2_MA2_input0.npy,
/zfsauton/data/straps/MMPD/subject10/p10_5.mat,10,5,LED-high,Rotation,False,4,female,False,False,False,2,2,2,4,2,2,2,2,2,/zfsauton/data/straps/MMPD/processed_dataset/MMPD_SizeW72_SizeH72_ClipLength180_DataTypeRaw_DataAugNone_LabelTypeRaw_Crop_faceTrue_BackendY11F_Large_boxFalse_Large_size1.5_Dyamic_DetTrue_det_len30_Median_face_boxTrue_unsupervised/subject10_L2_MO2_E2_S4_GE2_GL2_H2_MA2_label0.npy | /zfsauton/data/straps/MMPD/processed_dataset/MMPD_SizeW72_SizeH72_ClipLength180_DataTypeRaw_DataAugNone_LabelTypeRaw_Crop_faceTrue_BackendY11F_Large_boxFalse_Large_size1.5_Dyamic_DetTrue_det_len30_Median_face_boxTrue_unsupervised/subject10_L2_MO2_E2_S4_GE2_GL2_H2_MA2_input0.npy,
/zfsauton/data/straps/MMPD/subject10/p10_6.mat,10,6,LED-high,Talking,False,4,female,False,False,False,2,3,2,4,2,2,2,2,2,/zfsauton/data/straps/MMPD/processed_dataset/MMPD_SizeW72_SizeH72_ClipLength180_DataTypeRaw_DataAugNone_LabelTypeRaw_Crop_faceTrue_BackendY11F_Large_boxFalse_Large_size1.5_Dyamic_DetTrue_det_len30_Median_face_boxTrue_unsupervised/subject10_L2_MO3_E2_S4_GE2_GL2_H2_MA2_label0.npy | /zfsauton/data/straps/MMPD/processed_dataset/MMPD_SizeW72_SizeH72_ClipLength180_DataTypeRaw_DataAugNone_LabelTypeRaw_Crop_faceTrue_BackendY11F_Large_boxFalse_Large_size1.5_Dyamic_DetTrue_det_len30_Median_face_boxTrue_unsupervised/subject10_L2_MO3_E2_S4_GE2_GL2_H2_MA2_input0.npy,
/zfsauton/data/straps/MMPD/subject10/p10_7.mat,10,7,LED-high,Walking,False,4,female,False,False,False,2,4,2,4,2,2,2,2,2,/zfsauton/data/straps/MMPD/processed_dataset/MMPD_SizeW72_SizeH72_ClipLength180_DataTypeRaw_DataAugNone_LabelTypeRaw_Crop_faceTrue_BackendY11F_Large_boxFalse_Large_size1.5_Dyamic_DetTrue_det_len30_Median_face_boxTrue_unsupervised/subject10_L2_MO4_E2_S4_GE2_GL2_H2_MA2_input0.npy | /zfsauton/data/straps/MMPD/processed_dataset/MMPD_SizeW72_SizeH72_ClipLength180_DataTypeRaw_DataAugNone_LabelTypeRaw_Crop_faceTrue_BackendY11F_Large_boxFalse_Large_size1.5_Dyamic_DetTrue_det_len30_Median_face_boxTrue_unsupervised/subject10_L2_MO4_E2_S4_GE2_GL2_H2_MA2_label0.npy,
/zfsauton/data/straps/MMPD/subject10/p10_8.mat,10,8,Incandescent,Stationary,False,4,female,False,False,False,3,1,2,4,2,2,2,2,2,/zfsauton/data/straps/MMPD/processed_dataset/MMPD_SizeW72_SizeH72_ClipLength180_DataTypeRaw_DataAugNone_LabelTypeRaw_Crop_faceTrue_BackendY11F_Large_boxFalse_Large_size1.5_Dyamic_DetTrue_det_len30_Median_face_boxTrue_unsupervised/subject10_L3_MO1_E2_S4_GE2_GL2_H2_MA2_input0.npy | /zfsauton/data/straps/MMPD/processed_dataset/MMPD_SizeW72_SizeH72_ClipLength180_DataTypeRaw_DataAugNone_LabelTypeRaw_Crop_faceTrue_BackendY11F_Large_boxFalse_Large_size1.5_Dyamic_DetTrue_det_len30_Median_face_boxTrue_unsupervised/subject10_L3_MO1_E2_S4_GE2_GL2_H2_MA2_label0.npy,
/zfsauton/data/straps/MMPD/subject10/p10_9.mat,10,9,Incandescent,Rotation,False,4,female,False,False,False,3,2,2,4,2,2,2,2,2,/zfsauton/data/straps/MMPD/processed_dataset/MMPD_SizeW72_SizeH72_ClipLength180_DataTypeRaw_DataAugNone_LabelTypeRaw_Crop_faceTrue_BackendY11F_Large_boxFalse_Large_size1.5_Dyamic_DetTrue_det_len30_Median_face_boxTrue_unsupervised/subject10_L3_MO2_E2_S4_GE2_GL2_H2_MA2_input0.npy | /zfsauton/data/straps/MMPD/processed_dataset/MMPD_SizeW72_SizeH72_ClipLength180_DataTypeRaw_DataAugNone_LabelTypeRaw_Crop_faceTrue_BackendY11F_Large_boxFalse_Large_size1.5_Dyamic_DetTrue_det_len30_Median_face_boxTrue_unsupervised/subject10_L3_MO2_E2_S4_GE2_GL2_H2_MA2_label0.npy,
/zfsauton/data/straps/MMPD/subject11/p11_0.mat,11,0,LED-low,Stationary,False,5,male,False,False,False,1,1,2,5,1,2,2,2,2,/zfsauton/data/straps/MMPD/processed_dataset/MMPD_SizeW72_SizeH72_ClipLength180_DataTypeRaw_DataAugNone_LabelTypeRaw_Crop_faceTrue_BackendY11F_Large_boxFalse_Large_size1.5_Dyamic_DetTrue_det_len30_Median_face_boxTrue_unsupervised/subject11_L1_MO1_E2_S5_GE1_GL2_H2_MA2_label0.npy | /zfsauton/data/straps/MMPD/processed_dataset/MMPD_SizeW72_SizeH72_ClipLength180_DataTypeRaw_DataAugNone_LabelTypeRaw_Crop_faceTrue_BackendY11F_Large_boxFalse_Large_size1.5_Dyamic_DetTrue_det_len30_Median_face_boxTrue_unsupervised/subject11_L1_MO1_E2_S5_GE1_GL2_H2_MA2_input0.npy,
/zfsauton/data/straps/MMPD/subject11/p11_1.mat,11,1,LED-low,Rotation,False,5,male,False,False,False,1,2,2,5,1,2,2,2,2,/zfsauton/data/straps/MMPD/processed_dataset/MMPD_SizeW72_SizeH72_ClipLength180_DataTypeRaw_DataAugNone_LabelTypeRaw_Crop_faceTrue_BackendY11F_Large_boxFalse_Large_size1.5_Dyamic_DetTrue_det_len30_Median_face_boxTrue_unsupervised/subject11_L1_MO2_E2_S5_GE1_GL2_H2_MA2_label0.npy | /zfsauton/data/straps/MMPD/processed_dataset/MMPD_SizeW72_SizeH72_ClipLength180_DataTypeRaw_DataAugNone_LabelTypeRaw_Crop_faceTrue_BackendY11F_Large_boxFalse_Large_size1.5_Dyamic_DetTrue_det_len30_Median_face_boxTrue_unsupervised/subject11_L1_MO2_E2_S5_GE1_GL2_H2_MA2_input0.npy,
/zfsauton/data/straps/MMPD/subject11/p11_10.mat,11,10,Incandescent,Talking,False,5,male,False,False,False,3,3,2,5,1,2,2,2,2,/zfsauton/data/straps/MMPD/processed_dataset/MMPD_SizeW72_SizeH72_ClipLength180_DataTypeRaw_DataAugNone_LabelTypeRaw_Crop_faceTrue_BackendY11F_Large_boxFalse_Large_size1.5_Dyamic_DetTrue_det_len30_Median_face_boxTrue_unsupervised/subject11_L3_MO3_E2_S5_GE1_GL2_H2_MA2_input0.npy | /zfsauton/data/straps/MMPD/processed_dataset/MMPD_SizeW72_SizeH72_ClipLength180_DataTypeRaw_DataAugNone_LabelTypeRaw_Crop_faceTrue_BackendY11F_Large_boxFalse_Large_size1.5_Dyamic_DetTrue_det_len30_Median_face_boxTrue_unsupervised/subject11_L3_MO3_E2_S5_GE1_GL2_H2_MA2_label0.npy,
/zfsauton/data/straps/MMPD/subject11/p11_11.mat,11,11,Incandescent,Walking,False,5,male,False,False,False,3,4,2,5,1,2,2,2,2,/zfsauton/data/straps/MMPD/processed_dataset/MMPD_SizeW72_SizeH72_ClipLength180_DataTypeRaw_DataAugNone_LabelTypeRaw_Crop_faceTrue_BackendY11F_Large_boxFalse_Large_size1.5_Dyamic_DetTrue_det_len30_Median_face_boxTrue_unsupervised/subject11_L3_MO4_E2_S5_GE1_GL2_H2_MA2_label0.npy | /zfsauton/data/straps/MMPD/processed_dataset/MMPD_SizeW72_SizeH72_ClipLength180_DataTypeRaw_DataAugNone_LabelTypeRaw_Crop_faceTrue_BackendY11F_Large_boxFalse_Large_size1.5_Dyamic_DetTrue_det_len30_Median_face_boxTrue_unsupervised/subject11_L3_MO4_E2_S5_GE1_GL2_H2_MA2_input0.npy,
/zfsauton/data/straps/MMPD/subject11/p11_12.mat,11,12,Incandescent,Stationary (after exercise),True,5,male,False,False,False,3,1,1,5,1,2,2,2,2,/zfsauton/data/straps/MMPD/processed_dataset/MMPD_SizeW72_SizeH72_ClipLength180_DataTypeRaw_DataAugNone_LabelTypeRaw_Crop_faceTrue_BackendY11F_Large_boxFalse_Large_size1.5_Dyamic_DetTrue_det_len30_Median_face_boxTrue_unsupervised/subject11_L3_MO1_E1_S5_GE1_GL2_H2_MA2_label0.npy | /zfsauton/data/straps/MMPD/processed_dataset/MMPD_SizeW72_SizeH72_ClipLength180_DataTypeRaw_DataAugNone_LabelTypeRaw_Crop_faceTrue_BackendY11F_Large_boxFalse_Large_size1.5_Dyamic_DetTrue_det_len30_Median_face_boxTrue_unsupervised/subject11_L3_MO1_E1_S5_GE1_GL2_H2_MA2_input0.npy,
/zfsauton/data/straps/MMPD/subject11/p11_13.mat,11,13,LED-high,Stationary (after exercise),True,5,male,False,False,False,2,1,1,5,1,2,2,2,2,/zfsauton/data/straps/MMPD/processed_dataset/MMPD_SizeW72_SizeH72_ClipLength180_DataTypeRaw_DataAugNone_LabelTypeRaw_Crop_faceTrue_BackendY11F_Large_boxFalse_Large_size1.5_Dyamic_DetTrue_det_len30_Median_face_boxTrue_unsupervised/subject11_L2_MO1_E1_S5_GE1_GL2_H2_MA2_input0.npy | /zfsauton/data/straps/MMPD/processed_dataset/MMPD_SizeW72_SizeH72_ClipLength180_DataTypeRaw_DataAugNone_LabelTypeRaw_Crop_faceTrue_BackendY11F_Large_boxFalse_Large_size1.5_Dyamic_DetTrue_det_len30_Median_face_boxTrue_unsupervised/subject11_L2_MO1_E1_S5_GE1_GL2_H2_MA2_label0.npy,
/zfsauton/data/straps/MMPD/subject11/p11_14.mat,11,14,LED-low,Stationary (after exercise),True,5,male,False,False,False,1,1,1,5,1,2,2,2,2,/zfsauton/data/straps/MMPD/processed_dataset/MMPD_SizeW72_SizeH72_ClipLength180_DataTypeRaw_DataAugNone_LabelTypeRaw_Crop_faceTrue_BackendY11F_Large_boxFalse_Large_size1.5_Dyamic_DetTrue_det_len30_Median_face_boxTrue_unsupervised/subject11_L1_MO1_E1_S5_GE1_GL2_H2_MA2_input0.npy | /zfsauton/data/straps/MMPD/processed_dataset/MMPD_SizeW72_SizeH72_ClipLength180_DataTypeRaw_DataAugNone_LabelTypeRaw_Crop_faceTrue_BackendY11F_Large_boxFalse_Large_size1.5_Dyamic_DetTrue_det_len30_Median_face_boxTrue_unsupervised/subject11_L1_MO1_E1_S5_GE1_GL2_H2_MA2_label0.npy,
/zfsauton/data/straps/MMPD/subject11/p11_15.mat,11,15,Nature,Stationary (after exercise),True,5,male,False,False,False,4,1,1,5,1,2,2,2,2,/zfsauton/data/straps/MMPD/processed_dataset/MMPD_SizeW72_SizeH72_ClipLength180_DataTypeRaw_DataAugNone_LabelTypeRaw_Crop_faceTrue_BackendY11F_Large_boxFalse_Large_size1.5_Dyamic_DetTrue_det_len30_Median_face_boxTrue_unsupervised/subject11_L4_MO1_E1_S5_GE1_GL2_H2_MA2_label0.npy | /zfsauton/data/straps/MMPD/processed_dataset/MMPD_SizeW72_SizeH72_ClipLength180_DataTypeRaw_DataAugNone_LabelTypeRaw_Crop_faceTrue_BackendY11F_Large_boxFalse_Large_size1.5_Dyamic_DetTrue_det_len30_Median_face_boxTrue_unsupervised/subject11_L4_MO1_E1_S5_GE1_GL2_H2_MA2_input0.npy,
/zfsauton/data/straps/MMPD/subject11/p11_16.mat,11,16,Nature,Stationary,False,5,male,False,False,False,4,1,2,5,1,2,2,2,2,/zfsauton/data/straps/MMPD/processed_dataset/MMPD_SizeW72_SizeH72_ClipLength180_DataTypeRaw_DataAugNone_LabelTypeRaw_Crop_faceTrue_BackendY11F_Large_boxFalse_Large_size1.5_Dyamic_DetTrue_det_len30_Median_face_boxTrue_unsupervised/subject11_L4_MO1_E2_S5_GE1_GL2_H2_MA2_input0.npy | /zfsauton/data/straps/MMPD/processed_dataset/MMPD_SizeW72_SizeH72_ClipLength180_DataTypeRaw_DataAugNone_LabelTypeRaw_Crop_faceTrue_BackendY11F_Large_boxFalse_Large_size1.5_Dyamic_DetTrue_det_len30_Median_face_boxTrue_unsupervised/subject11_L4_MO1_E2_S5_GE1_GL2_H2_MA2_label0.npy,
/zfsauton/data/straps/MMPD/subject11/p11_17.mat,11,17,Nature,Rotation,False,5,male,False,False,False,4,2,2,5,1,2,2,2,2,/zfsauton/data/straps/MMPD/processed_dataset/MMPD_SizeW72_SizeH72_ClipLength180_DataTypeRaw_DataAugNone_LabelTypeRaw_Crop_faceTrue_BackendY11F_Large_boxFalse_Large_size1.5_Dyamic_DetTrue_det_len30_Median_face_boxTrue_unsupervised/subject11_L4_MO2_E2_S5_GE1_GL2_H2_MA2_input0.npy | /zfsauton/data/straps/MMPD/processed_dataset/MMPD_SizeW72_SizeH72_ClipLength180_DataTypeRaw_DataAugNone_LabelTypeRaw_Crop_faceTrue_BackendY11F_Large_boxFalse_Large_size1.5_Dyamic_DetTrue_det_len30_Median_face_boxTrue_unsupervised/subject11_L4_MO2_E2_S5_GE1_GL2_H2_MA2_label0.npy,
/zfsauton/data/straps/MMPD/subject11/p11_18.mat,11,18,Nature,Talking,False,5,male,False,False,False,4,3,2,5,1,2,2,2,2,/zfsauton/data/straps/MMPD/processed_dataset/MMPD_SizeW72_SizeH72_ClipLength180_DataTypeRaw_DataAugNone_LabelTypeRaw_Crop_faceTrue_BackendY11F_Large_boxFalse_Large_size1.5_Dyamic_DetTrue_det_len30_Median_face_boxTrue_unsupervised/subject11_L4_MO3_E2_S5_GE1_GL2_H2_MA2_input0.npy | /zfsauton/data/straps/MMPD/processed_dataset/MMPD_SizeW72_SizeH72_ClipLength180_DataTypeRaw_DataAugNone_LabelTypeRaw_Crop_faceTrue_BackendY11F_Large_boxFalse_Large_size1.5_Dyamic_DetTrue_det_len30_Median_face_boxTrue_unsupervised/subject11_L4_MO3_E2_S5_GE1_GL2_H2_MA2_label0.npy,
/zfsauton/data/straps/MMPD/subject11/p11_19.mat,11,19,Nature,Walking,False,5,male,False,False,False,4,4,2,5,1,2,2,2,2,/zfsauton/data/straps/MMPD/processed_dataset/MMPD_SizeW72_SizeH72_ClipLength180_DataTypeRaw_DataAugNone_LabelTypeRaw_Crop_faceTrue_BackendY11F_Large_boxFalse_Large_size1.5_Dyamic_DetTrue_det_len30_Median_face_boxTrue_unsupervised/subject11_L4_MO4_E2_S5_GE1_GL2_H2_MA2_label0.npy | /zfsauton/data/straps/MMPD/processed_dataset/MMPD_SizeW72_SizeH72_ClipLength180_DataTypeRaw_DataAugNone_LabelTypeRaw_Crop_faceTrue_BackendY11F_Large_boxFalse_Large_size1.5_Dyamic_DetTrue_det_len30_Median_face_boxTrue_unsupervised/subject11_L4_MO4_E2_S5_GE1_GL2_H2_MA2_input0.npy,
/zfsauton/data/straps/MMPD/subject11/p11_2.mat,11,2,LED-low,Talking,False,5,male,False,False,False,1,3,2,5,1,2,2,2,2,/zfsauton/data/straps/MMPD/processed_dataset/MMPD_SizeW72_SizeH72_ClipLength180_DataTypeRaw_DataAugNone_LabelTypeRaw_Crop_faceTrue_BackendY11F_Large_boxFalse_Large_size1.5_Dyamic_DetTrue_det_len30_Median_face_boxTrue_unsupervised/subject11_L1_MO3_E2_S5_GE1_GL2_H2_MA2_label0.npy | /zfsauton/data/straps/MMPD/processed_dataset/MMPD_SizeW72_SizeH72_ClipLength180_DataTypeRaw_DataAugNone_LabelTypeRaw_Crop_faceTrue_BackendY11F_Large_boxFalse_Large_size1.5_Dyamic_DetTrue_det_len30_Median_face_boxTrue_unsupervised/subject11_L1_MO3_E2_S5_GE1_GL2_H2_MA2_input0.npy,
/zfsauton/data/straps/MMPD/subject11/p11_3.mat,11,3,LED-low,Walking,False,5,male,False,False,False,1,4,2,5,1,2,2,2,2,/zfsauton/data/straps/MMPD/processed_dataset/MMPD_SizeW72_SizeH72_ClipLength180_DataTypeRaw_DataAugNone_LabelTypeRaw_Crop_faceTrue_BackendY11F_Large_boxFalse_Large_size1.5_Dyamic_DetTrue_det_len30_Median_face_boxTrue_unsupervised/subject11_L1_MO4_E2_S5_GE1_GL2_H2_MA2_input0.npy | /zfsauton/data/straps/MMPD/processed_dataset/MMPD_SizeW72_SizeH72_ClipLength180_DataTypeRaw_DataAugNone_LabelTypeRaw_Crop_faceTrue_BackendY11F_Large_boxFalse_Large_size1.5_Dyamic_DetTrue_det_len30_Median_face_boxTrue_unsupervised/subject11_L1_MO4_E2_S5_GE1_GL2_H2_MA2_label0.npy,
/zfsauton/data/straps/MMPD/subject11/p11_4.mat,11,4,LED-high,Stationary,False,5,male,False,False,False,2,1,2,5,1,2,2,2,2,/zfsauton/data/straps/MMPD/processed_dataset/MMPD_SizeW72_SizeH72_ClipLength180_DataTypeRaw_DataAugNone_LabelTypeRaw_Crop_faceTrue_BackendY11F_Large_boxFalse_Large_size1.5_Dyamic_DetTrue_det_len30_Median_face_boxTrue_unsupervised/subject11_L2_MO1_E2_S5_GE1_GL2_H2_MA2_label0.npy | /zfsauton/data/straps/MMPD/processed_dataset/MMPD_SizeW72_SizeH72_ClipLength180_DataTypeRaw_DataAugNone_LabelTypeRaw_Crop_faceTrue_BackendY11F_Large_boxFalse_Large_size1.5_Dyamic_DetTrue_det_len30_Median_face_boxTrue_unsupervised/subject11_L2_MO1_E2_S5_GE1_GL2_H2_MA2_input0.npy,
/zfsauton/data/straps/MMPD/subject11/p11_5.mat,11,5,LED-high,Rotation,False,5,male,False,False,False,2,2,2,5,1,2,2,2,2,/zfsauton/data/straps/MMPD/processed_dataset/MMPD_SizeW72_SizeH72_ClipLength180_DataTypeRaw_DataAugNone_LabelTypeRaw_Crop_faceTrue_BackendY11F_Large_boxFalse_Large_size1.5_Dyamic_DetTrue_det_len30_Median_face_boxTrue_unsupervised/subject11_L2_MO2_E2_S5_GE1_GL2_H2_MA2_label0.npy | /zfsauton/data/straps/MMPD/processed_dataset/MMPD_SizeW72_SizeH72_ClipLength180_DataTypeRaw_DataAugNone_LabelTypeRaw_Crop_faceTrue_BackendY11F_Large_boxFalse_Large_size1.5_Dyamic_DetTrue_det_len30_Median_face_boxTrue_unsupervised/subject11_L2_MO2_E2_S5_GE1_GL2_H2_MA2_input0.npy,
/zfsauton/data/straps/MMPD/subject11/p11_6.mat,11,6,LED-high,Talking,False,5,male,False,False,False,2,3,2,5,1,2,2,2,2,/zfsauton/data/straps/MMPD/processed_dataset/MMPD_SizeW72_SizeH72_ClipLength180_DataTypeRaw_DataAugNone_LabelTypeRaw_Crop_faceTrue_BackendY11F_Large_boxFalse_Large_size1.5_Dyamic_DetTrue_det_len30_Median_face_boxTrue_unsupervised/subject11_L2_MO3_E2_S5_GE1_GL2_H2_MA2_label0.npy | /zfsauton/data/straps/MMPD/processed_dataset/MMPD_SizeW72_SizeH72_ClipLength180_DataTypeRaw_DataAugNone_LabelTypeRaw_Crop_faceTrue_BackendY11F_Large_boxFalse_Large_size1.5_Dyamic_DetTrue_det_len30_Median_face_boxTrue_unsupervised/subject11_L2_MO3_E2_S5_GE1_GL2_H2_MA2_input0.npy,
/zfsauton/data/straps/MMPD/subject11/p11_7.mat,11,7,LED-high,Walking,False,5,male,False,False,False,2,4,2,5,1,2,2,2,2,/zfsauton/data/straps/MMPD/processed_dataset/MMPD_SizeW72_SizeH72_ClipLength180_DataTypeRaw_DataAugNone_LabelTypeRaw_Crop_faceTrue_BackendY11F_Large_boxFalse_Large_size1.5_Dyamic_DetTrue_det_len30_Median_face_boxTrue_unsupervised/subject11_L2_MO4_E2_S5_GE1_GL2_H2_MA2_input0.npy | /zfsauton/data/straps/MMPD/processed_dataset/MMPD_SizeW72_SizeH72_ClipLength180_DataTypeRaw_DataAugNone_LabelTypeRaw_Crop_faceTrue_BackendY11F_Large_boxFalse_Large_size1.5_Dyamic_DetTrue_det_len30_Median_face_boxTrue_unsupervised/subject11_L2_MO4_E2_S5_GE1_GL2_H2_MA2_label0.npy,
/zfsauton/data/straps/MMPD/subject11/p11_8.mat,11,8,Incandescent,Stationary,False,5,male,False,False,False,3,1,2,5,1,2,2,2,2,/zfsauton/data/straps/MMPD/processed_dataset/MMPD_SizeW72_SizeH72_ClipLength180_DataTypeRaw_DataAugNone_LabelTypeRaw_Crop_faceTrue_BackendY11F_Large_boxFalse_Large_size1.5_Dyamic_DetTrue_det_len30_Median_face_boxTrue_unsupervised/subject11_L3_MO1_E2_S5_GE1_GL2_H2_MA2_input0.npy | /zfsauton/data/straps/MMPD/processed_dataset/MMPD_SizeW72_SizeH72_ClipLength180_DataTypeRaw_DataAugNone_LabelTypeRaw_Crop_faceTrue_BackendY11F_Large_boxFalse_Large_size1.5_Dyamic_DetTrue_det_len30_Median_face_boxTrue_unsupervised/subject11_L3_MO1_E2_S5_GE1_GL2_H2_MA2_label0.npy,
/zfsauton/data/straps/MMPD/subject11/p11_9.mat,11,9,Incandescent,Rotation,False,5,male,False,False,False,3,2,2,5,1,2,2,2,2,/zfsauton/data/straps/MMPD/processed_dataset/MMPD_SizeW72_SizeH72_ClipLength180_DataTypeRaw_DataAugNone_LabelTypeRaw_Crop_faceTrue_BackendY11F_Large_boxFalse_Large_size1.5_Dyamic_DetTrue_det_len30_Median_face_boxTrue_unsupervised/subject11_L3_MO2_E2_S5_GE1_GL2_H2_MA2_input0.npy | /zfsauton/data/straps/MMPD/processed_dataset/MMPD_SizeW72_SizeH72_ClipLength180_DataTypeRaw_DataAugNone_LabelTypeRaw_Crop_faceTrue_BackendY11F_Large_boxFalse_Large_size1.5_Dyamic_DetTrue_det_len30_Median_face_boxTrue_unsupervised/subject11_L3_MO2_E2_S5_GE1_GL2_H2_MA2_label0.npy,
/zfsauton/data/straps/MMPD/subject12/p12_0.mat,12,0,LED-low,Stationary,False,3,female,True,False,False,1,1,2,3,2,1,2,2,2,/zfsauton/data/straps/MMPD/processed_dataset/MMPD_SizeW72_SizeH72_ClipLength180_DataTypeRaw_DataAugNone_LabelTypeRaw_Crop_faceTrue_BackendY11F_Large_boxFalse_Large_size1.5_Dyamic_DetTrue_det_len30_Median_face_boxTrue_unsupervised/subject12_L1_MO1_E2_S3_GE2_GL1_H2_MA2_label0.npy | /zfsauton/data/straps/MMPD/processed_dataset/MMPD_SizeW72_SizeH72_ClipLength180_DataTypeRaw_DataAugNone_LabelTypeRaw_Crop_faceTrue_BackendY11F_Large_boxFalse_Large_size1.5_Dyamic_DetTrue_det_len30_Median_face_boxTrue_unsupervised/subject12_L1_MO1_E2_S3_GE2_GL1_H2_MA2_input0.npy,
/zfsauton/data/straps/MMPD/subject12/p12_1.mat,12,1,LED-low,Rotation,False,3,female,True,False,False,1,2,2,3,2,1,2,2,2,/zfsauton/data/straps/MMPD/processed_dataset/MMPD_SizeW72_SizeH72_ClipLength180_DataTypeRaw_DataAugNone_LabelTypeRaw_Crop_faceTrue_BackendY11F_Large_boxFalse_Large_size1.5_Dyamic_DetTrue_det_len30_Median_face_boxTrue_unsupervised/subject12_L1_MO2_E2_S3_GE2_GL1_H2_MA2_label0.npy | /zfsauton/data/straps/MMPD/processed_dataset/MMPD_SizeW72_SizeH72_ClipLength180_DataTypeRaw_DataAugNone_LabelTypeRaw_Crop_faceTrue_BackendY11F_Large_boxFalse_Large_size1.5_Dyamic_DetTrue_det_len30_Median_face_boxTrue_unsupervised/subject12_L1_MO2_E2_S3_GE2_GL1_H2_MA2_input0.npy,
/zfsauton/data/straps/MMPD/subject12/p12_10.mat,12,10,Incandescent,Talking,False,3,female,True,False,False,3,3,2,3,2,1,2,2,2,/zfsauton/data/straps/MMPD/processed_dataset/MMPD_SizeW72_SizeH72_ClipLength180_DataTypeRaw_DataAugNone_LabelTypeRaw_Crop_faceTrue_BackendY11F_Large_boxFalse_Large_size1.5_Dyamic_DetTrue_det_len30_Median_face_boxTrue_unsupervised/subject12_L3_MO3_E2_S3_GE2_GL1_H2_MA2_input0.npy | /zfsauton/data/straps/MMPD/processed_dataset/MMPD_SizeW72_SizeH72_ClipLength180_DataTypeRaw_DataAugNone_LabelTypeRaw_Crop_faceTrue_BackendY11F_Large_boxFalse_Large_size1.5_Dyamic_DetTrue_det_len30_Median_face_boxTrue_unsupervised/subject12_L3_MO3_E2_S3_GE2_GL1_H2_MA2_label0.npy,
/zfsauton/data/straps/MMPD/subject12/p12_11.mat,12,11,Incandescent,Walking,False,3,female,True,False,False,3,4,2,3,2,1,2,2,2,/zfsauton/data/straps/MMPD/processed_dataset/MMPD_SizeW72_SizeH72_ClipLength180_DataTypeRaw_DataAugNone_LabelTypeRaw_Crop_faceTrue_BackendY11F_Large_boxFalse_Large_size1.5_Dyamic_DetTrue_det_len30_Median_face_boxTrue_unsupervised/subject12_L3_MO4_E2_S3_GE2_GL1_H2_MA2_label0.npy | /zfsauton/data/straps/MMPD/processed_dataset/MMPD_SizeW72_SizeH72_ClipLength180_DataTypeRaw_DataAugNone_LabelTypeRaw_Crop_faceTrue_BackendY11F_Large_boxFalse_Large_size1.5_Dyamic_DetTrue_det_len30_Median_face_boxTrue_unsupervised/subject12_L3_MO4_E2_S3_GE2_GL1_H2_MA2_input0.npy,
/zfsauton/data/straps/MMPD/subject12/p12_12.mat,12,12,Incandescent,Stationary (after exercise),True,3,female,True,False,False,3,1,1,3,2,1,2,2,2,/zfsauton/data/straps/MMPD/processed_dataset/MMPD_SizeW72_SizeH72_ClipLength180_DataTypeRaw_DataAugNone_LabelTypeRaw_Crop_faceTrue_BackendY11F_Large_boxFalse_Large_size1.5_Dyamic_DetTrue_det_len30_Median_face_boxTrue_unsupervised/subject12_L3_MO1_E1_S3_GE2_GL1_H2_MA2_label0.npy | /zfsauton/data/straps/MMPD/processed_dataset/MMPD_SizeW72_SizeH72_ClipLength180_DataTypeRaw_DataAugNone_LabelTypeRaw_Crop_faceTrue_BackendY11F_Large_boxFalse_Large_size1.5_Dyamic_DetTrue_det_len30_Median_face_boxTrue_unsupervised/subject12_L3_MO1_E1_S3_GE2_GL1_H2_MA2_input0.npy,
/zfsauton/data/straps/MMPD/subject12/p12_13.mat,12,13,LED-high,Stationary (after exercise),True,3,female,True,False,False,2,1,1,3,2,1,2,2,2,/zfsauton/data/straps/MMPD/processed_dataset/MMPD_SizeW72_SizeH72_ClipLength180_DataTypeRaw_DataAugNone_LabelTypeRaw_Crop_faceTrue_BackendY11F_Large_boxFalse_Large_size1.5_Dyamic_DetTrue_det_len30_Median_face_boxTrue_unsupervised/subject12_L2_MO1_E1_S3_GE2_GL1_H2_MA2_input0.npy | /zfsauton/data/straps/MMPD/processed_dataset/MMPD_SizeW72_SizeH72_ClipLength180_DataTypeRaw_DataAugNone_LabelTypeRaw_Crop_faceTrue_BackendY11F_Large_boxFalse_Large_size1.5_Dyamic_DetTrue_det_len30_Median_face_boxTrue_unsupervised/subject12_L2_MO1_E1_S3_GE2_GL1_H2_MA2_label0.npy,
/zfsauton/data/straps/MMPD/subject12/p12_14.mat,12,14,LED-low,Stationary (after exercise),True,3,female,True,False,False,1,1,1,3,2,1,2,2,2,/zfsauton/data/straps/MMPD/processed_dataset/MMPD_SizeW72_SizeH72_ClipLength180_DataTypeRaw_DataAugNone_LabelTypeRaw_Crop_faceTrue_BackendY11F_Large_boxFalse_Large_size1.5_Dyamic_DetTrue_det_len30_Median_face_boxTrue_unsupervised/subject12_L1_MO1_E1_S3_GE2_GL1_H2_MA2_input0.npy | /zfsauton/data/straps/MMPD/processed_dataset/MMPD_SizeW72_SizeH72_ClipLength180_DataTypeRaw_DataAugNone_LabelTypeRaw_Crop_faceTrue_BackendY11F_Large_boxFalse_Large_size1.5_Dyamic_DetTrue_det_len30_Median_face_boxTrue_unsupervised/subject12_L1_MO1_E1_S3_GE2_GL1_H2_MA2_label0.npy,
/zfsauton/data/straps/MMPD/subject12/p12_15.mat,12,15,Nature,Stationary (after exercise),True,3,female,True,False,False,4,1,1,3,2,1,2,2,2,/zfsauton/data/straps/MMPD/processed_dataset/MMPD_SizeW72_SizeH72_ClipLength180_DataTypeRaw_DataAugNone_LabelTypeRaw_Crop_faceTrue_BackendY11F_Large_boxFalse_Large_size1.5_Dyamic_DetTrue_det_len30_Median_face_boxTrue_unsupervised/subject12_L4_MO1_E1_S3_GE2_GL1_H2_MA2_label0.npy | /zfsauton/data/straps/MMPD/processed_dataset/MMPD_SizeW72_SizeH72_ClipLength180_DataTypeRaw_DataAugNone_LabelTypeRaw_Crop_faceTrue_BackendY11F_Large_boxFalse_Large_size1.5_Dyamic_DetTrue_det_len30_Median_face_boxTrue_unsupervised/subject12_L4_MO1_E1_S3_GE2_GL1_H2_MA2_input0.npy,
/zfsauton/data/straps/MMPD/subject12/p12_16.mat,12,16,Nature,Stationary,False,3,female,True,False,False,4,1,2,3,2,1,2,2,2,/zfsauton/data/straps/MMPD/processed_dataset/MMPD_SizeW72_SizeH72_ClipLength180_DataTypeRaw_DataAugNone_LabelTypeRaw_Crop_faceTrue_BackendY11F_Large_boxFalse_Large_size1.5_Dyamic_DetTrue_det_len30_Median_face_boxTrue_unsupervised/subject12_L4_MO1_E2_S3_GE2_GL1_H2_MA2_input0.npy | /zfsauton/data/straps/MMPD/processed_dataset/MMPD_SizeW72_SizeH72_ClipLength180_DataTypeRaw_DataAugNone_LabelTypeRaw_Crop_faceTrue_BackendY11F_Large_boxFalse_Large_size1.5_Dyamic_DetTrue_det_len30_Median_face_boxTrue_unsupervised/subject12_L4_MO1_E2_S3_GE2_GL1_H2_MA2_label0.npy,
/zfsauton/data/straps/MMPD/subject12/p12_17.mat,12,17,Nature,Rotation,False,3,female,True,False,False,4,2,2,3,2,1,2,2,2,/zfsauton/data/straps/MMPD/processed_dataset/MMPD_SizeW72_SizeH72_ClipLength180_DataTypeRaw_DataAugNone_LabelTypeRaw_Crop_faceTrue_BackendY11F_Large_boxFalse_Large_size1.5_Dyamic_DetTrue_det_len30_Median_face_boxTrue_unsupervised/subject12_L4_MO2_E2_S3_GE2_GL1_H2_MA2_input0.npy | /zfsauton/data/straps/MMPD/processed_dataset/MMPD_SizeW72_SizeH72_ClipLength180_DataTypeRaw_DataAugNone_LabelTypeRaw_Crop_faceTrue_BackendY11F_Large_boxFalse_Large_size1.5_Dyamic_DetTrue_det_len30_Median_face_boxTrue_unsupervised/subject12_L4_MO2_E2_S3_GE2_GL1_H2_MA2_label0.npy,
/zfsauton/data/straps/MMPD/subject12/p12_18.mat,12,18,Nature,Talking,False,3,female,True,False,False,4,3,2,3,2,1,2,2,2,/zfsauton/data/straps/MMPD/processed_dataset/MMPD_SizeW72_SizeH72_ClipLength180_DataTypeRaw_DataAugNone_LabelTypeRaw_Crop_faceTrue_BackendY11F_Large_boxFalse_Large_size1.5_Dyamic_DetTrue_det_len30_Median_face_boxTrue_unsupervised/subject12_L4_MO3_E2_S3_GE2_GL1_H2_MA2_input0.npy | /zfsauton/data/straps/MMPD/processed_dataset/MMPD_SizeW72_SizeH72_ClipLength180_DataTypeRaw_DataAugNone_LabelTypeRaw_Crop_faceTrue_BackendY11F_Large_boxFalse_Large_size1.5_Dyamic_DetTrue_det_len30_Median_face_boxTrue_unsupervised/subject12_L4_MO3_E2_S3_GE2_GL1_H2_MA2_label0.npy,
/zfsauton/data/straps/MMPD/subject12/p12_19.mat,12,19,Nature,Walking,False,3,female,True,False,False,4,4,2,3,2,1,2,2,2,/zfsauton/data/straps/MMPD/processed_dataset/MMPD_SizeW72_SizeH72_ClipLength180_DataTypeRaw_DataAugNone_LabelTypeRaw_Crop_faceTrue_BackendY11F_Large_boxFalse_Large_size1.5_Dyamic_DetTrue_det_len30_Median_face_boxTrue_unsupervised/subject12_L4_MO4_E2_S3_GE2_GL1_H2_MA2_label0.npy | /zfsauton/data/straps/MMPD/processed_dataset/MMPD_SizeW72_SizeH72_ClipLength180_DataTypeRaw_DataAugNone_LabelTypeRaw_Crop_faceTrue_BackendY11F_Large_boxFalse_Large_size1.5_Dyamic_DetTrue_det_len30_Median_face_boxTrue_unsupervised/subject12_L4_MO4_E2_S3_GE2_GL1_H2_MA2_input0.npy,
/zfsauton/data/straps/MMPD/subject12/p12_2.mat,12,2,LED-low,Talking,False,3,female,True,False,False,1,3,2,3,2,1,2,2,2,/zfsauton/data/straps/MMPD/processed_dataset/MMPD_SizeW72_SizeH72_ClipLength180_DataTypeRaw_DataAugNone_LabelTypeRaw_Crop_faceTrue_BackendY11F_Large_boxFalse_Large_size1.5_Dyamic_DetTrue_det_len30_Median_face_boxTrue_unsupervised/subject12_L1_MO3_E2_S3_GE2_GL1_H2_MA2_label0.npy | /zfsauton/data/straps/MMPD/processed_dataset/MMPD_SizeW72_SizeH72_ClipLength180_DataTypeRaw_DataAugNone_LabelTypeRaw_Crop_faceTrue_BackendY11F_Large_boxFalse_Large_size1.5_Dyamic_DetTrue_det_len30_Median_face_boxTrue_unsupervised/subject12_L1_MO3_E2_S3_GE2_GL1_H2_MA2_input0.npy,
/zfsauton/data/straps/MMPD/subject12/p12_3.mat,12,3,LED-low,Walking,False,3,female,True,False,False,1,4,2,3,2,1,2,2,2,/zfsauton/data/straps/MMPD/processed_dataset/MMPD_SizeW72_SizeH72_ClipLength180_DataTypeRaw_DataAugNone_LabelTypeRaw_Crop_faceTrue_BackendY11F_Large_boxFalse_Large_size1.5_Dyamic_DetTrue_det_len30_Median_face_boxTrue_unsupervised/subject12_L1_MO4_E2_S3_GE2_GL1_H2_MA2_input0.npy | /zfsauton/data/straps/MMPD/processed_dataset/MMPD_SizeW72_SizeH72_ClipLength180_DataTypeRaw_DataAugNone_LabelTypeRaw_Crop_faceTrue_BackendY11F_Large_boxFalse_Large_size1.5_Dyamic_DetTrue_det_len30_Median_face_boxTrue_unsupervised/subject12_L1_MO4_E2_S3_GE2_GL1_H2_MA2_label0.npy,
/zfsauton/data/straps/MMPD/subject12/p12_4.mat,12,4,LED-high,Stationary,False,3,female,True,False,False,2,1,2,3,2,1,2,2,2,/zfsauton/data/straps/MMPD/processed_dataset/MMPD_SizeW72_SizeH72_ClipLength180_DataTypeRaw_DataAugNone_LabelTypeRaw_Crop_faceTrue_BackendY11F_Large_boxFalse_Large_size1.5_Dyamic_DetTrue_det_len30_Median_face_boxTrue_unsupervised/subject12_L2_MO1_E2_S3_GE2_GL1_H2_MA2_label0.npy | /zfsauton/data/straps/MMPD/processed_dataset/MMPD_SizeW72_SizeH72_ClipLength180_DataTypeRaw_DataAugNone_LabelTypeRaw_Crop_faceTrue_BackendY11F_Large_boxFalse_Large_size1.5_Dyamic_DetTrue_det_len30_Median_face_boxTrue_unsupervised/subject12_L2_MO1_E2_S3_GE2_GL1_H2_MA2_input0.npy,
/zfsauton/data/straps/MMPD/subject12/p12_5.mat,12,5,LED-high,Rotation,False,3,female,True,False,False,2,2,2,3,2,1,2,2,2,/zfsauton/data/straps/MMPD/processed_dataset/MMPD_SizeW72_SizeH72_ClipLength180_DataTypeRaw_DataAugNone_LabelTypeRaw_Crop_faceTrue_BackendY11F_Large_boxFalse_Large_size1.5_Dyamic_DetTrue_det_len30_Median_face_boxTrue_unsupervised/subject12_L2_MO2_E2_S3_GE2_GL1_H2_MA2_label0.npy | /zfsauton/data/straps/MMPD/processed_dataset/MMPD_SizeW72_SizeH72_ClipLength180_DataTypeRaw_DataAugNone_LabelTypeRaw_Crop_faceTrue_BackendY11F_Large_boxFalse_Large_size1.5_Dyamic_DetTrue_det_len30_Median_face_boxTrue_unsupervised/subject12_L2_MO2_E2_S3_GE2_GL1_H2_MA2_input0.npy,
/zfsauton/data/straps/MMPD/subject12/p12_6.mat,12,6,LED-high,Talking,False,3,female,True,False,False,2,3,2,3,2,1,2,2,2,/zfsauton/data/straps/MMPD/processed_dataset/MMPD_SizeW72_SizeH72_ClipLength180_DataTypeRaw_DataAugNone_LabelTypeRaw_Crop_faceTrue_BackendY11F_Large_boxFalse_Large_size1.5_Dyamic_DetTrue_det_len30_Median_face_boxTrue_unsupervised/subject12_L2_MO3_E2_S3_GE2_GL1_H2_MA2_label0.npy | /zfsauton/data/straps/MMPD/processed_dataset/MMPD_SizeW72_SizeH72_ClipLength180_DataTypeRaw_DataAugNone_LabelTypeRaw_Crop_faceTrue_BackendY11F_Large_boxFalse_Large_size1.5_Dyamic_DetTrue_det_len30_Median_face_boxTrue_unsupervised/subject12_L2_MO3_E2_S3_GE2_GL1_H2_MA2_input0.npy,
/zfsauton/data/straps/MMPD/subject12/p12_7.mat,12,7,LED-high,Walking,False,3,female,True,False,False,2,4,2,3,2,1,2,2,2,/zfsauton/data/straps/MMPD/processed_dataset/MMPD_SizeW72_SizeH72_ClipLength180_DataTypeRaw_DataAugNone_LabelTypeRaw_Crop_faceTrue_BackendY11F_Large_boxFalse_Large_size1.5_Dyamic_DetTrue_det_len30_Median_face_boxTrue_unsupervised/subject12_L2_MO4_E2_S3_GE2_GL1_H2_MA2_input0.npy | /zfsauton/data/straps/MMPD/processed_dataset/MMPD_SizeW72_SizeH72_ClipLength180_DataTypeRaw_DataAugNone_LabelTypeRaw_Crop_faceTrue_BackendY11F_Large_boxFalse_Large_size1.5_Dyamic_DetTrue_det_len30_Median_face_boxTrue_unsupervised/subject12_L2_MO4_E2_S3_GE2_GL1_H2_MA2_label0.npy,
/zfsauton/data/straps/MMPD/subject12/p12_8.mat,12,8,Incandescent,Stationary,False,3,female,True,False,False,3,1,2,3,2,1,2,2,2,/zfsauton/data/straps/MMPD/processed_dataset/MMPD_SizeW72_SizeH72_ClipLength180_DataTypeRaw_DataAugNone_LabelTypeRaw_Crop_faceTrue_BackendY11F_Large_boxFalse_Large_size1.5_Dyamic_DetTrue_det_len30_Median_face_boxTrue_unsupervised/subject12_L3_MO1_E2_S3_GE2_GL1_H2_MA2_input0.npy | /zfsauton/data/straps/MMPD/processed_dataset/MMPD_SizeW72_SizeH72_ClipLength180_DataTypeRaw_DataAugNone_LabelTypeRaw_Crop_faceTrue_BackendY11F_Large_boxFalse_Large_size1.5_Dyamic_DetTrue_det_len30_Median_face_boxTrue_unsupervised/subject12_L3_MO1_E2_S3_GE2_GL1_H2_MA2_label0.npy,
/zfsauton/data/straps/MMPD/subject12/p12_9.mat,12,9,Incandescent,Rotation,False,3,female,True,False,False,3,2,2,3,2,1,2,2,2,/zfsauton/data/straps/MMPD/processed_dataset/MMPD_SizeW72_SizeH72_ClipLength180_DataTypeRaw_DataAugNone_LabelTypeRaw_Crop_faceTrue_BackendY11F_Large_boxFalse_Large_size1.5_Dyamic_DetTrue_det_len30_Median_face_boxTrue_unsupervised/subject12_L3_MO2_E2_S3_GE2_GL1_H2_MA2_input0.npy | /zfsauton/data/straps/MMPD/processed_dataset/MMPD_SizeW72_SizeH72_ClipLength180_DataTypeRaw_DataAugNone_LabelTypeRaw_Crop_faceTrue_BackendY11F_Large_boxFalse_Large_size1.5_Dyamic_DetTrue_det_len30_Median_face_boxTrue_unsupervised/subject12_L3_MO2_E2_S3_GE2_GL1_H2_MA2_label0.npy,
/zfsauton/data/straps/MMPD/subject13/p13_0.mat,13,0,LED-low,Stationary,False,5,male,False,False,False,1,1,2,5,1,2,2,2,2,/zfsauton/data/straps/MMPD/processed_dataset/MMPD_SizeW72_SizeH72_ClipLength180_DataTypeRaw_DataAugNone_LabelTypeRaw_Crop_faceTrue_BackendY11F_Large_boxFalse_Large_size1.5_Dyamic_DetTrue_det_len30_Median_face_boxTrue_unsupervised/subject13_L1_MO1_E2_S5_GE1_GL2_H2_MA2_input0.npy | /zfsauton/data/straps/MMPD/processed_dataset/MMPD_SizeW72_SizeH72_ClipLength180_DataTypeRaw_DataAugNone_LabelTypeRaw_Crop_faceTrue_BackendY11F_Large_boxFalse_Large_size1.5_Dyamic_DetTrue_det_len30_Median_face_boxTrue_unsupervised/subject13_L1_MO1_E2_S5_GE1_GL2_H2_MA2_label0.npy,
/zfsauton/data/straps/MMPD/subject13/p13_1.mat,13,1,LED-low,Rotation,False,5,male,False,False,False,1,2,2,5,1,2,2,2,2,/zfsauton/data/straps/MMPD/processed_dataset/MMPD_SizeW72_SizeH72_ClipLength180_DataTypeRaw_DataAugNone_LabelTypeRaw_Crop_faceTrue_BackendY11F_Large_boxFalse_Large_size1.5_Dyamic_DetTrue_det_len30_Median_face_boxTrue_unsupervised/subject13_L1_MO2_E2_S5_GE1_GL2_H2_MA2_input0.npy | /zfsauton/data/straps/MMPD/processed_dataset/MMPD_SizeW72_SizeH72_ClipLength180_DataTypeRaw_DataAugNone_LabelTypeRaw_Crop_faceTrue_BackendY11F_Large_boxFalse_Large_size1.5_Dyamic_DetTrue_det_len30_Median_face_boxTrue_unsupervised/subject13_L1_MO2_E2_S5_GE1_GL2_H2_MA2_label0.npy,
/zfsauton/data/straps/MMPD/subject13/p13_10.mat,13,10,Incandescent,Talking,False,5,male,False,False,False,3,3,2,5,1,2,2,2,2,/zfsauton/data/straps/MMPD/processed_dataset/MMPD_SizeW72_SizeH72_ClipLength180_DataTypeRaw_DataAugNone_LabelTypeRaw_Crop_faceTrue_BackendY11F_Large_boxFalse_Large_size1.5_Dyamic_DetTrue_det_len30_Median_face_boxTrue_unsupervised/subject13_L3_MO3_E2_S5_GE1_GL2_H2_MA2_label0.npy | /zfsauton/data/straps/MMPD/processed_dataset/MMPD_SizeW72_SizeH72_ClipLength180_DataTypeRaw_DataAugNone_LabelTypeRaw_Crop_faceTrue_BackendY11F_Large_boxFalse_Large_size1.5_Dyamic_DetTrue_det_len30_Median_face_boxTrue_unsupervised/subject13_L3_MO3_E2_S5_GE1_GL2_H2_MA2_input0.npy,
/zfsauton/data/straps/MMPD/subject13/p13_11.mat,13,11,Incandescent,Walking,False,5,male,False,False,False,3,4,2,5,1,2,2,2,2,/zfsauton/data/straps/MMPD/processed_dataset/MMPD_SizeW72_SizeH72_ClipLength180_DataTypeRaw_DataAugNone_LabelTypeRaw_Crop_faceTrue_BackendY11F_Large_boxFalse_Large_size1.5_Dyamic_DetTrue_det_len30_Median_face_boxTrue_unsupervised/subject13_L3_MO4_E2_S5_GE1_GL2_H2_MA2_input0.npy | /zfsauton/data/straps/MMPD/processed_dataset/MMPD_SizeW72_SizeH72_ClipLength180_DataTypeRaw_DataAugNone_LabelTypeRaw_Crop_faceTrue_BackendY11F_Large_boxFalse_Large_size1.5_Dyamic_DetTrue_det_len30_Median_face_boxTrue_unsupervised/subject13_L3_MO4_E2_S5_GE1_GL2_H2_MA2_label0.npy,
/zfsauton/data/straps/MMPD/subject13/p13_12.mat,13,12,Incandescent,Stationary (after exercise),True,5,male,False,False,False,3,1,1,5,1,2,2,2,2,/zfsauton/data/straps/MMPD/processed_dataset/MMPD_SizeW72_SizeH72_ClipLength180_DataTypeRaw_DataAugNone_LabelTypeRaw_Crop_faceTrue_BackendY11F_Large_boxFalse_Large_size1.5_Dyamic_DetTrue_det_len30_Median_face_boxTrue_unsupervised/subject13_L3_MO1_E1_S5_GE1_GL2_H2_MA2_input0.npy | /zfsauton/data/straps/MMPD/processed_dataset/MMPD_SizeW72_SizeH72_ClipLength180_DataTypeRaw_DataAugNone_LabelTypeRaw_Crop_faceTrue_BackendY11F_Large_boxFalse_Large_size1.5_Dyamic_DetTrue_det_len30_Median_face_boxTrue_unsupervised/subject13_L3_MO1_E1_S5_GE1_GL2_H2_MA2_label0.npy,
/zfsauton/data/straps/MMPD/subject13/p13_13.mat,13,13,LED-high,Stationary (after exercise),True,5,male,False,False,False,2,1,1,5,1,2,2,2,2,/zfsauton/data/straps/MMPD/processed_dataset/MMPD_SizeW72_SizeH72_ClipLength180_DataTypeRaw_DataAugNone_LabelTypeRaw_Crop_faceTrue_BackendY11F_Large_boxFalse_Large_size1.5_Dyamic_DetTrue_det_len30_Median_face_boxTrue_unsupervised/subject13_L2_MO1_E1_S5_GE1_GL2_H2_MA2_label0.npy | /zfsauton/data/straps/MMPD/processed_dataset/MMPD_SizeW72_SizeH72_ClipLength180_DataTypeRaw_DataAugNone_LabelTypeRaw_Crop_faceTrue_BackendY11F_Large_boxFalse_Large_size1.5_Dyamic_DetTrue_det_len30_Median_face_boxTrue_unsupervised/subject13_L2_MO1_E1_S5_GE1_GL2_H2_MA2_input0.npy,
/zfsauton/data/straps/MMPD/subject13/p13_14.mat,13,14,LED-low,Stationary (after exercise),True,5,male,False,False,False,1,1,1,5,1,2,2,2,2,/zfsauton/data/straps/MMPD/processed_dataset/MMPD_SizeW72_SizeH72_ClipLength180_DataTypeRaw_DataAugNone_LabelTypeRaw_Crop_faceTrue_BackendY11F_Large_boxFalse_Large_size1.5_Dyamic_DetTrue_det_len30_Median_face_boxTrue_unsupervised/subject13_L1_MO1_E1_S5_GE1_GL2_H2_MA2_label0.npy | /zfsauton/data/straps/MMPD/processed_dataset/MMPD_SizeW72_SizeH72_ClipLength180_DataTypeRaw_DataAugNone_LabelTypeRaw_Crop_faceTrue_BackendY11F_Large_boxFalse_Large_size1.5_Dyamic_DetTrue_det_len30_Median_face_boxTrue_unsupervised/subject13_L1_MO1_E1_S5_GE1_GL2_H2_MA2_input0.npy,
/zfsauton/data/straps/MMPD/subject13/p13_15.mat,13,15,Nature,Stationary (after exercise),True,5,male,False,False,False,4,1,1,5,1,2,2,2,2,/zfsauton/data/straps/MMPD/processed_dataset/MMPD_SizeW72_SizeH72_ClipLength180_DataTypeRaw_DataAugNone_LabelTypeRaw_Crop_faceTrue_BackendY11F_Large_boxFalse_Large_size1.5_Dyamic_DetTrue_det_len30_Median_face_boxTrue_unsupervised/subject13_L4_MO1_E1_S5_GE1_GL2_H2_MA2_input0.npy | /zfsauton/data/straps/MMPD/processed_dataset/MMPD_SizeW72_SizeH72_ClipLength180_DataTypeRaw_DataAugNone_LabelTypeRaw_Crop_faceTrue_BackendY11F_Large_boxFalse_Large_size1.5_Dyamic_DetTrue_det_len30_Median_face_boxTrue_unsupervised/subject13_L4_MO1_E1_S5_GE1_GL2_H2_MA2_label0.npy,
/zfsauton/data/straps/MMPD/subject13/p13_16.mat,13,16,Nature,Stationary,False,5,male,False,False,False,4,1,2,5,1,2,2,2,2,/zfsauton/data/straps/MMPD/processed_dataset/MMPD_SizeW72_SizeH72_ClipLength180_DataTypeRaw_DataAugNone_LabelTypeRaw_Crop_faceTrue_BackendY11F_Large_boxFalse_Large_size1.5_Dyamic_DetTrue_det_len30_Median_face_boxTrue_unsupervised/subject13_L4_MO1_E2_S5_GE1_GL2_H2_MA2_label0.npy | /zfsauton/data/straps/MMPD/processed_dataset/MMPD_SizeW72_SizeH72_ClipLength180_DataTypeRaw_DataAugNone_LabelTypeRaw_Crop_faceTrue_BackendY11F_Large_boxFalse_Large_size1.5_Dyamic_DetTrue_det_len30_Median_face_boxTrue_unsupervised/subject13_L4_MO1_E2_S5_GE1_GL2_H2_MA2_input0.npy,
/zfsauton/data/straps/MMPD/subject13/p13_17.mat,13,17,Nature,Rotation,False,5,male,False,False,False,4,2,2,5,1,2,2,2,2,/zfsauton/data/straps/MMPD/processed_dataset/MMPD_SizeW72_SizeH72_ClipLength180_DataTypeRaw_DataAugNone_LabelTypeRaw_Crop_faceTrue_BackendY11F_Large_boxFalse_Large_size1.5_Dyamic_DetTrue_det_len30_Median_face_boxTrue_unsupervised/subject13_L4_MO2_E2_S5_GE1_GL2_H2_MA2_label0.npy | /zfsauton/data/straps/MMPD/processed_dataset/MMPD_SizeW72_SizeH72_ClipLength180_DataTypeRaw_DataAugNone_LabelTypeRaw_Crop_faceTrue_BackendY11F_Large_boxFalse_Large_size1.5_Dyamic_DetTrue_det_len30_Median_face_boxTrue_unsupervised/subject13_L4_MO2_E2_S5_GE1_GL2_H2_MA2_input0.npy,
/zfsauton/data/straps/MMPD/subject13/p13_18.mat,13,18,Nature,Talking,False,5,male,False,False,False,4,3,2,5,1,2,2,2,2,/zfsauton/data/straps/MMPD/processed_dataset/MMPD_SizeW72_SizeH72_ClipLength180_DataTypeRaw_DataAugNone_LabelTypeRaw_Crop_faceTrue_BackendY11F_Large_boxFalse_Large_size1.5_Dyamic_DetTrue_det_len30_Median_face_boxTrue_unsupervised/subject13_L4_MO3_E2_S5_GE1_GL2_H2_MA2_label0.npy | /zfsauton/data/straps/MMPD/processed_dataset/MMPD_SizeW72_SizeH72_ClipLength180_DataTypeRaw_DataAugNone_LabelTypeRaw_Crop_faceTrue_BackendY11F_Large_boxFalse_Large_size1.5_Dyamic_DetTrue_det_len30_Median_face_boxTrue_unsupervised/subject13_L4_MO3_E2_S5_GE1_GL2_H2_MA2_input0.npy,
/zfsauton/data/straps/MMPD/subject13/p13_19.mat,13,19,Nature,Walking,False,5,male,False,False,False,4,4,2,5,1,2,2,2,2,/zfsauton/data/straps/MMPD/processed_dataset/MMPD_SizeW72_SizeH72_ClipLength180_DataTypeRaw_DataAugNone_LabelTypeRaw_Crop_faceTrue_BackendY11F_Large_boxFalse_Large_size1.5_Dyamic_DetTrue_det_len30_Median_face_boxTrue_unsupervised/subject13_L4_MO4_E2_S5_GE1_GL2_H2_MA2_input0.npy | /zfsauton/data/straps/MMPD/processed_dataset/MMPD_SizeW72_SizeH72_ClipLength180_DataTypeRaw_DataAugNone_LabelTypeRaw_Crop_faceTrue_BackendY11F_Large_boxFalse_Large_size1.5_Dyamic_DetTrue_det_len30_Median_face_boxTrue_unsupervised/subject13_L4_MO4_E2_S5_GE1_GL2_H2_MA2_label0.npy,
/zfsauton/data/straps/MMPD/subject13/p13_2.mat,13,2,LED-low,Talking,False,5,male,False,False,False,1,3,2,5,1,2,2,2,2,/zfsauton/data/straps/MMPD/processed_dataset/MMPD_SizeW72_SizeH72_ClipLength180_DataTypeRaw_DataAugNone_LabelTypeRaw_Crop_faceTrue_BackendY11F_Large_boxFalse_Large_size1.5_Dyamic_DetTrue_det_len30_Median_face_boxTrue_unsupervised/subject13_L1_MO3_E2_S5_GE1_GL2_H2_MA2_input0.npy | /zfsauton/data/straps/MMPD/processed_dataset/MMPD_SizeW72_SizeH72_ClipLength180_DataTypeRaw_DataAugNone_LabelTypeRaw_Crop_faceTrue_BackendY11F_Large_boxFalse_Large_size1.5_Dyamic_DetTrue_det_len30_Median_face_boxTrue_unsupervised/subject13_L1_MO3_E2_S5_GE1_GL2_H2_MA2_label0.npy,
/zfsauton/data/straps/MMPD/subject13/p13_3.mat,13,3,LED-low,Walking,False,5,male,False,False,False,1,4,2,5,1,2,2,2,2,/zfsauton/data/straps/MMPD/processed_dataset/MMPD_SizeW72_SizeH72_ClipLength180_DataTypeRaw_DataAugNone_LabelTypeRaw_Crop_faceTrue_BackendY11F_Large_boxFalse_Large_size1.5_Dyamic_DetTrue_det_len30_Median_face_boxTrue_unsupervised/subject13_L1_MO4_E2_S5_GE1_GL2_H2_MA2_label0.npy | /zfsauton/data/straps/MMPD/processed_dataset/MMPD_SizeW72_SizeH72_ClipLength180_DataTypeRaw_DataAugNone_LabelTypeRaw_Crop_faceTrue_BackendY11F_Large_boxFalse_Large_size1.5_Dyamic_DetTrue_det_len30_Median_face_boxTrue_unsupervised/subject13_L1_MO4_E2_S5_GE1_GL2_H2_MA2_input0.npy,
/zfsauton/data/straps/MMPD/subject13/p13_4.mat,13,4,LED-high,Stationary,False,5,male,False,False,False,2,1,2,5,1,2,2,2,2,/zfsauton/data/straps/MMPD/processed_dataset/MMPD_SizeW72_SizeH72_ClipLength180_DataTypeRaw_DataAugNone_LabelTypeRaw_Crop_faceTrue_BackendY11F_Large_boxFalse_Large_size1.5_Dyamic_DetTrue_det_len30_Median_face_boxTrue_unsupervised/subject13_L2_MO1_E2_S5_GE1_GL2_H2_MA2_input0.npy | /zfsauton/data/straps/MMPD/processed_dataset/MMPD_SizeW72_SizeH72_ClipLength180_DataTypeRaw_DataAugNone_LabelTypeRaw_Crop_faceTrue_BackendY11F_Large_boxFalse_Large_size1.5_Dyamic_DetTrue_det_len30_Median_face_boxTrue_unsupervised/subject13_L2_MO1_E2_S5_GE1_GL2_H2_MA2_label0.npy,
/zfsauton/data/straps/MMPD/subject13/p13_5.mat,13,5,LED-high,Rotation,False,5,male,False,False,False,2,2,2,5,1,2,2,2,2,/zfsauton/data/straps/MMPD/processed_dataset/MMPD_SizeW72_SizeH72_ClipLength180_DataTypeRaw_DataAugNone_LabelTypeRaw_Crop_faceTrue_BackendY11F_Large_boxFalse_Large_size1.5_Dyamic_DetTrue_det_len30_Median_face_boxTrue_unsupervised/subject13_L2_MO2_E2_S5_GE1_GL2_H2_MA2_input0.npy | /zfsauton/data/straps/MMPD/processed_dataset/MMPD_SizeW72_SizeH72_ClipLength180_DataTypeRaw_DataAugNone_LabelTypeRaw_Crop_faceTrue_BackendY11F_Large_boxFalse_Large_size1.5_Dyamic_DetTrue_det_len30_Median_face_boxTrue_unsupervised/subject13_L2_MO2_E2_S5_GE1_GL2_H2_MA2_label0.npy,
/zfsauton/data/straps/MMPD/subject13/p13_6.mat,13,6,LED-high,Talking,False,5,male,False,False,False,2,3,2,5,1,2,2,2,2,/zfsauton/data/straps/MMPD/processed_dataset/MMPD_SizeW72_SizeH72_ClipLength180_DataTypeRaw_DataAugNone_LabelTypeRaw_Crop_faceTrue_BackendY11F_Large_boxFalse_Large_size1.5_Dyamic_DetTrue_det_len30_Median_face_boxTrue_unsupervised/subject13_L2_MO3_E2_S5_GE1_GL2_H2_MA2_input0.npy | /zfsauton/data/straps/MMPD/processed_dataset/MMPD_SizeW72_SizeH72_ClipLength180_DataTypeRaw_DataAugNone_LabelTypeRaw_Crop_faceTrue_BackendY11F_Large_boxFalse_Large_size1.5_Dyamic_DetTrue_det_len30_Median_face_boxTrue_unsupervised/subject13_L2_MO3_E2_S5_GE1_GL2_H2_MA2_label0.npy,
/zfsauton/data/straps/MMPD/subject13/p13_7.mat,13,7,LED-high,Walking,False,5,male,False,False,False,2,4,2,5,1,2,2,2,2,/zfsauton/data/straps/MMPD/processed_dataset/MMPD_SizeW72_SizeH72_ClipLength180_DataTypeRaw_DataAugNone_LabelTypeRaw_Crop_faceTrue_BackendY11F_Large_boxFalse_Large_size1.5_Dyamic_DetTrue_det_len30_Median_face_boxTrue_unsupervised/subject13_L2_MO4_E2_S5_GE1_GL2_H2_MA2_label0.npy | /zfsauton/data/straps/MMPD/processed_dataset/MMPD_SizeW72_SizeH72_ClipLength180_DataTypeRaw_DataAugNone_LabelTypeRaw_Crop_faceTrue_BackendY11F_Large_boxFalse_Large_size1.5_Dyamic_DetTrue_det_len30_Median_face_boxTrue_unsupervised/subject13_L2_MO4_E2_S5_GE1_GL2_H2_MA2_input0.npy,
/zfsauton/data/straps/MMPD/subject13/p13_8.mat,13,8,Incandescent,Stationary,False,5,male,False,False,False,3,1,2,5,1,2,2,2,2,/zfsauton/data/straps/MMPD/processed_dataset/MMPD_SizeW72_SizeH72_ClipLength180_DataTypeRaw_DataAugNone_LabelTypeRaw_Crop_faceTrue_BackendY11F_Large_boxFalse_Large_size1.5_Dyamic_DetTrue_det_len30_Median_face_boxTrue_unsupervised/subject13_L3_MO1_E2_S5_GE1_GL2_H2_MA2_label0.npy | /zfsauton/data/straps/MMPD/processed_dataset/MMPD_SizeW72_SizeH72_ClipLength180_DataTypeRaw_DataAugNone_LabelTypeRaw_Crop_faceTrue_BackendY11F_Large_boxFalse_Large_size1.5_Dyamic_DetTrue_det_len30_Median_face_boxTrue_unsupervised/subject13_L3_MO1_E2_S5_GE1_GL2_H2_MA2_input0.npy,
/zfsauton/data/straps/MMPD/subject13/p13_9.mat,13,9,Incandescent,Rotation,False,5,male,False,False,False,3,2,2,5,1,2,2,2,2,/zfsauton/data/straps/MMPD/processed_dataset/MMPD_SizeW72_SizeH72_ClipLength180_DataTypeRaw_DataAugNone_LabelTypeRaw_Crop_faceTrue_BackendY11F_Large_boxFalse_Large_size1.5_Dyamic_DetTrue_det_len30_Median_face_boxTrue_unsupervised/subject13_L3_MO2_E2_S5_GE1_GL2_H2_MA2_label0.npy | /zfsauton/data/straps/MMPD/processed_dataset/MMPD_SizeW72_SizeH72_ClipLength180_DataTypeRaw_DataAugNone_LabelTypeRaw_Crop_faceTrue_BackendY11F_Large_boxFalse_Large_size1.5_Dyamic_DetTrue_det_len30_Median_face_boxTrue_unsupervised/subject13_L3_MO2_E2_S5_GE1_GL2_H2_MA2_input0.npy,
/zfsauton/data/straps/MMPD/subject14/p14_0.mat,14,0,LED-low,Stationary,False,6,male,False,False,False,1,1,2,6,1,2,2,2,2,/zfsauton/data/straps/MMPD/processed_dataset/MMPD_SizeW72_SizeH72_ClipLength180_DataTypeRaw_DataAugNone_LabelTypeRaw_Crop_faceTrue_BackendY11F_Large_boxFalse_Large_size1.5_Dyamic_DetTrue_det_len30_Median_face_boxTrue_unsupervised/subject14_L1_MO1_E2_S6_GE1_GL2_H2_MA2_input0.npy | /zfsauton/data/straps/MMPD/processed_dataset/MMPD_SizeW72_SizeH72_ClipLength180_DataTypeRaw_DataAugNone_LabelTypeRaw_Crop_faceTrue_BackendY11F_Large_boxFalse_Large_size1.5_Dyamic_DetTrue_det_len30_Median_face_boxTrue_unsupervised/subject14_L1_MO1_E2_S6_GE1_GL2_H2_MA2_label0.npy,
/zfsauton/data/straps/MMPD/subject14/p14_1.mat,14,1,LED-low,Rotation,False,6,male,False,False,False,1,2,2,6,1,2,2,2,2,/zfsauton/data/straps/MMPD/processed_dataset/MMPD_SizeW72_SizeH72_ClipLength180_DataTypeRaw_DataAugNone_LabelTypeRaw_Crop_faceTrue_BackendY11F_Large_boxFalse_Large_size1.5_Dyamic_DetTrue_det_len30_Median_face_boxTrue_unsupervised/subject14_L1_MO2_E2_S6_GE1_GL2_H2_MA2_input0.npy | /zfsauton/data/straps/MMPD/processed_dataset/MMPD_SizeW72_SizeH72_ClipLength180_DataTypeRaw_DataAugNone_LabelTypeRaw_Crop_faceTrue_BackendY11F_Large_boxFalse_Large_size1.5_Dyamic_DetTrue_det_len30_Median_face_boxTrue_unsupervised/subject14_L1_MO2_E2_S6_GE1_GL2_H2_MA2_label0.npy,
/zfsauton/data/straps/MMPD/subject14/p14_10.mat,14,10,Incandescent,Talking,False,6,male,False,False,False,3,3,2,6,1,2,2,2,2,/zfsauton/data/straps/MMPD/processed_dataset/MMPD_SizeW72_SizeH72_ClipLength180_DataTypeRaw_DataAugNone_LabelTypeRaw_Crop_faceTrue_BackendY11F_Large_boxFalse_Large_size1.5_Dyamic_DetTrue_det_len30_Median_face_boxTrue_unsupervised/subject14_L3_MO3_E2_S6_GE1_GL2_H2_MA2_label0.npy | /zfsauton/data/straps/MMPD/processed_dataset/MMPD_SizeW72_SizeH72_ClipLength180_DataTypeRaw_DataAugNone_LabelTypeRaw_Crop_faceTrue_BackendY11F_Large_boxFalse_Large_size1.5_Dyamic_DetTrue_det_len30_Median_face_boxTrue_unsupervised/subject14_L3_MO3_E2_S6_GE1_GL2_H2_MA2_input0.npy,
/zfsauton/data/straps/MMPD/subject14/p14_11.mat,14,11,Incandescent,Walking,False,6,male,False,False,False,3,4,2,6,1,2,2,2,2,/zfsauton/data/straps/MMPD/processed_dataset/MMPD_SizeW72_SizeH72_ClipLength180_DataTypeRaw_DataAugNone_LabelTypeRaw_Crop_faceTrue_BackendY11F_Large_boxFalse_Large_size1.5_Dyamic_DetTrue_det_len30_Median_face_boxTrue_unsupervised/subject14_L3_MO4_E2_S6_GE1_GL2_H2_MA2_input0.npy | /zfsauton/data/straps/MMPD/processed_dataset/MMPD_SizeW72_SizeH72_ClipLength180_DataTypeRaw_DataAugNone_LabelTypeRaw_Crop_faceTrue_BackendY11F_Large_boxFalse_Large_size1.5_Dyamic_DetTrue_det_len30_Median_face_boxTrue_unsupervised/subject14_L3_MO4_E2_S6_GE1_GL2_H2_MA2_label0.npy,
/zfsauton/data/straps/MMPD/subject14/p14_12.mat,14,12,Incandescent,Stationary (after exercise),True,6,male,False,False,False,3,1,1,6,1,2,2,2,2,/zfsauton/data/straps/MMPD/processed_dataset/MMPD_SizeW72_SizeH72_ClipLength180_DataTypeRaw_DataAugNone_LabelTypeRaw_Crop_faceTrue_BackendY11F_Large_boxFalse_Large_size1.5_Dyamic_DetTrue_det_len30_Median_face_boxTrue_unsupervised/subject14_L3_MO1_E1_S6_GE1_GL2_H2_MA2_input0.npy | /zfsauton/data/straps/MMPD/processed_dataset/MMPD_SizeW72_SizeH72_ClipLength180_DataTypeRaw_DataAugNone_LabelTypeRaw_Crop_faceTrue_BackendY11F_Large_boxFalse_Large_size1.5_Dyamic_DetTrue_det_len30_Median_face_boxTrue_unsupervised/subject14_L3_MO1_E1_S6_GE1_GL2_H2_MA2_label0.npy,
/zfsauton/data/straps/MMPD/subject14/p14_13.mat,14,13,LED-high,Stationary (after exercise),True,6,male,False,False,False,2,1,1,6,1,2,2,2,2,/zfsauton/data/straps/MMPD/processed_dataset/MMPD_SizeW72_SizeH72_ClipLength180_DataTypeRaw_DataAugNone_LabelTypeRaw_Crop_faceTrue_BackendY11F_Large_boxFalse_Large_size1.5_Dyamic_DetTrue_det_len30_Median_face_boxTrue_unsupervised/subject14_L2_MO1_E1_S6_GE1_GL2_H2_MA2_label0.npy | /zfsauton/data/straps/MMPD/processed_dataset/MMPD_SizeW72_SizeH72_ClipLength180_DataTypeRaw_DataAugNone_LabelTypeRaw_Crop_faceTrue_BackendY11F_Large_boxFalse_Large_size1.5_Dyamic_DetTrue_det_len30_Median_face_boxTrue_unsupervised/subject14_L2_MO1_E1_S6_GE1_GL2_H2_MA2_input0.npy,
/zfsauton/data/straps/MMPD/subject14/p14_14.mat,14,14,LED-low,Stationary (after exercise),True,6,male,False,False,False,1,1,1,6,1,2,2,2,2,/zfsauton/data/straps/MMPD/processed_dataset/MMPD_SizeW72_SizeH72_ClipLength180_DataTypeRaw_DataAugNone_LabelTypeRaw_Crop_faceTrue_BackendY11F_Large_boxFalse_Large_size1.5_Dyamic_DetTrue_det_len30_Median_face_boxTrue_unsupervised/subject14_L1_MO1_E1_S6_GE1_GL2_H2_MA2_label0.npy | /zfsauton/data/straps/MMPD/processed_dataset/MMPD_SizeW72_SizeH72_ClipLength180_DataTypeRaw_DataAugNone_LabelTypeRaw_Crop_faceTrue_BackendY11F_Large_boxFalse_Large_size1.5_Dyamic_DetTrue_det_len30_Median_face_boxTrue_unsupervised/subject14_L1_MO1_E1_S6_GE1_GL2_H2_MA2_input0.npy,
/zfsauton/data/straps/MMPD/subject14/p14_15.mat,14,15,Nature,Stationary (after exercise),True,6,male,False,False,False,4,1,1,6,1,2,2,2,2,/zfsauton/data/straps/MMPD/processed_dataset/MMPD_SizeW72_SizeH72_ClipLength180_DataTypeRaw_DataAugNone_LabelTypeRaw_Crop_faceTrue_BackendY11F_Large_boxFalse_Large_size1.5_Dyamic_DetTrue_det_len30_Median_face_boxTrue_unsupervised/subject14_L4_MO1_E1_S6_GE1_GL2_H2_MA2_input0.npy | /zfsauton/data/straps/MMPD/processed_dataset/MMPD_SizeW72_SizeH72_ClipLength180_DataTypeRaw_DataAugNone_LabelTypeRaw_Crop_faceTrue_BackendY11F_Large_boxFalse_Large_size1.5_Dyamic_DetTrue_det_len30_Median_face_boxTrue_unsupervised/subject14_L4_MO1_E1_S6_GE1_GL2_H2_MA2_label0.npy,
/zfsauton/data/straps/MMPD/subject14/p14_16.mat,14,16,Nature,Stationary,False,6,male,False,False,False,4,1,2,6,1,2,2,2,2,/zfsauton/data/straps/MMPD/processed_dataset/MMPD_SizeW72_SizeH72_ClipLength180_DataTypeRaw_DataAugNone_LabelTypeRaw_Crop_faceTrue_BackendY11F_Large_boxFalse_Large_size1.5_Dyamic_DetTrue_det_len30_Median_face_boxTrue_unsupervised/subject14_L4_MO1_E2_S6_GE1_GL2_H2_MA2_label0.npy | /zfsauton/data/straps/MMPD/processed_dataset/MMPD_SizeW72_SizeH72_ClipLength180_DataTypeRaw_DataAugNone_LabelTypeRaw_Crop_faceTrue_BackendY11F_Large_boxFalse_Large_size1.5_Dyamic_DetTrue_det_len30_Median_face_boxTrue_unsupervised/subject14_L4_MO1_E2_S6_GE1_GL2_H2_MA2_input0.npy,
/zfsauton/data/straps/MMPD/subject14/p14_17.mat,14,17,Nature,Rotation,False,6,male,False,False,False,4,2,2,6,1,2,2,2,2,/zfsauton/data/straps/MMPD/processed_dataset/MMPD_SizeW72_SizeH72_ClipLength180_DataTypeRaw_DataAugNone_LabelTypeRaw_Crop_faceTrue_BackendY11F_Large_boxFalse_Large_size1.5_Dyamic_DetTrue_det_len30_Median_face_boxTrue_unsupervised/subject14_L4_MO2_E2_S6_GE1_GL2_H2_MA2_label0.npy | /zfsauton/data/straps/MMPD/processed_dataset/MMPD_SizeW72_SizeH72_ClipLength180_DataTypeRaw_DataAugNone_LabelTypeRaw_Crop_faceTrue_BackendY11F_Large_boxFalse_Large_size1.5_Dyamic_DetTrue_det_len30_Median_face_boxTrue_unsupervised/subject14_L4_MO2_E2_S6_GE1_GL2_H2_MA2_input0.npy,
/zfsauton/data/straps/MMPD/subject14/p14_18.mat,14,18,Nature,Talking,False,6,male,False,False,False,4,3,2,6,1,2,2,2,2,/zfsauton/data/straps/MMPD/processed_dataset/MMPD_SizeW72_SizeH72_ClipLength180_DataTypeRaw_DataAugNone_LabelTypeRaw_Crop_faceTrue_BackendY11F_Large_boxFalse_Large_size1.5_Dyamic_DetTrue_det_len30_Median_face_boxTrue_unsupervised/subject14_L4_MO3_E2_S6_GE1_GL2_H2_MA2_label0.npy | /zfsauton/data/straps/MMPD/processed_dataset/MMPD_SizeW72_SizeH72_ClipLength180_DataTypeRaw_DataAugNone_LabelTypeRaw_Crop_faceTrue_BackendY11F_Large_boxFalse_Large_size1.5_Dyamic_DetTrue_det_len30_Median_face_boxTrue_unsupervised/subject14_L4_MO3_E2_S6_GE1_GL2_H2_MA2_input0.npy,
/zfsauton/data/straps/MMPD/subject14/p14_19.mat,14,19,Nature,Walking,False,6,male,False,False,False,4,4,2,6,1,2,2,2,2,/zfsauton/data/straps/MMPD/processed_dataset/MMPD_SizeW72_SizeH72_ClipLength180_DataTypeRaw_DataAugNone_LabelTypeRaw_Crop_faceTrue_BackendY11F_Large_boxFalse_Large_size1.5_Dyamic_DetTrue_det_len30_Median_face_boxTrue_unsupervised/subject14_L4_MO4_E2_S6_GE1_GL2_H2_MA2_input0.npy | /zfsauton/data/straps/MMPD/processed_dataset/MMPD_SizeW72_SizeH72_ClipLength180_DataTypeRaw_DataAugNone_LabelTypeRaw_Crop_faceTrue_BackendY11F_Large_boxFalse_Large_size1.5_Dyamic_DetTrue_det_len30_Median_face_boxTrue_unsupervised/subject14_L4_MO4_E2_S6_GE1_GL2_H2_MA2_label0.npy,
/zfsauton/data/straps/MMPD/subject14/p14_2.mat,14,2,LED-low,Talking,False,6,male,False,False,False,1,3,2,6,1,2,2,2,2,/zfsauton/data/straps/MMPD/processed_dataset/MMPD_SizeW72_SizeH72_ClipLength180_DataTypeRaw_DataAugNone_LabelTypeRaw_Crop_faceTrue_BackendY11F_Large_boxFalse_Large_size1.5_Dyamic_DetTrue_det_len30_Median_face_boxTrue_unsupervised/subject14_L1_MO3_E2_S6_GE1_GL2_H2_MA2_input0.npy | /zfsauton/data/straps/MMPD/processed_dataset/MMPD_SizeW72_SizeH72_ClipLength180_DataTypeRaw_DataAugNone_LabelTypeRaw_Crop_faceTrue_BackendY11F_Large_boxFalse_Large_size1.5_Dyamic_DetTrue_det_len30_Median_face_boxTrue_unsupervised/subject14_L1_MO3_E2_S6_GE1_GL2_H2_MA2_label0.npy,
/zfsauton/data/straps/MMPD/subject14/p14_3.mat,14,3,LED-low,Walking,False,6,male,False,False,False,1,4,2,6,1,2,2,2,2,/zfsauton/data/straps/MMPD/processed_dataset/MMPD_SizeW72_SizeH72_ClipLength180_DataTypeRaw_DataAugNone_LabelTypeRaw_Crop_faceTrue_BackendY11F_Large_boxFalse_Large_size1.5_Dyamic_DetTrue_det_len30_Median_face_boxTrue_unsupervised/subject14_L1_MO4_E2_S6_GE1_GL2_H2_MA2_label0.npy | /zfsauton/data/straps/MMPD/processed_dataset/MMPD_SizeW72_SizeH72_ClipLength180_DataTypeRaw_DataAugNone_LabelTypeRaw_Crop_faceTrue_BackendY11F_Large_boxFalse_Large_size1.5_Dyamic_DetTrue_det_len30_Median_face_boxTrue_unsupervised/subject14_L1_MO4_E2_S6_GE1_GL2_H2_MA2_input0.npy,
/zfsauton/data/straps/MMPD/subject14/p14_4.mat,14,4,LED-high,Stationary,False,6,male,False,False,False,2,1,2,6,1,2,2,2,2,/zfsauton/data/straps/MMPD/processed_dataset/MMPD_SizeW72_SizeH72_ClipLength180_DataTypeRaw_DataAugNone_LabelTypeRaw_Crop_faceTrue_BackendY11F_Large_boxFalse_Large_size1.5_Dyamic_DetTrue_det_len30_Median_face_boxTrue_unsupervised/subject14_L2_MO1_E2_S6_GE1_GL2_H2_MA2_input0.npy | /zfsauton/data/straps/MMPD/processed_dataset/MMPD_SizeW72_SizeH72_ClipLength180_DataTypeRaw_DataAugNone_LabelTypeRaw_Crop_faceTrue_BackendY11F_Large_boxFalse_Large_size1.5_Dyamic_DetTrue_det_len30_Median_face_boxTrue_unsupervised/subject14_L2_MO1_E2_S6_GE1_GL2_H2_MA2_label0.npy,
/zfsauton/data/straps/MMPD/subject14/p14_5.mat,14,5,LED-high,Rotation,False,6,male,False,False,False,2,2,2,6,1,2,2,2,2,/zfsauton/data/straps/MMPD/processed_dataset/MMPD_SizeW72_SizeH72_ClipLength180_DataTypeRaw_DataAugNone_LabelTypeRaw_Crop_faceTrue_BackendY11F_Large_boxFalse_Large_size1.5_Dyamic_DetTrue_det_len30_Median_face_boxTrue_unsupervised/subject14_L2_MO2_E2_S6_GE1_GL2_H2_MA2_input0.npy | /zfsauton/data/straps/MMPD/processed_dataset/MMPD_SizeW72_SizeH72_ClipLength180_DataTypeRaw_DataAugNone_LabelTypeRaw_Crop_faceTrue_BackendY11F_Large_boxFalse_Large_size1.5_Dyamic_DetTrue_det_len30_Median_face_boxTrue_unsupervised/subject14_L2_MO2_E2_S6_GE1_GL2_H2_MA2_label0.npy,
/zfsauton/data/straps/MMPD/subject14/p14_6.mat,14,6,LED-high,Talking,False,6,male,False,False,False,2,3,2,6,1,2,2,2,2,/zfsauton/data/straps/MMPD/processed_dataset/MMPD_SizeW72_SizeH72_ClipLength180_DataTypeRaw_DataAugNone_LabelTypeRaw_Crop_faceTrue_BackendY11F_Large_boxFalse_Large_size1.5_Dyamic_DetTrue_det_len30_Median_face_boxTrue_unsupervised/subject14_L2_MO3_E2_S6_GE1_GL2_H2_MA2_input0.npy | /zfsauton/data/straps/MMPD/processed_dataset/MMPD_SizeW72_SizeH72_ClipLength180_DataTypeRaw_DataAugNone_LabelTypeRaw_Crop_faceTrue_BackendY11F_Large_boxFalse_Large_size1.5_Dyamic_DetTrue_det_len30_Median_face_boxTrue_unsupervised/subject14_L2_MO3_E2_S6_GE1_GL2_H2_MA2_label0.npy,
/zfsauton/data/straps/MMPD/subject14/p14_7.mat,14,7,LED-high,Walking,False,6,male,False,False,False,2,4,2,6,1,2,2,2,2,/zfsauton/data/straps/MMPD/processed_dataset/MMPD_SizeW72_SizeH72_ClipLength180_DataTypeRaw_DataAugNone_LabelTypeRaw_Crop_faceTrue_BackendY11F_Large_boxFalse_Large_size1.5_Dyamic_DetTrue_det_len30_Median_face_boxTrue_unsupervised/subject14_L2_MO4_E2_S6_GE1_GL2_H2_MA2_label0.npy | /zfsauton/data/straps/MMPD/processed_dataset/MMPD_SizeW72_SizeH72_ClipLength180_DataTypeRaw_DataAugNone_LabelTypeRaw_Crop_faceTrue_BackendY11F_Large_boxFalse_Large_size1.5_Dyamic_DetTrue_det_len30_Median_face_boxTrue_unsupervised/subject14_L2_MO4_E2_S6_GE1_GL2_H2_MA2_input0.npy,
/zfsauton/data/straps/MMPD/subject14/p14_8.mat,14,8,Incandescent,Stationary,False,6,male,False,False,False,3,1,2,6,1,2,2,2,2,/zfsauton/data/straps/MMPD/processed_dataset/MMPD_SizeW72_SizeH72_ClipLength180_DataTypeRaw_DataAugNone_LabelTypeRaw_Crop_faceTrue_BackendY11F_Large_boxFalse_Large_size1.5_Dyamic_DetTrue_det_len30_Median_face_boxTrue_unsupervised/subject14_L3_MO1_E2_S6_GE1_GL2_H2_MA2_label0.npy | /zfsauton/data/straps/MMPD/processed_dataset/MMPD_SizeW72_SizeH72_ClipLength180_DataTypeRaw_DataAugNone_LabelTypeRaw_Crop_faceTrue_BackendY11F_Large_boxFalse_Large_size1.5_Dyamic_DetTrue_det_len30_Median_face_boxTrue_unsupervised/subject14_L3_MO1_E2_S6_GE1_GL2_H2_MA2_input0.npy,
/zfsauton/data/straps/MMPD/subject14/p14_9.mat,14,9,Incandescent,Rotation,False,6,male,False,False,False,3,2,2,6,1,2,2,2,2,/zfsauton/data/straps/MMPD/processed_dataset/MMPD_SizeW72_SizeH72_ClipLength180_DataTypeRaw_DataAugNone_LabelTypeRaw_Crop_faceTrue_BackendY11F_Large_boxFalse_Large_size1.5_Dyamic_DetTrue_det_len30_Median_face_boxTrue_unsupervised/subject14_L3_MO2_E2_S6_GE1_GL2_H2_MA2_label0.npy | /zfsauton/data/straps/MMPD/processed_dataset/MMPD_SizeW72_SizeH72_ClipLength180_DataTypeRaw_DataAugNone_LabelTypeRaw_Crop_faceTrue_BackendY11F_Large_boxFalse_Large_size1.5_Dyamic_DetTrue_det_len30_Median_face_boxTrue_unsupervised/subject14_L3_MO2_E2_S6_GE1_GL2_H2_MA2_input0.npy,
/zfsauton/data/straps/MMPD/subject15/p15_0.mat,15,0,LED-low,Stationary,False,6,female,False,False,False,1,1,2,6,2,2,2,2,2,/zfsauton/data/straps/MMPD/processed_dataset/MMPD_SizeW72_SizeH72_ClipLength180_DataTypeRaw_DataAugNone_LabelTypeRaw_Crop_faceTrue_BackendY11F_Large_boxFalse_Large_size1.5_Dyamic_DetTrue_det_len30_Median_face_boxTrue_unsupervised/subject15_L1_MO1_E2_S6_GE2_GL2_H2_MA2_input0.npy | /zfsauton/data/straps/MMPD/processed_dataset/MMPD_SizeW72_SizeH72_ClipLength180_DataTypeRaw_DataAugNone_LabelTypeRaw_Crop_faceTrue_BackendY11F_Large_boxFalse_Large_size1.5_Dyamic_DetTrue_det_len30_Median_face_boxTrue_unsupervised/subject15_L1_MO1_E2_S6_GE2_GL2_H2_MA2_label0.npy,
/zfsauton/data/straps/MMPD/subject15/p15_1.mat,15,1,LED-low,Rotation,False,6,female,False,False,False,1,2,2,6,2,2,2,2,2,/zfsauton/data/straps/MMPD/processed_dataset/MMPD_SizeW72_SizeH72_ClipLength180_DataTypeRaw_DataAugNone_LabelTypeRaw_Crop_faceTrue_BackendY11F_Large_boxFalse_Large_size1.5_Dyamic_DetTrue_det_len30_Median_face_boxTrue_unsupervised/subject15_L1_MO2_E2_S6_GE2_GL2_H2_MA2_input0.npy | /zfsauton/data/straps/MMPD/processed_dataset/MMPD_SizeW72_SizeH72_ClipLength180_DataTypeRaw_DataAugNone_LabelTypeRaw_Crop_faceTrue_BackendY11F_Large_boxFalse_Large_size1.5_Dyamic_DetTrue_det_len30_Median_face_boxTrue_unsupervised/subject15_L1_MO2_E2_S6_GE2_GL2_H2_MA2_label0.npy,
/zfsauton/data/straps/MMPD/subject15/p15_10.mat,15,10,Incandescent,Talking,False,6,female,False,False,False,3,3,2,6,2,2,2,2,2,/zfsauton/data/straps/MMPD/processed_dataset/MMPD_SizeW72_SizeH72_ClipLength180_DataTypeRaw_DataAugNone_LabelTypeRaw_Crop_faceTrue_BackendY11F_Large_boxFalse_Large_size1.5_Dyamic_DetTrue_det_len30_Median_face_boxTrue_unsupervised/subject15_L3_MO3_E2_S6_GE2_GL2_H2_MA2_label0.npy | /zfsauton/data/straps/MMPD/processed_dataset/MMPD_SizeW72_SizeH72_ClipLength180_DataTypeRaw_DataAugNone_LabelTypeRaw_Crop_faceTrue_BackendY11F_Large_boxFalse_Large_size1.5_Dyamic_DetTrue_det_len30_Median_face_boxTrue_unsupervised/subject15_L3_MO3_E2_S6_GE2_GL2_H2_MA2_input0.npy,
/zfsauton/data/straps/MMPD/subject15/p15_11.mat,15,11,Incandescent,Walking,False,6,female,False,False,False,3,4,2,6,2,2,2,2,2,/zfsauton/data/straps/MMPD/processed_dataset/MMPD_SizeW72_SizeH72_ClipLength180_DataTypeRaw_DataAugNone_LabelTypeRaw_Crop_faceTrue_BackendY11F_Large_boxFalse_Large_size1.5_Dyamic_DetTrue_det_len30_Median_face_boxTrue_unsupervised/subject15_L3_MO4_E2_S6_GE2_GL2_H2_MA2_input0.npy | /zfsauton/data/straps/MMPD/processed_dataset/MMPD_SizeW72_SizeH72_ClipLength180_DataTypeRaw_DataAugNone_LabelTypeRaw_Crop_faceTrue_BackendY11F_Large_boxFalse_Large_size1.5_Dyamic_DetTrue_det_len30_Median_face_boxTrue_unsupervised/subject15_L3_MO4_E2_S6_GE2_GL2_H2_MA2_label0.npy,
/zfsauton/data/straps/MMPD/subject15/p15_12.mat,15,12,Incandescent,Stationary (after exercise),True,6,female,False,False,False,3,1,1,6,2,2,2,2,2,/zfsauton/data/straps/MMPD/processed_dataset/MMPD_SizeW72_SizeH72_ClipLength180_DataTypeRaw_DataAugNone_LabelTypeRaw_Crop_faceTrue_BackendY11F_Large_boxFalse_Large_size1.5_Dyamic_DetTrue_det_len30_Median_face_boxTrue_unsupervised/subject15_L3_MO1_E1_S6_GE2_GL2_H2_MA2_input0.npy | /zfsauton/data/straps/MMPD/processed_dataset/MMPD_SizeW72_SizeH72_ClipLength180_DataTypeRaw_DataAugNone_LabelTypeRaw_Crop_faceTrue_BackendY11F_Large_boxFalse_Large_size1.5_Dyamic_DetTrue_det_len30_Median_face_boxTrue_unsupervised/subject15_L3_MO1_E1_S6_GE2_GL2_H2_MA2_label0.npy,
/zfsauton/data/straps/MMPD/subject15/p15_13.mat,15,13,LED-high,Stationary (after exercise),True,6,female,False,False,False,2,1,1,6,2,2,2,2,2,/zfsauton/data/straps/MMPD/processed_dataset/MMPD_SizeW72_SizeH72_ClipLength180_DataTypeRaw_DataAugNone_LabelTypeRaw_Crop_faceTrue_BackendY11F_Large_boxFalse_Large_size1.5_Dyamic_DetTrue_det_len30_Median_face_boxTrue_unsupervised/subject15_L2_MO1_E1_S6_GE2_GL2_H2_MA2_label0.npy | /zfsauton/data/straps/MMPD/processed_dataset/MMPD_SizeW72_SizeH72_ClipLength180_DataTypeRaw_DataAugNone_LabelTypeRaw_Crop_faceTrue_BackendY11F_Large_boxFalse_Large_size1.5_Dyamic_DetTrue_det_len30_Median_face_boxTrue_unsupervised/subject15_L2_MO1_E1_S6_GE2_GL2_H2_MA2_input0.npy,
/zfsauton/data/straps/MMPD/subject15/p15_14.mat,15,14,LED-low,Stationary (after exercise),True,6,female,False,False,False,1,1,1,6,2,2,2,2,2,/zfsauton/data/straps/MMPD/processed_dataset/MMPD_SizeW72_SizeH72_ClipLength180_DataTypeRaw_DataAugNone_LabelTypeRaw_Crop_faceTrue_BackendY11F_Large_boxFalse_Large_size1.5_Dyamic_DetTrue_det_len30_Median_face_boxTrue_unsupervised/subject15_L1_MO1_E1_S6_GE2_GL2_H2_MA2_label0.npy | /zfsauton/data/straps/MMPD/processed_dataset/MMPD_SizeW72_SizeH72_ClipLength180_DataTypeRaw_DataAugNone_LabelTypeRaw_Crop_faceTrue_BackendY11F_Large_boxFalse_Large_size1.5_Dyamic_DetTrue_det_len30_Median_face_boxTrue_unsupervised/subject15_L1_MO1_E1_S6_GE2_GL2_H2_MA2_input0.npy,
/zfsauton/data/straps/MMPD/subject15/p15_15.mat,15,15,Nature,Stationary (after exercise),True,6,female,False,False,False,4,1,1,6,2,2,2,2,2,/zfsauton/data/straps/MMPD/processed_dataset/MMPD_SizeW72_SizeH72_ClipLength180_DataTypeRaw_DataAugNone_LabelTypeRaw_Crop_faceTrue_BackendY11F_Large_boxFalse_Large_size1.5_Dyamic_DetTrue_det_len30_Median_face_boxTrue_unsupervised/subject15_L4_MO1_E1_S6_GE2_GL2_H2_MA2_input0.npy | /zfsauton/data/straps/MMPD/processed_dataset/MMPD_SizeW72_SizeH72_ClipLength180_DataTypeRaw_DataAugNone_LabelTypeRaw_Crop_faceTrue_BackendY11F_Large_boxFalse_Large_size1.5_Dyamic_DetTrue_det_len30_Median_face_boxTrue_unsupervised/subject15_L4_MO1_E1_S6_GE2_GL2_H2_MA2_label0.npy,
/zfsauton/data/straps/MMPD/subject15/p15_16.mat,15,16,Nature,Stationary,False,6,female,False,False,False,4,1,2,6,2,2,2,2,2,/zfsauton/data/straps/MMPD/processed_dataset/MMPD_SizeW72_SizeH72_ClipLength180_DataTypeRaw_DataAugNone_LabelTypeRaw_Crop_faceTrue_BackendY11F_Large_boxFalse_Large_size1.5_Dyamic_DetTrue_det_len30_Median_face_boxTrue_unsupervised/subject15_L4_MO1_E2_S6_GE2_GL2_H2_MA2_label0.npy | /zfsauton/data/straps/MMPD/processed_dataset/MMPD_SizeW72_SizeH72_ClipLength180_DataTypeRaw_DataAugNone_LabelTypeRaw_Crop_faceTrue_BackendY11F_Large_boxFalse_Large_size1.5_Dyamic_DetTrue_det_len30_Median_face_boxTrue_unsupervised/subject15_L4_MO1_E2_S6_GE2_GL2_H2_MA2_input0.npy,
/zfsauton/data/straps/MMPD/subject15/p15_17.mat,15,17,Nature,Rotation,False,6,female,False,False,False,4,2,2,6,2,2,2,2,2,/zfsauton/data/straps/MMPD/processed_dataset/MMPD_SizeW72_SizeH72_ClipLength180_DataTypeRaw_DataAugNone_LabelTypeRaw_Crop_faceTrue_BackendY11F_Large_boxFalse_Large_size1.5_Dyamic_DetTrue_det_len30_Median_face_boxTrue_unsupervised/subject15_L4_MO2_E2_S6_GE2_GL2_H2_MA2_label0.npy | /zfsauton/data/straps/MMPD/processed_dataset/MMPD_SizeW72_SizeH72_ClipLength180_DataTypeRaw_DataAugNone_LabelTypeRaw_Crop_faceTrue_BackendY11F_Large_boxFalse_Large_size1.5_Dyamic_DetTrue_det_len30_Median_face_boxTrue_unsupervised/subject15_L4_MO2_E2_S6_GE2_GL2_H2_MA2_input0.npy,
/zfsauton/data/straps/MMPD/subject15/p15_18.mat,15,18,Nature,Talking,False,6,female,False,False,False,4,3,2,6,2,2,2,2,2,/zfsauton/data/straps/MMPD/processed_dataset/MMPD_SizeW72_SizeH72_ClipLength180_DataTypeRaw_DataAugNone_LabelTypeRaw_Crop_faceTrue_BackendY11F_Large_boxFalse_Large_size1.5_Dyamic_DetTrue_det_len30_Median_face_boxTrue_unsupervised/subject15_L4_MO3_E2_S6_GE2_GL2_H2_MA2_label0.npy | /zfsauton/data/straps/MMPD/processed_dataset/MMPD_SizeW72_SizeH72_ClipLength180_DataTypeRaw_DataAugNone_LabelTypeRaw_Crop_faceTrue_BackendY11F_Large_boxFalse_Large_size1.5_Dyamic_DetTrue_det_len30_Median_face_boxTrue_unsupervised/subject15_L4_MO3_E2_S6_GE2_GL2_H2_MA2_input0.npy,
/zfsauton/data/straps/MMPD/subject15/p15_19.mat,15,19,Nature,Walking,False,6,female,False,False,False,4,4,2,6,2,2,2,2,2,/zfsauton/data/straps/MMPD/processed_dataset/MMPD_SizeW72_SizeH72_ClipLength180_DataTypeRaw_DataAugNone_LabelTypeRaw_Crop_faceTrue_BackendY11F_Large_boxFalse_Large_size1.5_Dyamic_DetTrue_det_len30_Median_face_boxTrue_unsupervised/subject15_L4_MO4_E2_S6_GE2_GL2_H2_MA2_input0.npy | /zfsauton/data/straps/MMPD/processed_dataset/MMPD_SizeW72_SizeH72_ClipLength180_DataTypeRaw_DataAugNone_LabelTypeRaw_Crop_faceTrue_BackendY11F_Large_boxFalse_Large_size1.5_Dyamic_DetTrue_det_len30_Median_face_boxTrue_unsupervised/subject15_L4_MO4_E2_S6_GE2_GL2_H2_MA2_label0.npy,
/zfsauton/data/straps/MMPD/subject15/p15_2.mat,15,2,LED-low,Talking,False,6,female,False,False,False,1,3,2,6,2,2,2,2,2,/zfsauton/data/straps/MMPD/processed_dataset/MMPD_SizeW72_SizeH72_ClipLength180_DataTypeRaw_DataAugNone_LabelTypeRaw_Crop_faceTrue_BackendY11F_Large_boxFalse_Large_size1.5_Dyamic_DetTrue_det_len30_Median_face_boxTrue_unsupervised/subject15_L1_MO3_E2_S6_GE2_GL2_H2_MA2_input0.npy | /zfsauton/data/straps/MMPD/processed_dataset/MMPD_SizeW72_SizeH72_ClipLength180_DataTypeRaw_DataAugNone_LabelTypeRaw_Crop_faceTrue_BackendY11F_Large_boxFalse_Large_size1.5_Dyamic_DetTrue_det_len30_Median_face_boxTrue_unsupervised/subject15_L1_MO3_E2_S6_GE2_GL2_H2_MA2_label0.npy,
/zfsauton/data/straps/MMPD/subject15/p15_3.mat,15,3,LED-low,Walking,False,6,female,False,False,False,1,4,2,6,2,2,2,2,2,/zfsauton/data/straps/MMPD/processed_dataset/MMPD_SizeW72_SizeH72_ClipLength180_DataTypeRaw_DataAugNone_LabelTypeRaw_Crop_faceTrue_BackendY11F_Large_boxFalse_Large_size1.5_Dyamic_DetTrue_det_len30_Median_face_boxTrue_unsupervised/subject15_L1_MO4_E2_S6_GE2_GL2_H2_MA2_label0.npy | /zfsauton/data/straps/MMPD/processed_dataset/MMPD_SizeW72_SizeH72_ClipLength180_DataTypeRaw_DataAugNone_LabelTypeRaw_Crop_faceTrue_BackendY11F_Large_boxFalse_Large_size1.5_Dyamic_DetTrue_det_len30_Median_face_boxTrue_unsupervised/subject15_L1_MO4_E2_S6_GE2_GL2_H2_MA2_input0.npy,
/zfsauton/data/straps/MMPD/subject15/p15_4.mat,15,4,LED-high,Stationary,False,6,female,False,False,False,2,1,2,6,2,2,2,2,2,/zfsauton/data/straps/MMPD/processed_dataset/MMPD_SizeW72_SizeH72_ClipLength180_DataTypeRaw_DataAugNone_LabelTypeRaw_Crop_faceTrue_BackendY11F_Large_boxFalse_Large_size1.5_Dyamic_DetTrue_det_len30_Median_face_boxTrue_unsupervised/subject15_L2_MO1_E2_S6_GE2_GL2_H2_MA2_input0.npy | /zfsauton/data/straps/MMPD/processed_dataset/MMPD_SizeW72_SizeH72_ClipLength180_DataTypeRaw_DataAugNone_LabelTypeRaw_Crop_faceTrue_BackendY11F_Large_boxFalse_Large_size1.5_Dyamic_DetTrue_det_len30_Median_face_boxTrue_unsupervised/subject15_L2_MO1_E2_S6_GE2_GL2_H2_MA2_label0.npy,
/zfsauton/data/straps/MMPD/subject15/p15_5.mat,15,5,LED-high,Rotation,False,6,female,False,False,False,2,2,2,6,2,2,2,2,2,/zfsauton/data/straps/MMPD/processed_dataset/MMPD_SizeW72_SizeH72_ClipLength180_DataTypeRaw_DataAugNone_LabelTypeRaw_Crop_faceTrue_BackendY11F_Large_boxFalse_Large_size1.5_Dyamic_DetTrue_det_len30_Median_face_boxTrue_unsupervised/subject15_L2_MO2_E2_S6_GE2_GL2_H2_MA2_input0.npy | /zfsauton/data/straps/MMPD/processed_dataset/MMPD_SizeW72_SizeH72_ClipLength180_DataTypeRaw_DataAugNone_LabelTypeRaw_Crop_faceTrue_BackendY11F_Large_boxFalse_Large_size1.5_Dyamic_DetTrue_det_len30_Median_face_boxTrue_unsupervised/subject15_L2_MO2_E2_S6_GE2_GL2_H2_MA2_label0.npy,
/zfsauton/data/straps/MMPD/subject15/p15_6.mat,15,6,LED-high,Talking,False,6,female,False,False,False,2,3,2,6,2,2,2,2,2,/zfsauton/data/straps/MMPD/processed_dataset/MMPD_SizeW72_SizeH72_ClipLength180_DataTypeRaw_DataAugNone_LabelTypeRaw_Crop_faceTrue_BackendY11F_Large_boxFalse_Large_size1.5_Dyamic_DetTrue_det_len30_Median_face_boxTrue_unsupervised/subject15_L2_MO3_E2_S6_GE2_GL2_H2_MA2_input0.npy | /zfsauton/data/straps/MMPD/processed_dataset/MMPD_SizeW72_SizeH72_ClipLength180_DataTypeRaw_DataAugNone_LabelTypeRaw_Crop_faceTrue_BackendY11F_Large_boxFalse_Large_size1.5_Dyamic_DetTrue_det_len30_Median_face_boxTrue_unsupervised/subject15_L2_MO3_E2_S6_GE2_GL2_H2_MA2_label0.npy,
/zfsauton/data/straps/MMPD/subject15/p15_7.mat,15,7,LED-high,Walking,False,6,female,False,False,False,2,4,2,6,2,2,2,2,2,/zfsauton/data/straps/MMPD/processed_dataset/MMPD_SizeW72_SizeH72_ClipLength180_DataTypeRaw_DataAugNone_LabelTypeRaw_Crop_faceTrue_BackendY11F_Large_boxFalse_Large_size1.5_Dyamic_DetTrue_det_len30_Median_face_boxTrue_unsupervised/subject15_L2_MO4_E2_S6_GE2_GL2_H2_MA2_label0.npy | /zfsauton/data/straps/MMPD/processed_dataset/MMPD_SizeW72_SizeH72_ClipLength180_DataTypeRaw_DataAugNone_LabelTypeRaw_Crop_faceTrue_BackendY11F_Large_boxFalse_Large_size1.5_Dyamic_DetTrue_det_len30_Median_face_boxTrue_unsupervised/subject15_L2_MO4_E2_S6_GE2_GL2_H2_MA2_input0.npy,
/zfsauton/data/straps/MMPD/subject15/p15_8.mat,15,8,Incandescent,Stationary,False,6,female,False,False,False,3,1,2,6,2,2,2,2,2,/zfsauton/data/straps/MMPD/processed_dataset/MMPD_SizeW72_SizeH72_ClipLength180_DataTypeRaw_DataAugNone_LabelTypeRaw_Crop_faceTrue_BackendY11F_Large_boxFalse_Large_size1.5_Dyamic_DetTrue_det_len30_Median_face_boxTrue_unsupervised/subject15_L3_MO1_E2_S6_GE2_GL2_H2_MA2_label0.npy | /zfsauton/data/straps/MMPD/processed_dataset/MMPD_SizeW72_SizeH72_ClipLength180_DataTypeRaw_DataAugNone_LabelTypeRaw_Crop_faceTrue_BackendY11F_Large_boxFalse_Large_size1.5_Dyamic_DetTrue_det_len30_Median_face_boxTrue_unsupervised/subject15_L3_MO1_E2_S6_GE2_GL2_H2_MA2_input0.npy,
/zfsauton/data/straps/MMPD/subject15/p15_9.mat,15,9,Incandescent,Rotation,False,6,female,False,False,False,3,2,2,6,2,2,2,2,2,/zfsauton/data/straps/MMPD/processed_dataset/MMPD_SizeW72_SizeH72_ClipLength180_DataTypeRaw_DataAugNone_LabelTypeRaw_Crop_faceTrue_BackendY11F_Large_boxFalse_Large_size1.5_Dyamic_DetTrue_det_len30_Median_face_boxTrue_unsupervised/subject15_L3_MO2_E2_S6_GE2_GL2_H2_MA2_label0.npy | /zfsauton/data/straps/MMPD/processed_dataset/MMPD_SizeW72_SizeH72_ClipLength180_DataTypeRaw_DataAugNone_LabelTypeRaw_Crop_faceTrue_BackendY11F_Large_boxFalse_Large_size1.5_Dyamic_DetTrue_det_len30_Median_face_boxTrue_unsupervised/subject15_L3_MO2_E2_S6_GE2_GL2_H2_MA2_input0.npy,
/zfsauton/data/straps/MMPD/subject16/p16_0.mat,16,0,LED-low,Stationary,False,6,male,False,False,False,1,1,2,6,1,2,2,2,2,/zfsauton/data/straps/MMPD/processed_dataset/MMPD_SizeW72_SizeH72_ClipLength180_DataTypeRaw_DataAugNone_LabelTypeRaw_Crop_faceTrue_BackendY11F_Large_boxFalse_Large_size1.5_Dyamic_DetTrue_det_len30_Median_face_boxTrue_unsupervised/subject16_L1_MO1_E2_S6_GE1_GL2_H2_MA2_label0.npy | /zfsauton/data/straps/MMPD/processed_dataset/MMPD_SizeW72_SizeH72_ClipLength180_DataTypeRaw_DataAugNone_LabelTypeRaw_Crop_faceTrue_BackendY11F_Large_boxFalse_Large_size1.5_Dyamic_DetTrue_det_len30_Median_face_boxTrue_unsupervised/subject16_L1_MO1_E2_S6_GE1_GL2_H2_MA2_input0.npy,
/zfsauton/data/straps/MMPD/subject16/p16_1.mat,16,1,LED-low,Rotation,False,6,male,False,False,False,1,2,2,6,1,2,2,2,2,/zfsauton/data/straps/MMPD/processed_dataset/MMPD_SizeW72_SizeH72_ClipLength180_DataTypeRaw_DataAugNone_LabelTypeRaw_Crop_faceTrue_BackendY11F_Large_boxFalse_Large_size1.5_Dyamic_DetTrue_det_len30_Median_face_boxTrue_unsupervised/subject16_L1_MO2_E2_S6_GE1_GL2_H2_MA2_label0.npy | /zfsauton/data/straps/MMPD/processed_dataset/MMPD_SizeW72_SizeH72_ClipLength180_DataTypeRaw_DataAugNone_LabelTypeRaw_Crop_faceTrue_BackendY11F_Large_boxFalse_Large_size1.5_Dyamic_DetTrue_det_len30_Median_face_boxTrue_unsupervised/subject16_L1_MO2_E2_S6_GE1_GL2_H2_MA2_input0.npy,
/zfsauton/data/straps/MMPD/subject16/p16_10.mat,16,10,Incandescent,Talking,False,6,male,False,False,False,3,3,2,6,1,2,2,2,2,/zfsauton/data/straps/MMPD/processed_dataset/MMPD_SizeW72_SizeH72_ClipLength180_DataTypeRaw_DataAugNone_LabelTypeRaw_Crop_faceTrue_BackendY11F_Large_boxFalse_Large_size1.5_Dyamic_DetTrue_det_len30_Median_face_boxTrue_unsupervised/subject16_L3_MO3_E2_S6_GE1_GL2_H2_MA2_input0.npy | /zfsauton/data/straps/MMPD/processed_dataset/MMPD_SizeW72_SizeH72_ClipLength180_DataTypeRaw_DataAugNone_LabelTypeRaw_Crop_faceTrue_BackendY11F_Large_boxFalse_Large_size1.5_Dyamic_DetTrue_det_len30_Median_face_boxTrue_unsupervised/subject16_L3_MO3_E2_S6_GE1_GL2_H2_MA2_label0.npy,
/zfsauton/data/straps/MMPD/subject16/p16_11.mat,16,11,Incandescent,Walking,False,6,male,False,False,False,3,4,2,6,1,2,2,2,2,/zfsauton/data/straps/MMPD/processed_dataset/MMPD_SizeW72_SizeH72_ClipLength180_DataTypeRaw_DataAugNone_LabelTypeRaw_Crop_faceTrue_BackendY11F_Large_boxFalse_Large_size1.5_Dyamic_DetTrue_det_len30_Median_face_boxTrue_unsupervised/subject16_L3_MO4_E2_S6_GE1_GL2_H2_MA2_label0.npy | /zfsauton/data/straps/MMPD/processed_dataset/MMPD_SizeW72_SizeH72_ClipLength180_DataTypeRaw_DataAugNone_LabelTypeRaw_Crop_faceTrue_BackendY11F_Large_boxFalse_Large_size1.5_Dyamic_DetTrue_det_len30_Median_face_boxTrue_unsupervised/subject16_L3_MO4_E2_S6_GE1_GL2_H2_MA2_input0.npy,
/zfsauton/data/straps/MMPD/subject16/p16_12.mat,16,12,Incandescent,Stationary (after exercise),True,6,male,False,False,False,3,1,1,6,1,2,2,2,2,/zfsauton/data/straps/MMPD/processed_dataset/MMPD_SizeW72_SizeH72_ClipLength180_DataTypeRaw_DataAugNone_LabelTypeRaw_Crop_faceTrue_BackendY11F_Large_boxFalse_Large_size1.5_Dyamic_DetTrue_det_len30_Median_face_boxTrue_unsupervised/subject16_L3_MO1_E1_S6_GE1_GL2_H2_MA2_label0.npy | /zfsauton/data/straps/MMPD/processed_dataset/MMPD_SizeW72_SizeH72_ClipLength180_DataTypeRaw_DataAugNone_LabelTypeRaw_Crop_faceTrue_BackendY11F_Large_boxFalse_Large_size1.5_Dyamic_DetTrue_det_len30_Median_face_boxTrue_unsupervised/subject16_L3_MO1_E1_S6_GE1_GL2_H2_MA2_input0.npy,
/zfsauton/data/straps/MMPD/subject16/p16_13.mat,16,13,LED-high,Stationary (after exercise),True,6,male,False,False,False,2,1,1,6,1,2,2,2,2,/zfsauton/data/straps/MMPD/processed_dataset/MMPD_SizeW72_SizeH72_ClipLength180_DataTypeRaw_DataAugNone_LabelTypeRaw_Crop_faceTrue_BackendY11F_Large_boxFalse_Large_size1.5_Dyamic_DetTrue_det_len30_Median_face_boxTrue_unsupervised/subject16_L2_MO1_E1_S6_GE1_GL2_H2_MA2_input0.npy | /zfsauton/data/straps/MMPD/processed_dataset/MMPD_SizeW72_SizeH72_ClipLength180_DataTypeRaw_DataAugNone_LabelTypeRaw_Crop_faceTrue_BackendY11F_Large_boxFalse_Large_size1.5_Dyamic_DetTrue_det_len30_Median_face_boxTrue_unsupervised/subject16_L2_MO1_E1_S6_GE1_GL2_H2_MA2_label0.npy,
/zfsauton/data/straps/MMPD/subject16/p16_14.mat,16,14,LED-low,Stationary (after exercise),True,6,male,False,False,False,1,1,1,6,1,2,2,2,2,/zfsauton/data/straps/MMPD/processed_dataset/MMPD_SizeW72_SizeH72_ClipLength180_DataTypeRaw_DataAugNone_LabelTypeRaw_Crop_faceTrue_BackendY11F_Large_boxFalse_Large_size1.5_Dyamic_DetTrue_det_len30_Median_face_boxTrue_unsupervised/subject16_L1_MO1_E1_S6_GE1_GL2_H2_MA2_input0.npy | /zfsauton/data/straps/MMPD/processed_dataset/MMPD_SizeW72_SizeH72_ClipLength180_DataTypeRaw_DataAugNone_LabelTypeRaw_Crop_faceTrue_BackendY11F_Large_boxFalse_Large_size1.5_Dyamic_DetTrue_det_len30_Median_face_boxTrue_unsupervised/subject16_L1_MO1_E1_S6_GE1_GL2_H2_MA2_label0.npy,
/zfsauton/data/straps/MMPD/subject16/p16_15.mat,16,15,Nature,Stationary (after exercise),True,6,male,False,False,False,4,1,1,6,1,2,2,2,2,/zfsauton/data/straps/MMPD/processed_dataset/MMPD_SizeW72_SizeH72_ClipLength180_DataTypeRaw_DataAugNone_LabelTypeRaw_Crop_faceTrue_BackendY11F_Large_boxFalse_Large_size1.5_Dyamic_DetTrue_det_len30_Median_face_boxTrue_unsupervised/subject16_L4_MO1_E1_S6_GE1_GL2_H2_MA2_label0.npy | /zfsauton/data/straps/MMPD/processed_dataset/MMPD_SizeW72_SizeH72_ClipLength180_DataTypeRaw_DataAugNone_LabelTypeRaw_Crop_faceTrue_BackendY11F_Large_boxFalse_Large_size1.5_Dyamic_DetTrue_det_len30_Median_face_boxTrue_unsupervised/subject16_L4_MO1_E1_S6_GE1_GL2_H2_MA2_input0.npy,
/zfsauton/data/straps/MMPD/subject16/p16_16.mat,16,16,Nature,Stationary,False,6,male,False,False,False,4,1,2,6,1,2,2,2,2,/zfsauton/data/straps/MMPD/processed_dataset/MMPD_SizeW72_SizeH72_ClipLength180_DataTypeRaw_DataAugNone_LabelTypeRaw_Crop_faceTrue_BackendY11F_Large_boxFalse_Large_size1.5_Dyamic_DetTrue_det_len30_Median_face_boxTrue_unsupervised/subject16_L4_MO1_E2_S6_GE1_GL2_H2_MA2_input0.npy | /zfsauton/data/straps/MMPD/processed_dataset/MMPD_SizeW72_SizeH72_ClipLength180_DataTypeRaw_DataAugNone_LabelTypeRaw_Crop_faceTrue_BackendY11F_Large_boxFalse_Large_size1.5_Dyamic_DetTrue_det_len30_Median_face_boxTrue_unsupervised/subject16_L4_MO1_E2_S6_GE1_GL2_H2_MA2_label0.npy,
/zfsauton/data/straps/MMPD/subject16/p16_17.mat,16,17,Nature,Rotation,False,6,male,False,False,False,4,2,2,6,1,2,2,2,2,/zfsauton/data/straps/MMPD/processed_dataset/MMPD_SizeW72_SizeH72_ClipLength180_DataTypeRaw_DataAugNone_LabelTypeRaw_Crop_faceTrue_BackendY11F_Large_boxFalse_Large_size1.5_Dyamic_DetTrue_det_len30_Median_face_boxTrue_unsupervised/subject16_L4_MO2_E2_S6_GE1_GL2_H2_MA2_input0.npy | /zfsauton/data/straps/MMPD/processed_dataset/MMPD_SizeW72_SizeH72_ClipLength180_DataTypeRaw_DataAugNone_LabelTypeRaw_Crop_faceTrue_BackendY11F_Large_boxFalse_Large_size1.5_Dyamic_DetTrue_det_len30_Median_face_boxTrue_unsupervised/subject16_L4_MO2_E2_S6_GE1_GL2_H2_MA2_label0.npy,
/zfsauton/data/straps/MMPD/subject16/p16_18.mat,16,18,Nature,Talking,False,6,male,False,False,False,4,3,2,6,1,2,2,2,2,/zfsauton/data/straps/MMPD/processed_dataset/MMPD_SizeW72_SizeH72_ClipLength180_DataTypeRaw_DataAugNone_LabelTypeRaw_Crop_faceTrue_BackendY11F_Large_boxFalse_Large_size1.5_Dyamic_DetTrue_det_len30_Median_face_boxTrue_unsupervised/subject16_L4_MO3_E2_S6_GE1_GL2_H2_MA2_input0.npy | /zfsauton/data/straps/MMPD/processed_dataset/MMPD_SizeW72_SizeH72_ClipLength180_DataTypeRaw_DataAugNone_LabelTypeRaw_Crop_faceTrue_BackendY11F_Large_boxFalse_Large_size1.5_Dyamic_DetTrue_det_len30_Median_face_boxTrue_unsupervised/subject16_L4_MO3_E2_S6_GE1_GL2_H2_MA2_label0.npy,
/zfsauton/data/straps/MMPD/subject16/p16_19.mat,16,19,Nature,Walking,False,6,male,False,False,False,4,4,2,6,1,2,2,2,2,/zfsauton/data/straps/MMPD/processed_dataset/MMPD_SizeW72_SizeH72_ClipLength180_DataTypeRaw_DataAugNone_LabelTypeRaw_Crop_faceTrue_BackendY11F_Large_boxFalse_Large_size1.5_Dyamic_DetTrue_det_len30_Median_face_boxTrue_unsupervised/subject16_L4_MO4_E2_S6_GE1_GL2_H2_MA2_label0.npy | /zfsauton/data/straps/MMPD/processed_dataset/MMPD_SizeW72_SizeH72_ClipLength180_DataTypeRaw_DataAugNone_LabelTypeRaw_Crop_faceTrue_BackendY11F_Large_boxFalse_Large_size1.5_Dyamic_DetTrue_det_len30_Median_face_boxTrue_unsupervised/subject16_L4_MO4_E2_S6_GE1_GL2_H2_MA2_input0.npy,
/zfsauton/data/straps/MMPD/subject16/p16_2.mat,16,2,LED-low,Talking,False,6,male,False,False,False,1,3,2,6,1,2,2,2,2,/zfsauton/data/straps/MMPD/processed_dataset/MMPD_SizeW72_SizeH72_ClipLength180_DataTypeRaw_DataAugNone_LabelTypeRaw_Crop_faceTrue_BackendY11F_Large_boxFalse_Large_size1.5_Dyamic_DetTrue_det_len30_Median_face_boxTrue_unsupervised/subject16_L1_MO3_E2_S6_GE1_GL2_H2_MA2_label0.npy | /zfsauton/data/straps/MMPD/processed_dataset/MMPD_SizeW72_SizeH72_ClipLength180_DataTypeRaw_DataAugNone_LabelTypeRaw_Crop_faceTrue_BackendY11F_Large_boxFalse_Large_size1.5_Dyamic_DetTrue_det_len30_Median_face_boxTrue_unsupervised/subject16_L1_MO3_E2_S6_GE1_GL2_H2_MA2_input0.npy,
/zfsauton/data/straps/MMPD/subject16/p16_3.mat,16,3,LED-low,Walking,False,6,male,False,False,False,1,4,2,6,1,2,2,2,2,/zfsauton/data/straps/MMPD/processed_dataset/MMPD_SizeW72_SizeH72_ClipLength180_DataTypeRaw_DataAugNone_LabelTypeRaw_Crop_faceTrue_BackendY11F_Large_boxFalse_Large_size1.5_Dyamic_DetTrue_det_len30_Median_face_boxTrue_unsupervised/subject16_L1_MO4_E2_S6_GE1_GL2_H2_MA2_input0.npy | /zfsauton/data/straps/MMPD/processed_dataset/MMPD_SizeW72_SizeH72_ClipLength180_DataTypeRaw_DataAugNone_LabelTypeRaw_Crop_faceTrue_BackendY11F_Large_boxFalse_Large_size1.5_Dyamic_DetTrue_det_len30_Median_face_boxTrue_unsupervised/subject16_L1_MO4_E2_S6_GE1_GL2_H2_MA2_label0.npy,
/zfsauton/data/straps/MMPD/subject16/p16_4.mat,16,4,LED-high,Stationary,False,6,male,False,False,False,2,1,2,6,1,2,2,2,2,/zfsauton/data/straps/MMPD/processed_dataset/MMPD_SizeW72_SizeH72_ClipLength180_DataTypeRaw_DataAugNone_LabelTypeRaw_Crop_faceTrue_BackendY11F_Large_boxFalse_Large_size1.5_Dyamic_DetTrue_det_len30_Median_face_boxTrue_unsupervised/subject16_L2_MO1_E2_S6_GE1_GL2_H2_MA2_label0.npy | /zfsauton/data/straps/MMPD/processed_dataset/MMPD_SizeW72_SizeH72_ClipLength180_DataTypeRaw_DataAugNone_LabelTypeRaw_Crop_faceTrue_BackendY11F_Large_boxFalse_Large_size1.5_Dyamic_DetTrue_det_len30_Median_face_boxTrue_unsupervised/subject16_L2_MO1_E2_S6_GE1_GL2_H2_MA2_input0.npy,
/zfsauton/data/straps/MMPD/subject16/p16_5.mat,16,5,LED-high,Rotation,False,6,male,False,False,False,2,2,2,6,1,2,2,2,2,/zfsauton/data/straps/MMPD/processed_dataset/MMPD_SizeW72_SizeH72_ClipLength180_DataTypeRaw_DataAugNone_LabelTypeRaw_Crop_faceTrue_BackendY11F_Large_boxFalse_Large_size1.5_Dyamic_DetTrue_det_len30_Median_face_boxTrue_unsupervised/subject16_L2_MO2_E2_S6_GE1_GL2_H2_MA2_label0.npy | /zfsauton/data/straps/MMPD/processed_dataset/MMPD_SizeW72_SizeH72_ClipLength180_DataTypeRaw_DataAugNone_LabelTypeRaw_Crop_faceTrue_BackendY11F_Large_boxFalse_Large_size1.5_Dyamic_DetTrue_det_len30_Median_face_boxTrue_unsupervised/subject16_L2_MO2_E2_S6_GE1_GL2_H2_MA2_input0.npy,
/zfsauton/data/straps/MMPD/subject16/p16_6.mat,16,6,LED-high,Talking,False,6,male,False,False,False,2,3,2,6,1,2,2,2,2,/zfsauton/data/straps/MMPD/processed_dataset/MMPD_SizeW72_SizeH72_ClipLength180_DataTypeRaw_DataAugNone_LabelTypeRaw_Crop_faceTrue_BackendY11F_Large_boxFalse_Large_size1.5_Dyamic_DetTrue_det_len30_Median_face_boxTrue_unsupervised/subject16_L2_MO3_E2_S6_GE1_GL2_H2_MA2_label0.npy | /zfsauton/data/straps/MMPD/processed_dataset/MMPD_SizeW72_SizeH72_ClipLength180_DataTypeRaw_DataAugNone_LabelTypeRaw_Crop_faceTrue_BackendY11F_Large_boxFalse_Large_size1.5_Dyamic_DetTrue_det_len30_Median_face_boxTrue_unsupervised/subject16_L2_MO3_E2_S6_GE1_GL2_H2_MA2_input0.npy,
/zfsauton/data/straps/MMPD/subject16/p16_7.mat,16,7,LED-high,Walking,False,6,male,False,False,False,2,4,2,6,1,2,2,2,2,/zfsauton/data/straps/MMPD/processed_dataset/MMPD_SizeW72_SizeH72_ClipLength180_DataTypeRaw_DataAugNone_LabelTypeRaw_Crop_faceTrue_BackendY11F_Large_boxFalse_Large_size1.5_Dyamic_DetTrue_det_len30_Median_face_boxTrue_unsupervised/subject16_L2_MO4_E2_S6_GE1_GL2_H2_MA2_input0.npy | /zfsauton/data/straps/MMPD/processed_dataset/MMPD_SizeW72_SizeH72_ClipLength180_DataTypeRaw_DataAugNone_LabelTypeRaw_Crop_faceTrue_BackendY11F_Large_boxFalse_Large_size1.5_Dyamic_DetTrue_det_len30_Median_face_boxTrue_unsupervised/subject16_L2_MO4_E2_S6_GE1_GL2_H2_MA2_label0.npy,
/zfsauton/data/straps/MMPD/subject16/p16_8.mat,16,8,Incandescent,Stationary,False,6,male,False,False,False,3,1,2,6,1,2,2,2,2,/zfsauton/data/straps/MMPD/processed_dataset/MMPD_SizeW72_SizeH72_ClipLength180_DataTypeRaw_DataAugNone_LabelTypeRaw_Crop_faceTrue_BackendY11F_Large_boxFalse_Large_size1.5_Dyamic_DetTrue_det_len30_Median_face_boxTrue_unsupervised/subject16_L3_MO1_E2_S6_GE1_GL2_H2_MA2_input0.npy | /zfsauton/data/straps/MMPD/processed_dataset/MMPD_SizeW72_SizeH72_ClipLength180_DataTypeRaw_DataAugNone_LabelTypeRaw_Crop_faceTrue_BackendY11F_Large_boxFalse_Large_size1.5_Dyamic_DetTrue_det_len30_Median_face_boxTrue_unsupervised/subject16_L3_MO1_E2_S6_GE1_GL2_H2_MA2_label0.npy,
/zfsauton/data/straps/MMPD/subject16/p16_9.mat,16,9,Incandescent,Rotation,False,6,male,False,False,False,3,2,2,6,1,2,2,2,2,/zfsauton/data/straps/MMPD/processed_dataset/MMPD_SizeW72_SizeH72_ClipLength180_DataTypeRaw_DataAugNone_LabelTypeRaw_Crop_faceTrue_BackendY11F_Large_boxFalse_Large_size1.5_Dyamic_DetTrue_det_len30_Median_face_boxTrue_unsupervised/subject16_L3_MO2_E2_S6_GE1_GL2_H2_MA2_input0.npy | /zfsauton/data/straps/MMPD/processed_dataset/MMPD_SizeW72_SizeH72_ClipLength180_DataTypeRaw_DataAugNone_LabelTypeRaw_Crop_faceTrue_BackendY11F_Large_boxFalse_Large_size1.5_Dyamic_DetTrue_det_len30_Median_face_boxTrue_unsupervised/subject16_L3_MO2_E2_S6_GE1_GL2_H2_MA2_label0.npy,
/zfsauton/data/straps/MMPD/subject17/p17_0.mat,17,0,LED-low,Stationary,False,4,male,False,False,False,1,1,2,4,1,2,2,2,2,/zfsauton/data/straps/MMPD/processed_dataset/MMPD_SizeW72_SizeH72_ClipLength180_DataTypeRaw_DataAugNone_LabelTypeRaw_Crop_faceTrue_BackendY11F_Large_boxFalse_Large_size1.5_Dyamic_DetTrue_det_len30_Median_face_boxTrue_unsupervised/subject17_L1_MO1_E2_S4_GE1_GL2_H2_MA2_input0.npy | /zfsauton/data/straps/MMPD/processed_dataset/MMPD_SizeW72_SizeH72_ClipLength180_DataTypeRaw_DataAugNone_LabelTypeRaw_Crop_faceTrue_BackendY11F_Large_boxFalse_Large_size1.5_Dyamic_DetTrue_det_len30_Median_face_boxTrue_unsupervised/subject17_L1_MO1_E2_S4_GE1_GL2_H2_MA2_label0.npy,
/zfsauton/data/straps/MMPD/subject17/p17_1.mat,17,1,LED-low,Rotation,False,4,male,False,False,False,1,2,2,4,1,2,2,2,2,/zfsauton/data/straps/MMPD/processed_dataset/MMPD_SizeW72_SizeH72_ClipLength180_DataTypeRaw_DataAugNone_LabelTypeRaw_Crop_faceTrue_BackendY11F_Large_boxFalse_Large_size1.5_Dyamic_DetTrue_det_len30_Median_face_boxTrue_unsupervised/subject17_L1_MO2_E2_S4_GE1_GL2_H2_MA2_input0.npy | /zfsauton/data/straps/MMPD/processed_dataset/MMPD_SizeW72_SizeH72_ClipLength180_DataTypeRaw_DataAugNone_LabelTypeRaw_Crop_faceTrue_BackendY11F_Large_boxFalse_Large_size1.5_Dyamic_DetTrue_det_len30_Median_face_boxTrue_unsupervised/subject17_L1_MO2_E2_S4_GE1_GL2_H2_MA2_label0.npy,
/zfsauton/data/straps/MMPD/subject17/p17_10.mat,17,10,Incandescent,Talking,False,4,male,False,False,False,3,3,2,4,1,2,2,2,2,/zfsauton/data/straps/MMPD/processed_dataset/MMPD_SizeW72_SizeH72_ClipLength180_DataTypeRaw_DataAugNone_LabelTypeRaw_Crop_faceTrue_BackendY11F_Large_boxFalse_Large_size1.5_Dyamic_DetTrue_det_len30_Median_face_boxTrue_unsupervised/subject17_L3_MO3_E2_S4_GE1_GL2_H2_MA2_label0.npy | /zfsauton/data/straps/MMPD/processed_dataset/MMPD_SizeW72_SizeH72_ClipLength180_DataTypeRaw_DataAugNone_LabelTypeRaw_Crop_faceTrue_BackendY11F_Large_boxFalse_Large_size1.5_Dyamic_DetTrue_det_len30_Median_face_boxTrue_unsupervised/subject17_L3_MO3_E2_S4_GE1_GL2_H2_MA2_input0.npy,
/zfsauton/data/straps/MMPD/subject17/p17_11.mat,17,11,Incandescent,Walking,False,4,male,False,False,False,3,4,2,4,1,2,2,2,2,/zfsauton/data/straps/MMPD/processed_dataset/MMPD_SizeW72_SizeH72_ClipLength180_DataTypeRaw_DataAugNone_LabelTypeRaw_Crop_faceTrue_BackendY11F_Large_boxFalse_Large_size1.5_Dyamic_DetTrue_det_len30_Median_face_boxTrue_unsupervised/subject17_L3_MO4_E2_S4_GE1_GL2_H2_MA2_input0.npy | /zfsauton/data/straps/MMPD/processed_dataset/MMPD_SizeW72_SizeH72_ClipLength180_DataTypeRaw_DataAugNone_LabelTypeRaw_Crop_faceTrue_BackendY11F_Large_boxFalse_Large_size1.5_Dyamic_DetTrue_det_len30_Median_face_boxTrue_unsupervised/subject17_L3_MO4_E2_S4_GE1_GL2_H2_MA2_label0.npy,
/zfsauton/data/straps/MMPD/subject17/p17_12.mat,17,12,Incandescent,Stationary (after exercise),True,4,male,False,False,False,3,1,1,4,1,2,2,2,2,/zfsauton/data/straps/MMPD/processed_dataset/MMPD_SizeW72_SizeH72_ClipLength180_DataTypeRaw_DataAugNone_LabelTypeRaw_Crop_faceTrue_BackendY11F_Large_boxFalse_Large_size1.5_Dyamic_DetTrue_det_len30_Median_face_boxTrue_unsupervised/subject17_L3_MO1_E1_S4_GE1_GL2_H2_MA2_input0.npy | /zfsauton/data/straps/MMPD/processed_dataset/MMPD_SizeW72_SizeH72_ClipLength180_DataTypeRaw_DataAugNone_LabelTypeRaw_Crop_faceTrue_BackendY11F_Large_boxFalse_Large_size1.5_Dyamic_DetTrue_det_len30_Median_face_boxTrue_unsupervised/subject17_L3_MO1_E1_S4_GE1_GL2_H2_MA2_label0.npy,
/zfsauton/data/straps/MMPD/subject17/p17_13.mat,17,13,LED-high,Stationary (after exercise),True,4,male,False,False,False,2,1,1,4,1,2,2,2,2,/zfsauton/data/straps/MMPD/processed_dataset/MMPD_SizeW72_SizeH72_ClipLength180_DataTypeRaw_DataAugNone_LabelTypeRaw_Crop_faceTrue_BackendY11F_Large_boxFalse_Large_size1.5_Dyamic_DetTrue_det_len30_Median_face_boxTrue_unsupervised/subject17_L2_MO1_E1_S4_GE1_GL2_H2_MA2_label0.npy | /zfsauton/data/straps/MMPD/processed_dataset/MMPD_SizeW72_SizeH72_ClipLength180_DataTypeRaw_DataAugNone_LabelTypeRaw_Crop_faceTrue_BackendY11F_Large_boxFalse_Large_size1.5_Dyamic_DetTrue_det_len30_Median_face_boxTrue_unsupervised/subject17_L2_MO1_E1_S4_GE1_GL2_H2_MA2_input0.npy,
/zfsauton/data/straps/MMPD/subject17/p17_14.mat,17,14,LED-low,Stationary (after exercise),True,4,male,False,False,False,1,1,1,4,1,2,2,2,2,/zfsauton/data/straps/MMPD/processed_dataset/MMPD_SizeW72_SizeH72_ClipLength180_DataTypeRaw_DataAugNone_LabelTypeRaw_Crop_faceTrue_BackendY11F_Large_boxFalse_Large_size1.5_Dyamic_DetTrue_det_len30_Median_face_boxTrue_unsupervised/subject17_L1_MO1_E1_S4_GE1_GL2_H2_MA2_label0.npy | /zfsauton/data/straps/MMPD/processed_dataset/MMPD_SizeW72_SizeH72_ClipLength180_DataTypeRaw_DataAugNone_LabelTypeRaw_Crop_faceTrue_BackendY11F_Large_boxFalse_Large_size1.5_Dyamic_DetTrue_det_len30_Median_face_boxTrue_unsupervised/subject17_L1_MO1_E1_S4_GE1_GL2_H2_MA2_input0.npy,
/zfsauton/data/straps/MMPD/subject17/p17_15.mat,17,15,Nature,Stationary (after exercise),True,4,male,False,False,False,4,1,1,4,1,2,2,2,2,/zfsauton/data/straps/MMPD/processed_dataset/MMPD_SizeW72_SizeH72_ClipLength180_DataTypeRaw_DataAugNone_LabelTypeRaw_Crop_faceTrue_BackendY11F_Large_boxFalse_Large_size1.5_Dyamic_DetTrue_det_len30_Median_face_boxTrue_unsupervised/subject17_L4_MO1_E1_S4_GE1_GL2_H2_MA2_input0.npy | /zfsauton/data/straps/MMPD/processed_dataset/MMPD_SizeW72_SizeH72_ClipLength180_DataTypeRaw_DataAugNone_LabelTypeRaw_Crop_faceTrue_BackendY11F_Large_boxFalse_Large_size1.5_Dyamic_DetTrue_det_len30_Median_face_boxTrue_unsupervised/subject17_L4_MO1_E1_S4_GE1_GL2_H2_MA2_label0.npy,
/zfsauton/data/straps/MMPD/subject17/p17_16.mat,17,16,Nature,Stationary,False,4,male,False,False,False,4,1,2,4,1,2,2,2,2,/zfsauton/data/straps/MMPD/processed_dataset/MMPD_SizeW72_SizeH72_ClipLength180_DataTypeRaw_DataAugNone_LabelTypeRaw_Crop_faceTrue_BackendY11F_Large_boxFalse_Large_size1.5_Dyamic_DetTrue_det_len30_Median_face_boxTrue_unsupervised/subject17_L4_MO1_E2_S4_GE1_GL2_H2_MA2_label0.npy | /zfsauton/data/straps/MMPD/processed_dataset/MMPD_SizeW72_SizeH72_ClipLength180_DataTypeRaw_DataAugNone_LabelTypeRaw_Crop_faceTrue_BackendY11F_Large_boxFalse_Large_size1.5_Dyamic_DetTrue_det_len30_Median_face_boxTrue_unsupervised/subject17_L4_MO1_E2_S4_GE1_GL2_H2_MA2_input0.npy,
/zfsauton/data/straps/MMPD/subject17/p17_17.mat,17,17,Nature,Rotation,False,4,male,False,False,False,4,2,2,4,1,2,2,2,2,/zfsauton/data/straps/MMPD/processed_dataset/MMPD_SizeW72_SizeH72_ClipLength180_DataTypeRaw_DataAugNone_LabelTypeRaw_Crop_faceTrue_BackendY11F_Large_boxFalse_Large_size1.5_Dyamic_DetTrue_det_len30_Median_face_boxTrue_unsupervised/subject17_L4_MO2_E2_S4_GE1_GL2_H2_MA2_label0.npy | /zfsauton/data/straps/MMPD/processed_dataset/MMPD_SizeW72_SizeH72_ClipLength180_DataTypeRaw_DataAugNone_LabelTypeRaw_Crop_faceTrue_BackendY11F_Large_boxFalse_Large_size1.5_Dyamic_DetTrue_det_len30_Median_face_boxTrue_unsupervised/subject17_L4_MO2_E2_S4_GE1_GL2_H2_MA2_input0.npy,
/zfsauton/data/straps/MMPD/subject17/p17_18.mat,17,18,Nature,Talking,False,4,male,False,False,False,4,3,2,4,1,2,2,2,2,/zfsauton/data/straps/MMPD/processed_dataset/MMPD_SizeW72_SizeH72_ClipLength180_DataTypeRaw_DataAugNone_LabelTypeRaw_Crop_faceTrue_BackendY11F_Large_boxFalse_Large_size1.5_Dyamic_DetTrue_det_len30_Median_face_boxTrue_unsupervised/subject17_L4_MO3_E2_S4_GE1_GL2_H2_MA2_label0.npy | /zfsauton/data/straps/MMPD/processed_dataset/MMPD_SizeW72_SizeH72_ClipLength180_DataTypeRaw_DataAugNone_LabelTypeRaw_Crop_faceTrue_BackendY11F_Large_boxFalse_Large_size1.5_Dyamic_DetTrue_det_len30_Median_face_boxTrue_unsupervised/subject17_L4_MO3_E2_S4_GE1_GL2_H2_MA2_input0.npy,
/zfsauton/data/straps/MMPD/subject17/p17_19.mat,17,19,Nature,Walking,False,4,male,False,False,False,4,4,2,4,1,2,2,2,2,/zfsauton/data/straps/MMPD/processed_dataset/MMPD_SizeW72_SizeH72_ClipLength180_DataTypeRaw_DataAugNone_LabelTypeRaw_Crop_faceTrue_BackendY11F_Large_boxFalse_Large_size1.5_Dyamic_DetTrue_det_len30_Median_face_boxTrue_unsupervised/subject17_L4_MO4_E2_S4_GE1_GL2_H2_MA2_input0.npy | /zfsauton/data/straps/MMPD/processed_dataset/MMPD_SizeW72_SizeH72_ClipLength180_DataTypeRaw_DataAugNone_LabelTypeRaw_Crop_faceTrue_BackendY11F_Large_boxFalse_Large_size1.5_Dyamic_DetTrue_det_len30_Median_face_boxTrue_unsupervised/subject17_L4_MO4_E2_S4_GE1_GL2_H2_MA2_label0.npy,
/zfsauton/data/straps/MMPD/subject17/p17_2.mat,17,2,LED-low,Talking,False,4,male,False,False,False,1,3,2,4,1,2,2,2,2,/zfsauton/data/straps/MMPD/processed_dataset/MMPD_SizeW72_SizeH72_ClipLength180_DataTypeRaw_DataAugNone_LabelTypeRaw_Crop_faceTrue_BackendY11F_Large_boxFalse_Large_size1.5_Dyamic_DetTrue_det_len30_Median_face_boxTrue_unsupervised/subject17_L1_MO3_E2_S4_GE1_GL2_H2_MA2_input0.npy | /zfsauton/data/straps/MMPD/processed_dataset/MMPD_SizeW72_SizeH72_ClipLength180_DataTypeRaw_DataAugNone_LabelTypeRaw_Crop_faceTrue_BackendY11F_Large_boxFalse_Large_size1.5_Dyamic_DetTrue_det_len30_Median_face_boxTrue_unsupervised/subject17_L1_MO3_E2_S4_GE1_GL2_H2_MA2_label0.npy,
/zfsauton/data/straps/MMPD/subject17/p17_3.mat,17,3,LED-low,Walking,False,4,male,False,False,False,1,4,2,4,1,2,2,2,2,/zfsauton/data/straps/MMPD/processed_dataset/MMPD_SizeW72_SizeH72_ClipLength180_DataTypeRaw_DataAugNone_LabelTypeRaw_Crop_faceTrue_BackendY11F_Large_boxFalse_Large_size1.5_Dyamic_DetTrue_det_len30_Median_face_boxTrue_unsupervised/subject17_L1_MO4_E2_S4_GE1_GL2_H2_MA2_label0.npy | /zfsauton/data/straps/MMPD/processed_dataset/MMPD_SizeW72_SizeH72_ClipLength180_DataTypeRaw_DataAugNone_LabelTypeRaw_Crop_faceTrue_BackendY11F_Large_boxFalse_Large_size1.5_Dyamic_DetTrue_det_len30_Median_face_boxTrue_unsupervised/subject17_L1_MO4_E2_S4_GE1_GL2_H2_MA2_input0.npy,
/zfsauton/data/straps/MMPD/subject17/p17_4.mat,17,4,LED-high,Stationary,False,4,male,False,False,False,2,1,2,4,1,2,2,2,2,/zfsauton/data/straps/MMPD/processed_dataset/MMPD_SizeW72_SizeH72_ClipLength180_DataTypeRaw_DataAugNone_LabelTypeRaw_Crop_faceTrue_BackendY11F_Large_boxFalse_Large_size1.5_Dyamic_DetTrue_det_len30_Median_face_boxTrue_unsupervised/subject17_L2_MO1_E2_S4_GE1_GL2_H2_MA2_input0.npy | /zfsauton/data/straps/MMPD/processed_dataset/MMPD_SizeW72_SizeH72_ClipLength180_DataTypeRaw_DataAugNone_LabelTypeRaw_Crop_faceTrue_BackendY11F_Large_boxFalse_Large_size1.5_Dyamic_DetTrue_det_len30_Median_face_boxTrue_unsupervised/subject17_L2_MO1_E2_S4_GE1_GL2_H2_MA2_label0.npy,
/zfsauton/data/straps/MMPD/subject17/p17_5.mat,17,5,LED-high,Rotation,False,4,male,False,False,False,2,2,2,4,1,2,2,2,2,/zfsauton/data/straps/MMPD/processed_dataset/MMPD_SizeW72_SizeH72_ClipLength180_DataTypeRaw_DataAugNone_LabelTypeRaw_Crop_faceTrue_BackendY11F_Large_boxFalse_Large_size1.5_Dyamic_DetTrue_det_len30_Median_face_boxTrue_unsupervised/subject17_L2_MO2_E2_S4_GE1_GL2_H2_MA2_input0.npy | /zfsauton/data/straps/MMPD/processed_dataset/MMPD_SizeW72_SizeH72_ClipLength180_DataTypeRaw_DataAugNone_LabelTypeRaw_Crop_faceTrue_BackendY11F_Large_boxFalse_Large_size1.5_Dyamic_DetTrue_det_len30_Median_face_boxTrue_unsupervised/subject17_L2_MO2_E2_S4_GE1_GL2_H2_MA2_label0.npy,
/zfsauton/data/straps/MMPD/subject17/p17_6.mat,17,6,LED-high,Talking,False,4,male,False,False,False,2,3,2,4,1,2,2,2,2,/zfsauton/data/straps/MMPD/processed_dataset/MMPD_SizeW72_SizeH72_ClipLength180_DataTypeRaw_DataAugNone_LabelTypeRaw_Crop_faceTrue_BackendY11F_Large_boxFalse_Large_size1.5_Dyamic_DetTrue_det_len30_Median_face_boxTrue_unsupervised/subject17_L2_MO3_E2_S4_GE1_GL2_H2_MA2_input0.npy | /zfsauton/data/straps/MMPD/processed_dataset/MMPD_SizeW72_SizeH72_ClipLength180_DataTypeRaw_DataAugNone_LabelTypeRaw_Crop_faceTrue_BackendY11F_Large_boxFalse_Large_size1.5_Dyamic_DetTrue_det_len30_Median_face_boxTrue_unsupervised/subject17_L2_MO3_E2_S4_GE1_GL2_H2_MA2_label0.npy,
/zfsauton/data/straps/MMPD/subject17/p17_7.mat,17,7,LED-high,Walking,False,4,male,False,False,False,2,4,2,4,1,2,2,2,2,/zfsauton/data/straps/MMPD/processed_dataset/MMPD_SizeW72_SizeH72_ClipLength180_DataTypeRaw_DataAugNone_LabelTypeRaw_Crop_faceTrue_BackendY11F_Large_boxFalse_Large_size1.5_Dyamic_DetTrue_det_len30_Median_face_boxTrue_unsupervised/subject17_L2_MO4_E2_S4_GE1_GL2_H2_MA2_label0.npy | /zfsauton/data/straps/MMPD/processed_dataset/MMPD_SizeW72_SizeH72_ClipLength180_DataTypeRaw_DataAugNone_LabelTypeRaw_Crop_faceTrue_BackendY11F_Large_boxFalse_Large_size1.5_Dyamic_DetTrue_det_len30_Median_face_boxTrue_unsupervised/subject17_L2_MO4_E2_S4_GE1_GL2_H2_MA2_input0.npy,
/zfsauton/data/straps/MMPD/subject17/p17_8.mat,17,8,Incandescent,Stationary,False,4,male,False,False,False,3,1,2,4,1,2,2,2,2,/zfsauton/data/straps/MMPD/processed_dataset/MMPD_SizeW72_SizeH72_ClipLength180_DataTypeRaw_DataAugNone_LabelTypeRaw_Crop_faceTrue_BackendY11F_Large_boxFalse_Large_size1.5_Dyamic_DetTrue_det_len30_Median_face_boxTrue_unsupervised/subject17_L3_MO1_E2_S4_GE1_GL2_H2_MA2_label0.npy | /zfsauton/data/straps/MMPD/processed_dataset/MMPD_SizeW72_SizeH72_ClipLength180_DataTypeRaw_DataAugNone_LabelTypeRaw_Crop_faceTrue_BackendY11F_Large_boxFalse_Large_size1.5_Dyamic_DetTrue_det_len30_Median_face_boxTrue_unsupervised/subject17_L3_MO1_E2_S4_GE1_GL2_H2_MA2_input0.npy,
/zfsauton/data/straps/MMPD/subject17/p17_9.mat,17,9,Incandescent,Rotation,False,4,male,False,False,False,3,2,2,4,1,2,2,2,2,/zfsauton/data/straps/MMPD/processed_dataset/MMPD_SizeW72_SizeH72_ClipLength180_DataTypeRaw_DataAugNone_LabelTypeRaw_Crop_faceTrue_BackendY11F_Large_boxFalse_Large_size1.5_Dyamic_DetTrue_det_len30_Median_face_boxTrue_unsupervised/subject17_L3_MO2_E2_S4_GE1_GL2_H2_MA2_label0.npy | /zfsauton/data/straps/MMPD/processed_dataset/MMPD_SizeW72_SizeH72_ClipLength180_DataTypeRaw_DataAugNone_LabelTypeRaw_Crop_faceTrue_BackendY11F_Large_boxFalse_Large_size1.5_Dyamic_DetTrue_det_len30_Median_face_boxTrue_unsupervised/subject17_L3_MO2_E2_S4_GE1_GL2_H2_MA2_input0.npy,
/zfsauton/data/straps/MMPD/subject18/p18_0.mat,18,0,LED-low,Stationary,False,3,female,True,True,False,1,1,2,3,2,1,1,2,2,/zfsauton/data/straps/MMPD/processed_dataset/MMPD_SizeW72_SizeH72_ClipLength180_DataTypeRaw_DataAugNone_LabelTypeRaw_Crop_faceTrue_BackendY11F_Large_boxFalse_Large_size1.5_Dyamic_DetTrue_det_len30_Median_face_boxTrue_unsupervised/subject18_L1_MO1_E2_S3_GE2_GL1_H1_MA2_label0.npy | /zfsauton/data/straps/MMPD/processed_dataset/MMPD_SizeW72_SizeH72_ClipLength180_DataTypeRaw_DataAugNone_LabelTypeRaw_Crop_faceTrue_BackendY11F_Large_boxFalse_Large_size1.5_Dyamic_DetTrue_det_len30_Median_face_boxTrue_unsupervised/subject18_L1_MO1_E2_S3_GE2_GL1_H1_MA2_input0.npy,
/zfsauton/data/straps/MMPD/subject18/p18_1.mat,18,1,LED-low,Rotation,False,3,female,True,True,False,1,2,2,3,2,1,1,2,2,/zfsauton/data/straps/MMPD/processed_dataset/MMPD_SizeW72_SizeH72_ClipLength180_DataTypeRaw_DataAugNone_LabelTypeRaw_Crop_faceTrue_BackendY11F_Large_boxFalse_Large_size1.5_Dyamic_DetTrue_det_len30_Median_face_boxTrue_unsupervised/subject18_L1_MO2_E2_S3_GE2_GL1_H1_MA2_label0.npy | /zfsauton/data/straps/MMPD/processed_dataset/MMPD_SizeW72_SizeH72_ClipLength180_DataTypeRaw_DataAugNone_LabelTypeRaw_Crop_faceTrue_BackendY11F_Large_boxFalse_Large_size1.5_Dyamic_DetTrue_det_len30_Median_face_boxTrue_unsupervised/subject18_L1_MO2_E2_S3_GE2_GL1_H1_MA2_input0.npy,
/zfsauton/data/straps/MMPD/subject18/p18_10.mat,18,10,Incandescent,Talking,False,3,female,True,True,False,3,3,2,3,2,1,1,2,2,/zfsauton/data/straps/MMPD/processed_dataset/MMPD_SizeW72_SizeH72_ClipLength180_DataTypeRaw_DataAugNone_LabelTypeRaw_Crop_faceTrue_BackendY11F_Large_boxFalse_Large_size1.5_Dyamic_DetTrue_det_len30_Median_face_boxTrue_unsupervised/subject18_L3_MO3_E2_S3_GE2_GL1_H1_MA2_input0.npy | /zfsauton/data/straps/MMPD/processed_dataset/MMPD_SizeW72_SizeH72_ClipLength180_DataTypeRaw_DataAugNone_LabelTypeRaw_Crop_faceTrue_BackendY11F_Large_boxFalse_Large_size1.5_Dyamic_DetTrue_det_len30_Median_face_boxTrue_unsupervised/subject18_L3_MO3_E2_S3_GE2_GL1_H1_MA2_label0.npy,
/zfsauton/data/straps/MMPD/subject18/p18_11.mat,18,11,Incandescent,Walking,False,3,female,True,True,False,3,4,2,3,2,1,1,2,2,/zfsauton/data/straps/MMPD/processed_dataset/MMPD_SizeW72_SizeH72_ClipLength180_DataTypeRaw_DataAugNone_LabelTypeRaw_Crop_faceTrue_BackendY11F_Large_boxFalse_Large_size1.5_Dyamic_DetTrue_det_len30_Median_face_boxTrue_unsupervised/subject18_L3_MO4_E2_S3_GE2_GL1_H1_MA2_label0.npy | /zfsauton/data/straps/MMPD/processed_dataset/MMPD_SizeW72_SizeH72_ClipLength180_DataTypeRaw_DataAugNone_LabelTypeRaw_Crop_faceTrue_BackendY11F_Large_boxFalse_Large_size1.5_Dyamic_DetTrue_det_len30_Median_face_boxTrue_unsupervised/subject18_L3_MO4_E2_S3_GE2_GL1_H1_MA2_input0.npy,
/zfsauton/data/straps/MMPD/subject18/p18_12.mat,18,12,Incandescent,Stationary (after exercise),True,3,female,True,True,False,3,1,1,3,2,1,1,2,2,/zfsauton/data/straps/MMPD/processed_dataset/MMPD_SizeW72_SizeH72_ClipLength180_DataTypeRaw_DataAugNone_LabelTypeRaw_Crop_faceTrue_BackendY11F_Large_boxFalse_Large_size1.5_Dyamic_DetTrue_det_len30_Median_face_boxTrue_unsupervised/subject18_L3_MO1_E1_S3_GE2_GL1_H1_MA2_label0.npy | /zfsauton/data/straps/MMPD/processed_dataset/MMPD_SizeW72_SizeH72_ClipLength180_DataTypeRaw_DataAugNone_LabelTypeRaw_Crop_faceTrue_BackendY11F_Large_boxFalse_Large_size1.5_Dyamic_DetTrue_det_len30_Median_face_boxTrue_unsupervised/subject18_L3_MO1_E1_S3_GE2_GL1_H1_MA2_input0.npy,
/zfsauton/data/straps/MMPD/subject18/p18_13.mat,18,13,LED-high,Stationary (after exercise),True,3,female,True,True,False,2,1,1,3,2,1,1,2,2,/zfsauton/data/straps/MMPD/processed_dataset/MMPD_SizeW72_SizeH72_ClipLength180_DataTypeRaw_DataAugNone_LabelTypeRaw_Crop_faceTrue_BackendY11F_Large_boxFalse_Large_size1.5_Dyamic_DetTrue_det_len30_Median_face_boxTrue_unsupervised/subject18_L2_MO1_E1_S3_GE2_GL1_H1_MA2_input0.npy | /zfsauton/data/straps/MMPD/processed_dataset/MMPD_SizeW72_SizeH72_ClipLength180_DataTypeRaw_DataAugNone_LabelTypeRaw_Crop_faceTrue_BackendY11F_Large_boxFalse_Large_size1.5_Dyamic_DetTrue_det_len30_Median_face_boxTrue_unsupervised/subject18_L2_MO1_E1_S3_GE2_GL1_H1_MA2_label0.npy,
/zfsauton/data/straps/MMPD/subject18/p18_14.mat,18,14,LED-low,Stationary (after exercise),True,3,female,True,True,False,1,1,1,3,2,1,1,2,2,/zfsauton/data/straps/MMPD/processed_dataset/MMPD_SizeW72_SizeH72_ClipLength180_DataTypeRaw_DataAugNone_LabelTypeRaw_Crop_faceTrue_BackendY11F_Large_boxFalse_Large_size1.5_Dyamic_DetTrue_det_len30_Median_face_boxTrue_unsupervised/subject18_L1_MO1_E1_S3_GE2_GL1_H1_MA2_input0.npy | /zfsauton/data/straps/MMPD/processed_dataset/MMPD_SizeW72_SizeH72_ClipLength180_DataTypeRaw_DataAugNone_LabelTypeRaw_Crop_faceTrue_BackendY11F_Large_boxFalse_Large_size1.5_Dyamic_DetTrue_det_len30_Median_face_boxTrue_unsupervised/subject18_L1_MO1_E1_S3_GE2_GL1_H1_MA2_label0.npy,
/zfsauton/data/straps/MMPD/subject18/p18_15.mat,18,15,Nature,Stationary (after exercise),True,3,female,True,True,False,4,1,1,3,2,1,1,2,2,/zfsauton/data/straps/MMPD/processed_dataset/MMPD_SizeW72_SizeH72_ClipLength180_DataTypeRaw_DataAugNone_LabelTypeRaw_Crop_faceTrue_BackendY11F_Large_boxFalse_Large_size1.5_Dyamic_DetTrue_det_len30_Median_face_boxTrue_unsupervised/subject18_L4_MO1_E1_S3_GE2_GL1_H1_MA2_label0.npy | /zfsauton/data/straps/MMPD/processed_dataset/MMPD_SizeW72_SizeH72_ClipLength180_DataTypeRaw_DataAugNone_LabelTypeRaw_Crop_faceTrue_BackendY11F_Large_boxFalse_Large_size1.5_Dyamic_DetTrue_det_len30_Median_face_boxTrue_unsupervised/subject18_L4_MO1_E1_S3_GE2_GL1_H1_MA2_input0.npy,
/zfsauton/data/straps/MMPD/subject18/p18_16.mat,18,16,Nature,Stationary,False,3,female,True,True,False,4,1,2,3,2,1,1,2,2,/zfsauton/data/straps/MMPD/processed_dataset/MMPD_SizeW72_SizeH72_ClipLength180_DataTypeRaw_DataAugNone_LabelTypeRaw_Crop_faceTrue_BackendY11F_Large_boxFalse_Large_size1.5_Dyamic_DetTrue_det_len30_Median_face_boxTrue_unsupervised/subject18_L4_MO1_E2_S3_GE2_GL1_H1_MA2_input0.npy | /zfsauton/data/straps/MMPD/processed_dataset/MMPD_SizeW72_SizeH72_ClipLength180_DataTypeRaw_DataAugNone_LabelTypeRaw_Crop_faceTrue_BackendY11F_Large_boxFalse_Large_size1.5_Dyamic_DetTrue_det_len30_Median_face_boxTrue_unsupervised/subject18_L4_MO1_E2_S3_GE2_GL1_H1_MA2_label0.npy,
/zfsauton/data/straps/MMPD/subject18/p18_17.mat,18,17,Nature,Rotation,False,3,female,True,True,False,4,2,2,3,2,1,1,2,2,/zfsauton/data/straps/MMPD/processed_dataset/MMPD_SizeW72_SizeH72_ClipLength180_DataTypeRaw_DataAugNone_LabelTypeRaw_Crop_faceTrue_BackendY11F_Large_boxFalse_Large_size1.5_Dyamic_DetTrue_det_len30_Median_face_boxTrue_unsupervised/subject18_L4_MO2_E2_S3_GE2_GL1_H1_MA2_input0.npy | /zfsauton/data/straps/MMPD/processed_dataset/MMPD_SizeW72_SizeH72_ClipLength180_DataTypeRaw_DataAugNone_LabelTypeRaw_Crop_faceTrue_BackendY11F_Large_boxFalse_Large_size1.5_Dyamic_DetTrue_det_len30_Median_face_boxTrue_unsupervised/subject18_L4_MO2_E2_S3_GE2_GL1_H1_MA2_label0.npy,
/zfsauton/data/straps/MMPD/subject18/p18_18.mat,18,18,Nature,Talking,False,3,female,True,True,False,4,3,2,3,2,1,1,2,2,/zfsauton/data/straps/MMPD/processed_dataset/MMPD_SizeW72_SizeH72_ClipLength180_DataTypeRaw_DataAugNone_LabelTypeRaw_Crop_faceTrue_BackendY11F_Large_boxFalse_Large_size1.5_Dyamic_DetTrue_det_len30_Median_face_boxTrue_unsupervised/subject18_L4_MO3_E2_S3_GE2_GL1_H1_MA2_input0.npy | /zfsauton/data/straps/MMPD/processed_dataset/MMPD_SizeW72_SizeH72_ClipLength180_DataTypeRaw_DataAugNone_LabelTypeRaw_Crop_faceTrue_BackendY11F_Large_boxFalse_Large_size1.5_Dyamic_DetTrue_det_len30_Median_face_boxTrue_unsupervised/subject18_L4_MO3_E2_S3_GE2_GL1_H1_MA2_label0.npy,
/zfsauton/data/straps/MMPD/subject18/p18_19.mat,18,19,Nature,Walking,False,3,female,True,True,False,4,4,2,3,2,1,1,2,2,/zfsauton/data/straps/MMPD/processed_dataset/MMPD_SizeW72_SizeH72_ClipLength180_DataTypeRaw_DataAugNone_LabelTypeRaw_Crop_faceTrue_BackendY11F_Large_boxFalse_Large_size1.5_Dyamic_DetTrue_det_len30_Median_face_boxTrue_unsupervised/subject18_L4_MO4_E2_S3_GE2_GL1_H1_MA2_label0.npy | /zfsauton/data/straps/MMPD/processed_dataset/MMPD_SizeW72_SizeH72_ClipLength180_DataTypeRaw_DataAugNone_LabelTypeRaw_Crop_faceTrue_BackendY11F_Large_boxFalse_Large_size1.5_Dyamic_DetTrue_det_len30_Median_face_boxTrue_unsupervised/subject18_L4_MO4_E2_S3_GE2_GL1_H1_MA2_input0.npy,
/zfsauton/data/straps/MMPD/subject18/p18_2.mat,18,2,LED-low,Talking,False,3,female,True,True,False,1,3,2,3,2,1,1,2,2,/zfsauton/data/straps/MMPD/processed_dataset/MMPD_SizeW72_SizeH72_ClipLength180_DataTypeRaw_DataAugNone_LabelTypeRaw_Crop_faceTrue_BackendY11F_Large_boxFalse_Large_size1.5_Dyamic_DetTrue_det_len30_Median_face_boxTrue_unsupervised/subject18_L1_MO3_E2_S3_GE2_GL1_H1_MA2_label0.npy | /zfsauton/data/straps/MMPD/processed_dataset/MMPD_SizeW72_SizeH72_ClipLength180_DataTypeRaw_DataAugNone_LabelTypeRaw_Crop_faceTrue_BackendY11F_Large_boxFalse_Large_size1.5_Dyamic_DetTrue_det_len30_Median_face_boxTrue_unsupervised/subject18_L1_MO3_E2_S3_GE2_GL1_H1_MA2_input0.npy,
/zfsauton/data/straps/MMPD/subject18/p18_3.mat,18,3,LED-low,Walking,False,3,female,True,True,False,1,4,2,3,2,1,1,2,2,/zfsauton/data/straps/MMPD/processed_dataset/MMPD_SizeW72_SizeH72_ClipLength180_DataTypeRaw_DataAugNone_LabelTypeRaw_Crop_faceTrue_BackendY11F_Large_boxFalse_Large_size1.5_Dyamic_DetTrue_det_len30_Median_face_boxTrue_unsupervised/subject18_L1_MO4_E2_S3_GE2_GL1_H1_MA2_input0.npy | /zfsauton/data/straps/MMPD/processed_dataset/MMPD_SizeW72_SizeH72_ClipLength180_DataTypeRaw_DataAugNone_LabelTypeRaw_Crop_faceTrue_BackendY11F_Large_boxFalse_Large_size1.5_Dyamic_DetTrue_det_len30_Median_face_boxTrue_unsupervised/subject18_L1_MO4_E2_S3_GE2_GL1_H1_MA2_label0.npy,
/zfsauton/data/straps/MMPD/subject18/p18_4.mat,18,4,LED-high,Stationary,False,3,female,True,True,False,2,1,2,3,2,1,1,2,2,/zfsauton/data/straps/MMPD/processed_dataset/MMPD_SizeW72_SizeH72_ClipLength180_DataTypeRaw_DataAugNone_LabelTypeRaw_Crop_faceTrue_BackendY11F_Large_boxFalse_Large_size1.5_Dyamic_DetTrue_det_len30_Median_face_boxTrue_unsupervised/subject18_L2_MO1_E2_S3_GE2_GL1_H1_MA2_label0.npy | /zfsauton/data/straps/MMPD/processed_dataset/MMPD_SizeW72_SizeH72_ClipLength180_DataTypeRaw_DataAugNone_LabelTypeRaw_Crop_faceTrue_BackendY11F_Large_boxFalse_Large_size1.5_Dyamic_DetTrue_det_len30_Median_face_boxTrue_unsupervised/subject18_L2_MO1_E2_S3_GE2_GL1_H1_MA2_input0.npy,
/zfsauton/data/straps/MMPD/subject18/p18_5.mat,18,5,LED-high,Rotation,False,3,female,True,True,False,2,2,2,3,2,1,1,2,2,/zfsauton/data/straps/MMPD/processed_dataset/MMPD_SizeW72_SizeH72_ClipLength180_DataTypeRaw_DataAugNone_LabelTypeRaw_Crop_faceTrue_BackendY11F_Large_boxFalse_Large_size1.5_Dyamic_DetTrue_det_len30_Median_face_boxTrue_unsupervised/subject18_L2_MO2_E2_S3_GE2_GL1_H1_MA2_label0.npy | /zfsauton/data/straps/MMPD/processed_dataset/MMPD_SizeW72_SizeH72_ClipLength180_DataTypeRaw_DataAugNone_LabelTypeRaw_Crop_faceTrue_BackendY11F_Large_boxFalse_Large_size1.5_Dyamic_DetTrue_det_len30_Median_face_boxTrue_unsupervised/subject18_L2_MO2_E2_S3_GE2_GL1_H1_MA2_input0.npy,
/zfsauton/data/straps/MMPD/subject18/p18_6.mat,18,6,LED-high,Talking,False,3,female,True,True,False,2,3,2,3,2,1,1,2,2,/zfsauton/data/straps/MMPD/processed_dataset/MMPD_SizeW72_SizeH72_ClipLength180_DataTypeRaw_DataAugNone_LabelTypeRaw_Crop_faceTrue_BackendY11F_Large_boxFalse_Large_size1.5_Dyamic_DetTrue_det_len30_Median_face_boxTrue_unsupervised/subject18_L2_MO3_E2_S3_GE2_GL1_H1_MA2_label0.npy | /zfsauton/data/straps/MMPD/processed_dataset/MMPD_SizeW72_SizeH72_ClipLength180_DataTypeRaw_DataAugNone_LabelTypeRaw_Crop_faceTrue_BackendY11F_Large_boxFalse_Large_size1.5_Dyamic_DetTrue_det_len30_Median_face_boxTrue_unsupervised/subject18_L2_MO3_E2_S3_GE2_GL1_H1_MA2_input0.npy,
/zfsauton/data/straps/MMPD/subject18/p18_7.mat,18,7,LED-high,Walking,False,3,female,True,True,False,2,4,2,3,2,1,1,2,2,/zfsauton/data/straps/MMPD/processed_dataset/MMPD_SizeW72_SizeH72_ClipLength180_DataTypeRaw_DataAugNone_LabelTypeRaw_Crop_faceTrue_BackendY11F_Large_boxFalse_Large_size1.5_Dyamic_DetTrue_det_len30_Median_face_boxTrue_unsupervised/subject18_L2_MO4_E2_S3_GE2_GL1_H1_MA2_input0.npy | /zfsauton/data/straps/MMPD/processed_dataset/MMPD_SizeW72_SizeH72_ClipLength180_DataTypeRaw_DataAugNone_LabelTypeRaw_Crop_faceTrue_BackendY11F_Large_boxFalse_Large_size1.5_Dyamic_DetTrue_det_len30_Median_face_boxTrue_unsupervised/subject18_L2_MO4_E2_S3_GE2_GL1_H1_MA2_label0.npy,
/zfsauton/data/straps/MMPD/subject18/p18_8.mat,18,8,Incandescent,Stationary,False,3,female,True,True,False,3,1,2,3,2,1,1,2,2,/zfsauton/data/straps/MMPD/processed_dataset/MMPD_SizeW72_SizeH72_ClipLength180_DataTypeRaw_DataAugNone_LabelTypeRaw_Crop_faceTrue_BackendY11F_Large_boxFalse_Large_size1.5_Dyamic_DetTrue_det_len30_Median_face_boxTrue_unsupervised/subject18_L3_MO1_E2_S3_GE2_GL1_H1_MA2_input0.npy | /zfsauton/data/straps/MMPD/processed_dataset/MMPD_SizeW72_SizeH72_ClipLength180_DataTypeRaw_DataAugNone_LabelTypeRaw_Crop_faceTrue_BackendY11F_Large_boxFalse_Large_size1.5_Dyamic_DetTrue_det_len30_Median_face_boxTrue_unsupervised/subject18_L3_MO1_E2_S3_GE2_GL1_H1_MA2_label0.npy,
/zfsauton/data/straps/MMPD/subject18/p18_9.mat,18,9,Incandescent,Rotation,False,3,female,True,True,False,3,2,2,3,2,1,1,2,2,/zfsauton/data/straps/MMPD/processed_dataset/MMPD_SizeW72_SizeH72_ClipLength180_DataTypeRaw_DataAugNone_LabelTypeRaw_Crop_faceTrue_BackendY11F_Large_boxFalse_Large_size1.5_Dyamic_DetTrue_det_len30_Median_face_boxTrue_unsupervised/subject18_L3_MO2_E2_S3_GE2_GL1_H1_MA2_input0.npy | /zfsauton/data/straps/MMPD/processed_dataset/MMPD_SizeW72_SizeH72_ClipLength180_DataTypeRaw_DataAugNone_LabelTypeRaw_Crop_faceTrue_BackendY11F_Large_boxFalse_Large_size1.5_Dyamic_DetTrue_det_len30_Median_face_boxTrue_unsupervised/subject18_L3_MO2_E2_S3_GE2_GL1_H1_MA2_label0.npy,
/zfsauton/data/straps/MMPD/subject19/p19_0.mat,19,0,LED-low,Stationary,False,3,female,False,True,False,1,1,2,3,2,2,1,2,2,/zfsauton/data/straps/MMPD/processed_dataset/MMPD_SizeW72_SizeH72_ClipLength180_DataTypeRaw_DataAugNone_LabelTypeRaw_Crop_faceTrue_BackendY11F_Large_boxFalse_Large_size1.5_Dyamic_DetTrue_det_len30_Median_face_boxTrue_unsupervised/subject19_L1_MO1_E2_S3_GE2_GL2_H1_MA2_label0.npy | /zfsauton/data/straps/MMPD/processed_dataset/MMPD_SizeW72_SizeH72_ClipLength180_DataTypeRaw_DataAugNone_LabelTypeRaw_Crop_faceTrue_BackendY11F_Large_boxFalse_Large_size1.5_Dyamic_DetTrue_det_len30_Median_face_boxTrue_unsupervised/subject19_L1_MO1_E2_S3_GE2_GL2_H1_MA2_input0.npy,
/zfsauton/data/straps/MMPD/subject19/p19_1.mat,19,1,LED-low,Rotation,False,3,female,False,True,False,1,2,2,3,2,2,1,2,2,/zfsauton/data/straps/MMPD/processed_dataset/MMPD_SizeW72_SizeH72_ClipLength180_DataTypeRaw_DataAugNone_LabelTypeRaw_Crop_faceTrue_BackendY11F_Large_boxFalse_Large_size1.5_Dyamic_DetTrue_det_len30_Median_face_boxTrue_unsupervised/subject19_L1_MO2_E2_S3_GE2_GL2_H1_MA2_label0.npy | /zfsauton/data/straps/MMPD/processed_dataset/MMPD_SizeW72_SizeH72_ClipLength180_DataTypeRaw_DataAugNone_LabelTypeRaw_Crop_faceTrue_BackendY11F_Large_boxFalse_Large_size1.5_Dyamic_DetTrue_det_len30_Median_face_boxTrue_unsupervised/subject19_L1_MO2_E2_S3_GE2_GL2_H1_MA2_input0.npy,
/zfsauton/data/straps/MMPD/subject19/p19_10.mat,19,10,Incandescent,Talking,False,3,female,False,True,False,3,3,2,3,2,2,1,2,2,/zfsauton/data/straps/MMPD/processed_dataset/MMPD_SizeW72_SizeH72_ClipLength180_DataTypeRaw_DataAugNone_LabelTypeRaw_Crop_faceTrue_BackendY11F_Large_boxFalse_Large_size1.5_Dyamic_DetTrue_det_len30_Median_face_boxTrue_unsupervised/subject19_L3_MO3_E2_S3_GE2_GL2_H1_MA2_input0.npy | /zfsauton/data/straps/MMPD/processed_dataset/MMPD_SizeW72_SizeH72_ClipLength180_DataTypeRaw_DataAugNone_LabelTypeRaw_Crop_faceTrue_BackendY11F_Large_boxFalse_Large_size1.5_Dyamic_DetTrue_det_len30_Median_face_boxTrue_unsupervised/subject19_L3_MO3_E2_S3_GE2_GL2_H1_MA2_label0.npy,
/zfsauton/data/straps/MMPD/subject19/p19_11.mat,19,11,Incandescent,Walking,False,3,female,False,True,False,3,4,2,3,2,2,1,2,2,/zfsauton/data/straps/MMPD/processed_dataset/MMPD_SizeW72_SizeH72_ClipLength180_DataTypeRaw_DataAugNone_LabelTypeRaw_Crop_faceTrue_BackendY11F_Large_boxFalse_Large_size1.5_Dyamic_DetTrue_det_len30_Median_face_boxTrue_unsupervised/subject19_L3_MO4_E2_S3_GE2_GL2_H1_MA2_label0.npy | /zfsauton/data/straps/MMPD/processed_dataset/MMPD_SizeW72_SizeH72_ClipLength180_DataTypeRaw_DataAugNone_LabelTypeRaw_Crop_faceTrue_BackendY11F_Large_boxFalse_Large_size1.5_Dyamic_DetTrue_det_len30_Median_face_boxTrue_unsupervised/subject19_L3_MO4_E2_S3_GE2_GL2_H1_MA2_input0.npy,
/zfsauton/data/straps/MMPD/subject19/p19_12.mat,19,12,Incandescent,Stationary (after exercise),True,3,female,False,True,False,3,1,1,3,2,2,1,2,2,/zfsauton/data/straps/MMPD/processed_dataset/MMPD_SizeW72_SizeH72_ClipLength180_DataTypeRaw_DataAugNone_LabelTypeRaw_Crop_faceTrue_BackendY11F_Large_boxFalse_Large_size1.5_Dyamic_DetTrue_det_len30_Median_face_boxTrue_unsupervised/subject19_L3_MO1_E1_S3_GE2_GL2_H1_MA2_label0.npy | /zfsauton/data/straps/MMPD/processed_dataset/MMPD_SizeW72_SizeH72_ClipLength180_DataTypeRaw_DataAugNone_LabelTypeRaw_Crop_faceTrue_BackendY11F_Large_boxFalse_Large_size1.5_Dyamic_DetTrue_det_len30_Median_face_boxTrue_unsupervised/subject19_L3_MO1_E1_S3_GE2_GL2_H1_MA2_input0.npy,
/zfsauton/data/straps/MMPD/subject19/p19_13.mat,19,13,LED-high,Stationary (after exercise),True,3,female,False,True,False,2,1,1,3,2,2,1,2,2,/zfsauton/data/straps/MMPD/processed_dataset/MMPD_SizeW72_SizeH72_ClipLength180_DataTypeRaw_DataAugNone_LabelTypeRaw_Crop_faceTrue_BackendY11F_Large_boxFalse_Large_size1.5_Dyamic_DetTrue_det_len30_Median_face_boxTrue_unsupervised/subject19_L2_MO1_E1_S3_GE2_GL2_H1_MA2_input0.npy | /zfsauton/data/straps/MMPD/processed_dataset/MMPD_SizeW72_SizeH72_ClipLength180_DataTypeRaw_DataAugNone_LabelTypeRaw_Crop_faceTrue_BackendY11F_Large_boxFalse_Large_size1.5_Dyamic_DetTrue_det_len30_Median_face_boxTrue_unsupervised/subject19_L2_MO1_E1_S3_GE2_GL2_H1_MA2_label0.npy,
/zfsauton/data/straps/MMPD/subject19/p19_14.mat,19,14,LED-low,Stationary (after exercise),True,3,female,False,True,False,1,1,1,3,2,2,1,2,2,/zfsauton/data/straps/MMPD/processed_dataset/MMPD_SizeW72_SizeH72_ClipLength180_DataTypeRaw_DataAugNone_LabelTypeRaw_Crop_faceTrue_BackendY11F_Large_boxFalse_Large_size1.5_Dyamic_DetTrue_det_len30_Median_face_boxTrue_unsupervised/subject19_L1_MO1_E1_S3_GE2_GL2_H1_MA2_input0.npy | /zfsauton/data/straps/MMPD/processed_dataset/MMPD_SizeW72_SizeH72_ClipLength180_DataTypeRaw_DataAugNone_LabelTypeRaw_Crop_faceTrue_BackendY11F_Large_boxFalse_Large_size1.5_Dyamic_DetTrue_det_len30_Median_face_boxTrue_unsupervised/subject19_L1_MO1_E1_S3_GE2_GL2_H1_MA2_label0.npy,
/zfsauton/data/straps/MMPD/subject19/p19_15.mat,19,15,Nature,Stationary (after exercise),True,3,female,False,True,False,4,1,1,3,2,2,1,2,2,/zfsauton/data/straps/MMPD/processed_dataset/MMPD_SizeW72_SizeH72_ClipLength180_DataTypeRaw_DataAugNone_LabelTypeRaw_Crop_faceTrue_BackendY11F_Large_boxFalse_Large_size1.5_Dyamic_DetTrue_det_len30_Median_face_boxTrue_unsupervised/subject19_L4_MO1_E1_S3_GE2_GL2_H1_MA2_label0.npy | /zfsauton/data/straps/MMPD/processed_dataset/MMPD_SizeW72_SizeH72_ClipLength180_DataTypeRaw_DataAugNone_LabelTypeRaw_Crop_faceTrue_BackendY11F_Large_boxFalse_Large_size1.5_Dyamic_DetTrue_det_len30_Median_face_boxTrue_unsupervised/subject19_L4_MO1_E1_S3_GE2_GL2_H1_MA2_input0.npy,
/zfsauton/data/straps/MMPD/subject19/p19_16.mat,19,16,Nature,Stationary,False,3,female,False,True,False,4,1,2,3,2,2,1,2,2,/zfsauton/data/straps/MMPD/processed_dataset/MMPD_SizeW72_SizeH72_ClipLength180_DataTypeRaw_DataAugNone_LabelTypeRaw_Crop_faceTrue_BackendY11F_Large_boxFalse_Large_size1.5_Dyamic_DetTrue_det_len30_Median_face_boxTrue_unsupervised/subject19_L4_MO1_E2_S3_GE2_GL2_H1_MA2_input0.npy | /zfsauton/data/straps/MMPD/processed_dataset/MMPD_SizeW72_SizeH72_ClipLength180_DataTypeRaw_DataAugNone_LabelTypeRaw_Crop_faceTrue_BackendY11F_Large_boxFalse_Large_size1.5_Dyamic_DetTrue_det_len30_Median_face_boxTrue_unsupervised/subject19_L4_MO1_E2_S3_GE2_GL2_H1_MA2_label0.npy,
/zfsauton/data/straps/MMPD/subject19/p19_17.mat,19,17,Nature,Rotation,False,3,female,False,True,False,4,2,2,3,2,2,1,2,2,/zfsauton/data/straps/MMPD/processed_dataset/MMPD_SizeW72_SizeH72_ClipLength180_DataTypeRaw_DataAugNone_LabelTypeRaw_Crop_faceTrue_BackendY11F_Large_boxFalse_Large_size1.5_Dyamic_DetTrue_det_len30_Median_face_boxTrue_unsupervised/subject19_L4_MO2_E2_S3_GE2_GL2_H1_MA2_input0.npy | /zfsauton/data/straps/MMPD/processed_dataset/MMPD_SizeW72_SizeH72_ClipLength180_DataTypeRaw_DataAugNone_LabelTypeRaw_Crop_faceTrue_BackendY11F_Large_boxFalse_Large_size1.5_Dyamic_DetTrue_det_len30_Median_face_boxTrue_unsupervised/subject19_L4_MO2_E2_S3_GE2_GL2_H1_MA2_label0.npy,
/zfsauton/data/straps/MMPD/subject19/p19_18.mat,19,18,Nature,Talking,False,3,female,False,True,False,4,3,2,3,2,2,1,2,2,/zfsauton/data/straps/MMPD/processed_dataset/MMPD_SizeW72_SizeH72_ClipLength180_DataTypeRaw_DataAugNone_LabelTypeRaw_Crop_faceTrue_BackendY11F_Large_boxFalse_Large_size1.5_Dyamic_DetTrue_det_len30_Median_face_boxTrue_unsupervised/subject19_L4_MO3_E2_S3_GE2_GL2_H1_MA2_input0.npy | /zfsauton/data/straps/MMPD/processed_dataset/MMPD_SizeW72_SizeH72_ClipLength180_DataTypeRaw_DataAugNone_LabelTypeRaw_Crop_faceTrue_BackendY11F_Large_boxFalse_Large_size1.5_Dyamic_DetTrue_det_len30_Median_face_boxTrue_unsupervised/subject19_L4_MO3_E2_S3_GE2_GL2_H1_MA2_label0.npy,
/zfsauton/data/straps/MMPD/subject19/p19_19.mat,19,19,Nature,Walking,False,3,female,False,True,False,4,4,2,3,2,2,1,2,2,/zfsauton/data/straps/MMPD/processed_dataset/MMPD_SizeW72_SizeH72_ClipLength180_DataTypeRaw_DataAugNone_LabelTypeRaw_Crop_faceTrue_BackendY11F_Large_boxFalse_Large_size1.5_Dyamic_DetTrue_det_len30_Median_face_boxTrue_unsupervised/subject19_L4_MO4_E2_S3_GE2_GL2_H1_MA2_label0.npy | /zfsauton/data/straps/MMPD/processed_dataset/MMPD_SizeW72_SizeH72_ClipLength180_DataTypeRaw_DataAugNone_LabelTypeRaw_Crop_faceTrue_BackendY11F_Large_boxFalse_Large_size1.5_Dyamic_DetTrue_det_len30_Median_face_boxTrue_unsupervised/subject19_L4_MO4_E2_S3_GE2_GL2_H1_MA2_input0.npy,
/zfsauton/data/straps/MMPD/subject19/p19_2.mat,19,2,LED-low,Talking,False,3,female,False,True,False,1,3,2,3,2,2,1,2,2,/zfsauton/data/straps/MMPD/processed_dataset/MMPD_SizeW72_SizeH72_ClipLength180_DataTypeRaw_DataAugNone_LabelTypeRaw_Crop_faceTrue_BackendY11F_Large_boxFalse_Large_size1.5_Dyamic_DetTrue_det_len30_Median_face_boxTrue_unsupervised/subject19_L1_MO3_E2_S3_GE2_GL2_H1_MA2_label0.npy | /zfsauton/data/straps/MMPD/processed_dataset/MMPD_SizeW72_SizeH72_ClipLength180_DataTypeRaw_DataAugNone_LabelTypeRaw_Crop_faceTrue_BackendY11F_Large_boxFalse_Large_size1.5_Dyamic_DetTrue_det_len30_Median_face_boxTrue_unsupervised/subject19_L1_MO3_E2_S3_GE2_GL2_H1_MA2_input0.npy,
/zfsauton/data/straps/MMPD/subject19/p19_3.mat,19,3,LED-low,Walking,False,3,female,False,True,False,1,4,2,3,2,2,1,2,2,/zfsauton/data/straps/MMPD/processed_dataset/MMPD_SizeW72_SizeH72_ClipLength180_DataTypeRaw_DataAugNone_LabelTypeRaw_Crop_faceTrue_BackendY11F_Large_boxFalse_Large_size1.5_Dyamic_DetTrue_det_len30_Median_face_boxTrue_unsupervised/subject19_L1_MO4_E2_S3_GE2_GL2_H1_MA2_input0.npy | /zfsauton/data/straps/MMPD/processed_dataset/MMPD_SizeW72_SizeH72_ClipLength180_DataTypeRaw_DataAugNone_LabelTypeRaw_Crop_faceTrue_BackendY11F_Large_boxFalse_Large_size1.5_Dyamic_DetTrue_det_len30_Median_face_boxTrue_unsupervised/subject19_L1_MO4_E2_S3_GE2_GL2_H1_MA2_label0.npy,
/zfsauton/data/straps/MMPD/subject19/p19_4.mat,19,4,LED-high,Stationary,False,3,female,False,True,False,2,1,2,3,2,2,1,2,2,/zfsauton/data/straps/MMPD/processed_dataset/MMPD_SizeW72_SizeH72_ClipLength180_DataTypeRaw_DataAugNone_LabelTypeRaw_Crop_faceTrue_BackendY11F_Large_boxFalse_Large_size1.5_Dyamic_DetTrue_det_len30_Median_face_boxTrue_unsupervised/subject19_L2_MO1_E2_S3_GE2_GL2_H1_MA2_label0.npy | /zfsauton/data/straps/MMPD/processed_dataset/MMPD_SizeW72_SizeH72_ClipLength180_DataTypeRaw_DataAugNone_LabelTypeRaw_Crop_faceTrue_BackendY11F_Large_boxFalse_Large_size1.5_Dyamic_DetTrue_det_len30_Median_face_boxTrue_unsupervised/subject19_L2_MO1_E2_S3_GE2_GL2_H1_MA2_input0.npy,
/zfsauton/data/straps/MMPD/subject19/p19_5.mat,19,5,LED-high,Rotation,False,3,female,False,True,False,2,2,2,3,2,2,1,2,2,/zfsauton/data/straps/MMPD/processed_dataset/MMPD_SizeW72_SizeH72_ClipLength180_DataTypeRaw_DataAugNone_LabelTypeRaw_Crop_faceTrue_BackendY11F_Large_boxFalse_Large_size1.5_Dyamic_DetTrue_det_len30_Median_face_boxTrue_unsupervised/subject19_L2_MO2_E2_S3_GE2_GL2_H1_MA2_label0.npy | /zfsauton/data/straps/MMPD/processed_dataset/MMPD_SizeW72_SizeH72_ClipLength180_DataTypeRaw_DataAugNone_LabelTypeRaw_Crop_faceTrue_BackendY11F_Large_boxFalse_Large_size1.5_Dyamic_DetTrue_det_len30_Median_face_boxTrue_unsupervised/subject19_L2_MO2_E2_S3_GE2_GL2_H1_MA2_input0.npy,
/zfsauton/data/straps/MMPD/subject19/p19_6.mat,19,6,LED-high,Talking,False,3,female,False,True,False,2,3,2,3,2,2,1,2,2,/zfsauton/data/straps/MMPD/processed_dataset/MMPD_SizeW72_SizeH72_ClipLength180_DataTypeRaw_DataAugNone_LabelTypeRaw_Crop_faceTrue_BackendY11F_Large_boxFalse_Large_size1.5_Dyamic_DetTrue_det_len30_Median_face_boxTrue_unsupervised/subject19_L2_MO3_E2_S3_GE2_GL2_H1_MA2_label0.npy | /zfsauton/data/straps/MMPD/processed_dataset/MMPD_SizeW72_SizeH72_ClipLength180_DataTypeRaw_DataAugNone_LabelTypeRaw_Crop_faceTrue_BackendY11F_Large_boxFalse_Large_size1.5_Dyamic_DetTrue_det_len30_Median_face_boxTrue_unsupervised/subject19_L2_MO3_E2_S3_GE2_GL2_H1_MA2_input0.npy,
/zfsauton/data/straps/MMPD/subject19/p19_7.mat,19,7,LED-high,Walking,False,3,female,False,True,False,2,4,2,3,2,2,1,2,2,/zfsauton/data/straps/MMPD/processed_dataset/MMPD_SizeW72_SizeH72_ClipLength180_DataTypeRaw_DataAugNone_LabelTypeRaw_Crop_faceTrue_BackendY11F_Large_boxFalse_Large_size1.5_Dyamic_DetTrue_det_len30_Median_face_boxTrue_unsupervised/subject19_L2_MO4_E2_S3_GE2_GL2_H1_MA2_input0.npy | /zfsauton/data/straps/MMPD/processed_dataset/MMPD_SizeW72_SizeH72_ClipLength180_DataTypeRaw_DataAugNone_LabelTypeRaw_Crop_faceTrue_BackendY11F_Large_boxFalse_Large_size1.5_Dyamic_DetTrue_det_len30_Median_face_boxTrue_unsupervised/subject19_L2_MO4_E2_S3_GE2_GL2_H1_MA2_label0.npy,
/zfsauton/data/straps/MMPD/subject19/p19_8.mat,19,8,Incandescent,Stationary,False,3,female,False,True,False,3,1,2,3,2,2,1,2,2,/zfsauton/data/straps/MMPD/processed_dataset/MMPD_SizeW72_SizeH72_ClipLength180_DataTypeRaw_DataAugNone_LabelTypeRaw_Crop_faceTrue_BackendY11F_Large_boxFalse_Large_size1.5_Dyamic_DetTrue_det_len30_Median_face_boxTrue_unsupervised/subject19_L3_MO1_E2_S3_GE2_GL2_H1_MA2_input0.npy | /zfsauton/data/straps/MMPD/processed_dataset/MMPD_SizeW72_SizeH72_ClipLength180_DataTypeRaw_DataAugNone_LabelTypeRaw_Crop_faceTrue_BackendY11F_Large_boxFalse_Large_size1.5_Dyamic_DetTrue_det_len30_Median_face_boxTrue_unsupervised/subject19_L3_MO1_E2_S3_GE2_GL2_H1_MA2_label0.npy,
/zfsauton/data/straps/MMPD/subject19/p19_9.mat,19,9,Incandescent,Rotation,False,3,female,False,True,False,3,2,2,3,2,2,1,2,2,/zfsauton/data/straps/MMPD/processed_dataset/MMPD_SizeW72_SizeH72_ClipLength180_DataTypeRaw_DataAugNone_LabelTypeRaw_Crop_faceTrue_BackendY11F_Large_boxFalse_Large_size1.5_Dyamic_DetTrue_det_len30_Median_face_boxTrue_unsupervised/subject19_L3_MO2_E2_S3_GE2_GL2_H1_MA2_input0.npy | /zfsauton/data/straps/MMPD/processed_dataset/MMPD_SizeW72_SizeH72_ClipLength180_DataTypeRaw_DataAugNone_LabelTypeRaw_Crop_faceTrue_BackendY11F_Large_boxFalse_Large_size1.5_Dyamic_DetTrue_det_len30_Median_face_boxTrue_unsupervised/subject19_L3_MO2_E2_S3_GE2_GL2_H1_MA2_label0.npy,
/zfsauton/data/straps/MMPD/subject2/p2_0.mat,2,0,LED-low,Stationary,False,4,male,True,True,False,1,1,2,4,1,1,1,2,2,/zfsauton/data/straps/MMPD/processed_dataset/MMPD_SizeW72_SizeH72_ClipLength180_DataTypeRaw_DataAugNone_LabelTypeRaw_Crop_faceTrue_BackendY11F_Large_boxFalse_Large_size1.5_Dyamic_DetTrue_det_len30_Median_face_boxTrue_unsupervised/subject2_L1_MO1_E2_S4_GE1_GL1_H1_MA2_label0.npy | /zfsauton/data/straps/MMPD/processed_dataset/MMPD_SizeW72_SizeH72_ClipLength180_DataTypeRaw_DataAugNone_LabelTypeRaw_Crop_faceTrue_BackendY11F_Large_boxFalse_Large_size1.5_Dyamic_DetTrue_det_len30_Median_face_boxTrue_unsupervised/subject2_L1_MO1_E2_S4_GE1_GL1_H1_MA2_input0.npy,
/zfsauton/data/straps/MMPD/subject2/p2_1.mat,2,1,LED-low,Rotation,False,4,male,True,True,False,1,2,2,4,1,1,1,2,2,/zfsauton/data/straps/MMPD/processed_dataset/MMPD_SizeW72_SizeH72_ClipLength180_DataTypeRaw_DataAugNone_LabelTypeRaw_Crop_faceTrue_BackendY11F_Large_boxFalse_Large_size1.5_Dyamic_DetTrue_det_len30_Median_face_boxTrue_unsupervised/subject2_L1_MO2_E2_S4_GE1_GL1_H1_MA2_label0.npy | /zfsauton/data/straps/MMPD/processed_dataset/MMPD_SizeW72_SizeH72_ClipLength180_DataTypeRaw_DataAugNone_LabelTypeRaw_Crop_faceTrue_BackendY11F_Large_boxFalse_Large_size1.5_Dyamic_DetTrue_det_len30_Median_face_boxTrue_unsupervised/subject2_L1_MO2_E2_S4_GE1_GL1_H1_MA2_input0.npy,
/zfsauton/data/straps/MMPD/subject2/p2_10.mat,2,10,Incandescent,Talking,False,4,male,True,True,False,3,3,2,4,1,1,1,2,2,/zfsauton/data/straps/MMPD/processed_dataset/MMPD_SizeW72_SizeH72_ClipLength180_DataTypeRaw_DataAugNone_LabelTypeRaw_Crop_faceTrue_BackendY11F_Large_boxFalse_Large_size1.5_Dyamic_DetTrue_det_len30_Median_face_boxTrue_unsupervised/subject2_L3_MO3_E2_S4_GE1_GL1_H1_MA2_input0.npy | /zfsauton/data/straps/MMPD/processed_dataset/MMPD_SizeW72_SizeH72_ClipLength180_DataTypeRaw_DataAugNone_LabelTypeRaw_Crop_faceTrue_BackendY11F_Large_boxFalse_Large_size1.5_Dyamic_DetTrue_det_len30_Median_face_boxTrue_unsupervised/subject2_L3_MO3_E2_S4_GE1_GL1_H1_MA2_label0.npy,
/zfsauton/data/straps/MMPD/subject2/p2_11.mat,2,11,Incandescent,Walking,False,4,male,True,True,False,3,4,2,4,1,1,1,2,2,/zfsauton/data/straps/MMPD/processed_dataset/MMPD_SizeW72_SizeH72_ClipLength180_DataTypeRaw_DataAugNone_LabelTypeRaw_Crop_faceTrue_BackendY11F_Large_boxFalse_Large_size1.5_Dyamic_DetTrue_det_len30_Median_face_boxTrue_unsupervised/subject2_L3_MO4_E2_S4_GE1_GL1_H1_MA2_label0.npy | /zfsauton/data/straps/MMPD/processed_dataset/MMPD_SizeW72_SizeH72_ClipLength180_DataTypeRaw_DataAugNone_LabelTypeRaw_Crop_faceTrue_BackendY11F_Large_boxFalse_Large_size1.5_Dyamic_DetTrue_det_len30_Median_face_boxTrue_unsupervised/subject2_L3_MO4_E2_S4_GE1_GL1_H1_MA2_input0.npy,
/zfsauton/data/straps/MMPD/subject2/p2_12.mat,2,12,Incandescent,Stationary (after exercise),True,4,male,True,True,False,3,1,1,4,1,1,1,2,2,/zfsauton/data/straps/MMPD/processed_dataset/MMPD_SizeW72_SizeH72_ClipLength180_DataTypeRaw_DataAugNone_LabelTypeRaw_Crop_faceTrue_BackendY11F_Large_boxFalse_Large_size1.5_Dyamic_DetTrue_det_len30_Median_face_boxTrue_unsupervised/subject2_L3_MO1_E1_S4_GE1_GL1_H1_MA2_label0.npy | /zfsauton/data/straps/MMPD/processed_dataset/MMPD_SizeW72_SizeH72_ClipLength180_DataTypeRaw_DataAugNone_LabelTypeRaw_Crop_faceTrue_BackendY11F_Large_boxFalse_Large_size1.5_Dyamic_DetTrue_det_len30_Median_face_boxTrue_unsupervised/subject2_L3_MO1_E1_S4_GE1_GL1_H1_MA2_input0.npy,
/zfsauton/data/straps/MMPD/subject2/p2_13.mat,2,13,LED-high,Stationary (after exercise),True,4,male,True,True,False,2,1,1,4,1,1,1,2,2,/zfsauton/data/straps/MMPD/processed_dataset/MMPD_SizeW72_SizeH72_ClipLength180_DataTypeRaw_DataAugNone_LabelTypeRaw_Crop_faceTrue_BackendY11F_Large_boxFalse_Large_size1.5_Dyamic_DetTrue_det_len30_Median_face_boxTrue_unsupervised/subject2_L2_MO1_E1_S4_GE1_GL1_H1_MA2_input0.npy | /zfsauton/data/straps/MMPD/processed_dataset/MMPD_SizeW72_SizeH72_ClipLength180_DataTypeRaw_DataAugNone_LabelTypeRaw_Crop_faceTrue_BackendY11F_Large_boxFalse_Large_size1.5_Dyamic_DetTrue_det_len30_Median_face_boxTrue_unsupervised/subject2_L2_MO1_E1_S4_GE1_GL1_H1_MA2_label0.npy,
/zfsauton/data/straps/MMPD/subject2/p2_14.mat,2,14,LED-low,Stationary (after exercise),True,4,male,True,True,False,1,1,1,4,1,1,1,2,2,/zfsauton/data/straps/MMPD/processed_dataset/MMPD_SizeW72_SizeH72_ClipLength180_DataTypeRaw_DataAugNone_LabelTypeRaw_Crop_faceTrue_BackendY11F_Large_boxFalse_Large_size1.5_Dyamic_DetTrue_det_len30_Median_face_boxTrue_unsupervised/subject2_L1_MO1_E1_S4_GE1_GL1_H1_MA2_input0.npy | /zfsauton/data/straps/MMPD/processed_dataset/MMPD_SizeW72_SizeH72_ClipLength180_DataTypeRaw_DataAugNone_LabelTypeRaw_Crop_faceTrue_BackendY11F_Large_boxFalse_Large_size1.5_Dyamic_DetTrue_det_len30_Median_face_boxTrue_unsupervised/subject2_L1_MO1_E1_S4_GE1_GL1_H1_MA2_label0.npy,
/zfsauton/data/straps/MMPD/subject2/p2_15.mat,2,15,Nature,Stationary (after exercise),True,4,male,True,True,False,4,1,1,4,1,1,1,2,2,/zfsauton/data/straps/MMPD/processed_dataset/MMPD_SizeW72_SizeH72_ClipLength180_DataTypeRaw_DataAugNone_LabelTypeRaw_Crop_faceTrue_BackendY11F_Large_boxFalse_Large_size1.5_Dyamic_DetTrue_det_len30_Median_face_boxTrue_unsupervised/subject2_L4_MO1_E1_S4_GE1_GL1_H1_MA2_label0.npy | /zfsauton/data/straps/MMPD/processed_dataset/MMPD_SizeW72_SizeH72_ClipLength180_DataTypeRaw_DataAugNone_LabelTypeRaw_Crop_faceTrue_BackendY11F_Large_boxFalse_Large_size1.5_Dyamic_DetTrue_det_len30_Median_face_boxTrue_unsupervised/subject2_L4_MO1_E1_S4_GE1_GL1_H1_MA2_input0.npy,
/zfsauton/data/straps/MMPD/subject2/p2_16.mat,2,16,Nature,Stationary,False,4,male,True,True,False,4,1,2,4,1,1,1,2,2,/zfsauton/data/straps/MMPD/processed_dataset/MMPD_SizeW72_SizeH72_ClipLength180_DataTypeRaw_DataAugNone_LabelTypeRaw_Crop_faceTrue_BackendY11F_Large_boxFalse_Large_size1.5_Dyamic_DetTrue_det_len30_Median_face_boxTrue_unsupervised/subject2_L4_MO1_E2_S4_GE1_GL1_H1_MA2_input0.npy | /zfsauton/data/straps/MMPD/processed_dataset/MMPD_SizeW72_SizeH72_ClipLength180_DataTypeRaw_DataAugNone_LabelTypeRaw_Crop_faceTrue_BackendY11F_Large_boxFalse_Large_size1.5_Dyamic_DetTrue_det_len30_Median_face_boxTrue_unsupervised/subject2_L4_MO1_E2_S4_GE1_GL1_H1_MA2_label0.npy,
/zfsauton/data/straps/MMPD/subject2/p2_17.mat,2,17,Nature,Rotation,False,4,male,True,True,False,4,2,2,4,1,1,1,2,2,/zfsauton/data/straps/MMPD/processed_dataset/MMPD_SizeW72_SizeH72_ClipLength180_DataTypeRaw_DataAugNone_LabelTypeRaw_Crop_faceTrue_BackendY11F_Large_boxFalse_Large_size1.5_Dyamic_DetTrue_det_len30_Median_face_boxTrue_unsupervised/subject2_L4_MO2_E2_S4_GE1_GL1_H1_MA2_input0.npy | /zfsauton/data/straps/MMPD/processed_dataset/MMPD_SizeW72_SizeH72_ClipLength180_DataTypeRaw_DataAugNone_LabelTypeRaw_Crop_faceTrue_BackendY11F_Large_boxFalse_Large_size1.5_Dyamic_DetTrue_det_len30_Median_face_boxTrue_unsupervised/subject2_L4_MO2_E2_S4_GE1_GL1_H1_MA2_label0.npy,
/zfsauton/data/straps/MMPD/subject2/p2_18.mat,2,18,Nature,Talking,False,4,male,True,True,False,4,3,2,4,1,1,1,2,2,/zfsauton/data/straps/MMPD/processed_dataset/MMPD_SizeW72_SizeH72_ClipLength180_DataTypeRaw_DataAugNone_LabelTypeRaw_Crop_faceTrue_BackendY11F_Large_boxFalse_Large_size1.5_Dyamic_DetTrue_det_len30_Median_face_boxTrue_unsupervised/subject2_L4_MO3_E2_S4_GE1_GL1_H1_MA2_input0.npy | /zfsauton/data/straps/MMPD/processed_dataset/MMPD_SizeW72_SizeH72_ClipLength180_DataTypeRaw_DataAugNone_LabelTypeRaw_Crop_faceTrue_BackendY11F_Large_boxFalse_Large_size1.5_Dyamic_DetTrue_det_len30_Median_face_boxTrue_unsupervised/subject2_L4_MO3_E2_S4_GE1_GL1_H1_MA2_label0.npy,
/zfsauton/data/straps/MMPD/subject2/p2_19.mat,2,19,Nature,Walking,False,4,male,True,True,False,4,4,2,4,1,1,1,2,2,/zfsauton/data/straps/MMPD/processed_dataset/MMPD_SizeW72_SizeH72_ClipLength180_DataTypeRaw_DataAugNone_LabelTypeRaw_Crop_faceTrue_BackendY11F_Large_boxFalse_Large_size1.5_Dyamic_DetTrue_det_len30_Median_face_boxTrue_unsupervised/subject2_L4_MO4_E2_S4_GE1_GL1_H1_MA2_label0.npy | /zfsauton/data/straps/MMPD/processed_dataset/MMPD_SizeW72_SizeH72_ClipLength180_DataTypeRaw_DataAugNone_LabelTypeRaw_Crop_faceTrue_BackendY11F_Large_boxFalse_Large_size1.5_Dyamic_DetTrue_det_len30_Median_face_boxTrue_unsupervised/subject2_L4_MO4_E2_S4_GE1_GL1_H1_MA2_input0.npy,
/zfsauton/data/straps/MMPD/subject2/p2_2.mat,2,2,LED-low,Talking,False,4,male,True,True,False,1,3,2,4,1,1,1,2,2,/zfsauton/data/straps/MMPD/processed_dataset/MMPD_SizeW72_SizeH72_ClipLength180_DataTypeRaw_DataAugNone_LabelTypeRaw_Crop_faceTrue_BackendY11F_Large_boxFalse_Large_size1.5_Dyamic_DetTrue_det_len30_Median_face_boxTrue_unsupervised/subject2_L1_MO3_E2_S4_GE1_GL1_H1_MA2_label0.npy | /zfsauton/data/straps/MMPD/processed_dataset/MMPD_SizeW72_SizeH72_ClipLength180_DataTypeRaw_DataAugNone_LabelTypeRaw_Crop_faceTrue_BackendY11F_Large_boxFalse_Large_size1.5_Dyamic_DetTrue_det_len30_Median_face_boxTrue_unsupervised/subject2_L1_MO3_E2_S4_GE1_GL1_H1_MA2_input0.npy,
/zfsauton/data/straps/MMPD/subject2/p2_3.mat,2,3,LED-low,Walking,False,4,male,True,True,False,1,4,2,4,1,1,1,2,2,/zfsauton/data/straps/MMPD/processed_dataset/MMPD_SizeW72_SizeH72_ClipLength180_DataTypeRaw_DataAugNone_LabelTypeRaw_Crop_faceTrue_BackendY11F_Large_boxFalse_Large_size1.5_Dyamic_DetTrue_det_len30_Median_face_boxTrue_unsupervised/subject2_L1_MO4_E2_S4_GE1_GL1_H1_MA2_input0.npy | /zfsauton/data/straps/MMPD/processed_dataset/MMPD_SizeW72_SizeH72_ClipLength180_DataTypeRaw_DataAugNone_LabelTypeRaw_Crop_faceTrue_BackendY11F_Large_boxFalse_Large_size1.5_Dyamic_DetTrue_det_len30_Median_face_boxTrue_unsupervised/subject2_L1_MO4_E2_S4_GE1_GL1_H1_MA2_label0.npy,
/zfsauton/data/straps/MMPD/subject2/p2_4.mat,2,4,LED-high,Stationary,False,4,male,True,True,False,2,1,2,4,1,1,1,2,2,/zfsauton/data/straps/MMPD/processed_dataset/MMPD_SizeW72_SizeH72_ClipLength180_DataTypeRaw_DataAugNone_LabelTypeRaw_Crop_faceTrue_BackendY11F_Large_boxFalse_Large_size1.5_Dyamic_DetTrue_det_len30_Median_face_boxTrue_unsupervised/subject2_L2_MO1_E2_S4_GE1_GL1_H1_MA2_label0.npy | /zfsauton/data/straps/MMPD/processed_dataset/MMPD_SizeW72_SizeH72_ClipLength180_DataTypeRaw_DataAugNone_LabelTypeRaw_Crop_faceTrue_BackendY11F_Large_boxFalse_Large_size1.5_Dyamic_DetTrue_det_len30_Median_face_boxTrue_unsupervised/subject2_L2_MO1_E2_S4_GE1_GL1_H1_MA2_input0.npy,
/zfsauton/data/straps/MMPD/subject2/p2_5.mat,2,5,LED-high,Rotation,False,4,male,True,True,False,2,2,2,4,1,1,1,2,2,/zfsauton/data/straps/MMPD/processed_dataset/MMPD_SizeW72_SizeH72_ClipLength180_DataTypeRaw_DataAugNone_LabelTypeRaw_Crop_faceTrue_BackendY11F_Large_boxFalse_Large_size1.5_Dyamic_DetTrue_det_len30_Median_face_boxTrue_unsupervised/subject2_L2_MO2_E2_S4_GE1_GL1_H1_MA2_label0.npy | /zfsauton/data/straps/MMPD/processed_dataset/MMPD_SizeW72_SizeH72_ClipLength180_DataTypeRaw_DataAugNone_LabelTypeRaw_Crop_faceTrue_BackendY11F_Large_boxFalse_Large_size1.5_Dyamic_DetTrue_det_len30_Median_face_boxTrue_unsupervised/subject2_L2_MO2_E2_S4_GE1_GL1_H1_MA2_input0.npy,
/zfsauton/data/straps/MMPD/subject2/p2_6.mat,2,6,LED-high,Talking,False,4,male,True,True,False,2,3,2,4,1,1,1,2,2,/zfsauton/data/straps/MMPD/processed_dataset/MMPD_SizeW72_SizeH72_ClipLength180_DataTypeRaw_DataAugNone_LabelTypeRaw_Crop_faceTrue_BackendY11F_Large_boxFalse_Large_size1.5_Dyamic_DetTrue_det_len30_Median_face_boxTrue_unsupervised/subject2_L2_MO3_E2_S4_GE1_GL1_H1_MA2_label0.npy | /zfsauton/data/straps/MMPD/processed_dataset/MMPD_SizeW72_SizeH72_ClipLength180_DataTypeRaw_DataAugNone_LabelTypeRaw_Crop_faceTrue_BackendY11F_Large_boxFalse_Large_size1.5_Dyamic_DetTrue_det_len30_Median_face_boxTrue_unsupervised/subject2_L2_MO3_E2_S4_GE1_GL1_H1_MA2_input0.npy,
/zfsauton/data/straps/MMPD/subject2/p2_7.mat,2,7,LED-high,Walking,False,4,male,True,True,False,2,4,2,4,1,1,1,2,2,/zfsauton/data/straps/MMPD/processed_dataset/MMPD_SizeW72_SizeH72_ClipLength180_DataTypeRaw_DataAugNone_LabelTypeRaw_Crop_faceTrue_BackendY11F_Large_boxFalse_Large_size1.5_Dyamic_DetTrue_det_len30_Median_face_boxTrue_unsupervised/subject2_L2_MO4_E2_S4_GE1_GL1_H1_MA2_input0.npy | /zfsauton/data/straps/MMPD/processed_dataset/MMPD_SizeW72_SizeH72_ClipLength180_DataTypeRaw_DataAugNone_LabelTypeRaw_Crop_faceTrue_BackendY11F_Large_boxFalse_Large_size1.5_Dyamic_DetTrue_det_len30_Median_face_boxTrue_unsupervised/subject2_L2_MO4_E2_S4_GE1_GL1_H1_MA2_label0.npy,
/zfsauton/data/straps/MMPD/subject2/p2_8.mat,2,8,Incandescent,Stationary,False,4,male,True,True,False,3,1,2,4,1,1,1,2,2,/zfsauton/data/straps/MMPD/processed_dataset/MMPD_SizeW72_SizeH72_ClipLength180_DataTypeRaw_DataAugNone_LabelTypeRaw_Crop_faceTrue_BackendY11F_Large_boxFalse_Large_size1.5_Dyamic_DetTrue_det_len30_Median_face_boxTrue_unsupervised/subject2_L3_MO1_E2_S4_GE1_GL1_H1_MA2_input0.npy | /zfsauton/data/straps/MMPD/processed_dataset/MMPD_SizeW72_SizeH72_ClipLength180_DataTypeRaw_DataAugNone_LabelTypeRaw_Crop_faceTrue_BackendY11F_Large_boxFalse_Large_size1.5_Dyamic_DetTrue_det_len30_Median_face_boxTrue_unsupervised/subject2_L3_MO1_E2_S4_GE1_GL1_H1_MA2_label0.npy,
/zfsauton/data/straps/MMPD/subject2/p2_9.mat,2,9,Incandescent,Rotation,False,4,male,True,True,False,3,2,2,4,1,1,1,2,2,/zfsauton/data/straps/MMPD/processed_dataset/MMPD_SizeW72_SizeH72_ClipLength180_DataTypeRaw_DataAugNone_LabelTypeRaw_Crop_faceTrue_BackendY11F_Large_boxFalse_Large_size1.5_Dyamic_DetTrue_det_len30_Median_face_boxTrue_unsupervised/subject2_L3_MO2_E2_S4_GE1_GL1_H1_MA2_input0.npy | /zfsauton/data/straps/MMPD/processed_dataset/MMPD_SizeW72_SizeH72_ClipLength180_DataTypeRaw_DataAugNone_LabelTypeRaw_Crop_faceTrue_BackendY11F_Large_boxFalse_Large_size1.5_Dyamic_DetTrue_det_len30_Median_face_boxTrue_unsupervised/subject2_L3_MO2_E2_S4_GE1_GL1_H1_MA2_label0.npy,
/zfsauton/data/straps/MMPD/subject20/p20_0.mat,20,0,LED-low,Stationary,False,3,male,False,False,False,1,1,2,3,1,2,2,2,2,/zfsauton/data/straps/MMPD/processed_dataset/MMPD_SizeW72_SizeH72_ClipLength180_DataTypeRaw_DataAugNone_LabelTypeRaw_Crop_faceTrue_BackendY11F_Large_boxFalse_Large_size1.5_Dyamic_DetTrue_det_len30_Median_face_boxTrue_unsupervised/subject20_L1_MO1_E2_S3_GE1_GL2_H2_MA2_input0.npy | /zfsauton/data/straps/MMPD/processed_dataset/MMPD_SizeW72_SizeH72_ClipLength180_DataTypeRaw_DataAugNone_LabelTypeRaw_Crop_faceTrue_BackendY11F_Large_boxFalse_Large_size1.5_Dyamic_DetTrue_det_len30_Median_face_boxTrue_unsupervised/subject20_L1_MO1_E2_S3_GE1_GL2_H2_MA2_label0.npy,
/zfsauton/data/straps/MMPD/subject20/p20_1.mat,20,1,LED-low,Rotation,False,3,male,False,False,False,1,2,2,3,1,2,2,2,2,/zfsauton/data/straps/MMPD/processed_dataset/MMPD_SizeW72_SizeH72_ClipLength180_DataTypeRaw_DataAugNone_LabelTypeRaw_Crop_faceTrue_BackendY11F_Large_boxFalse_Large_size1.5_Dyamic_DetTrue_det_len30_Median_face_boxTrue_unsupervised/subject20_L1_MO2_E2_S3_GE1_GL2_H2_MA2_input0.npy | /zfsauton/data/straps/MMPD/processed_dataset/MMPD_SizeW72_SizeH72_ClipLength180_DataTypeRaw_DataAugNone_LabelTypeRaw_Crop_faceTrue_BackendY11F_Large_boxFalse_Large_size1.5_Dyamic_DetTrue_det_len30_Median_face_boxTrue_unsupervised/subject20_L1_MO2_E2_S3_GE1_GL2_H2_MA2_label0.npy,
/zfsauton/data/straps/MMPD/subject20/p20_10.mat,20,10,Incandescent,Talking,False,3,male,False,False,False,3,3,2,3,1,2,2,2,2,/zfsauton/data/straps/MMPD/processed_dataset/MMPD_SizeW72_SizeH72_ClipLength180_DataTypeRaw_DataAugNone_LabelTypeRaw_Crop_faceTrue_BackendY11F_Large_boxFalse_Large_size1.5_Dyamic_DetTrue_det_len30_Median_face_boxTrue_unsupervised/subject20_L3_MO3_E2_S3_GE1_GL2_H2_MA2_label0.npy | /zfsauton/data/straps/MMPD/processed_dataset/MMPD_SizeW72_SizeH72_ClipLength180_DataTypeRaw_DataAugNone_LabelTypeRaw_Crop_faceTrue_BackendY11F_Large_boxFalse_Large_size1.5_Dyamic_DetTrue_det_len30_Median_face_boxTrue_unsupervised/subject20_L3_MO3_E2_S3_GE1_GL2_H2_MA2_input0.npy,
/zfsauton/data/straps/MMPD/subject20/p20_11.mat,20,11,Incandescent,Walking,False,3,male,False,False,False,3,4,2,3,1,2,2,2,2,/zfsauton/data/straps/MMPD/processed_dataset/MMPD_SizeW72_SizeH72_ClipLength180_DataTypeRaw_DataAugNone_LabelTypeRaw_Crop_faceTrue_BackendY11F_Large_boxFalse_Large_size1.5_Dyamic_DetTrue_det_len30_Median_face_boxTrue_unsupervised/subject20_L3_MO4_E2_S3_GE1_GL2_H2_MA2_input0.npy | /zfsauton/data/straps/MMPD/processed_dataset/MMPD_SizeW72_SizeH72_ClipLength180_DataTypeRaw_DataAugNone_LabelTypeRaw_Crop_faceTrue_BackendY11F_Large_boxFalse_Large_size1.5_Dyamic_DetTrue_det_len30_Median_face_boxTrue_unsupervised/subject20_L3_MO4_E2_S3_GE1_GL2_H2_MA2_label0.npy,
/zfsauton/data/straps/MMPD/subject20/p20_12.mat,20,12,Incandescent,Stationary (after exercise),True,3,male,False,False,False,3,1,1,3,1,2,2,2,2,/zfsauton/data/straps/MMPD/processed_dataset/MMPD_SizeW72_SizeH72_ClipLength180_DataTypeRaw_DataAugNone_LabelTypeRaw_Crop_faceTrue_BackendY11F_Large_boxFalse_Large_size1.5_Dyamic_DetTrue_det_len30_Median_face_boxTrue_unsupervised/subject20_L3_MO1_E1_S3_GE1_GL2_H2_MA2_input0.npy | /zfsauton/data/straps/MMPD/processed_dataset/MMPD_SizeW72_SizeH72_ClipLength180_DataTypeRaw_DataAugNone_LabelTypeRaw_Crop_faceTrue_BackendY11F_Large_boxFalse_Large_size1.5_Dyamic_DetTrue_det_len30_Median_face_boxTrue_unsupervised/subject20_L3_MO1_E1_S3_GE1_GL2_H2_MA2_label0.npy,
/zfsauton/data/straps/MMPD/subject20/p20_13.mat,20,13,LED-high,Stationary (after exercise),True,3,male,False,False,False,2,1,1,3,1,2,2,2,2,/zfsauton/data/straps/MMPD/processed_dataset/MMPD_SizeW72_SizeH72_ClipLength180_DataTypeRaw_DataAugNone_LabelTypeRaw_Crop_faceTrue_BackendY11F_Large_boxFalse_Large_size1.5_Dyamic_DetTrue_det_len30_Median_face_boxTrue_unsupervised/subject20_L2_MO1_E1_S3_GE1_GL2_H2_MA2_label0.npy | /zfsauton/data/straps/MMPD/processed_dataset/MMPD_SizeW72_SizeH72_ClipLength180_DataTypeRaw_DataAugNone_LabelTypeRaw_Crop_faceTrue_BackendY11F_Large_boxFalse_Large_size1.5_Dyamic_DetTrue_det_len30_Median_face_boxTrue_unsupervised/subject20_L2_MO1_E1_S3_GE1_GL2_H2_MA2_input0.npy,
/zfsauton/data/straps/MMPD/subject20/p20_14.mat,20,14,LED-low,Stationary (after exercise),True,3,male,False,False,False,1,1,1,3,1,2,2,2,2,/zfsauton/data/straps/MMPD/processed_dataset/MMPD_SizeW72_SizeH72_ClipLength180_DataTypeRaw_DataAugNone_LabelTypeRaw_Crop_faceTrue_BackendY11F_Large_boxFalse_Large_size1.5_Dyamic_DetTrue_det_len30_Median_face_boxTrue_unsupervised/subject20_L1_MO1_E1_S3_GE1_GL2_H2_MA2_label0.npy | /zfsauton/data/straps/MMPD/processed_dataset/MMPD_SizeW72_SizeH72_ClipLength180_DataTypeRaw_DataAugNone_LabelTypeRaw_Crop_faceTrue_BackendY11F_Large_boxFalse_Large_size1.5_Dyamic_DetTrue_det_len30_Median_face_boxTrue_unsupervised/subject20_L1_MO1_E1_S3_GE1_GL2_H2_MA2_input0.npy,
/zfsauton/data/straps/MMPD/subject20/p20_15.mat,20,15,Nature,Stationary (after exercise),True,3,male,False,False,False,4,1,1,3,1,2,2,2,2,/zfsauton/data/straps/MMPD/processed_dataset/MMPD_SizeW72_SizeH72_ClipLength180_DataTypeRaw_DataAugNone_LabelTypeRaw_Crop_faceTrue_BackendY11F_Large_boxFalse_Large_size1.5_Dyamic_DetTrue_det_len30_Median_face_boxTrue_unsupervised/subject20_L4_MO1_E1_S3_GE1_GL2_H2_MA2_input0.npy | /zfsauton/data/straps/MMPD/processed_dataset/MMPD_SizeW72_SizeH72_ClipLength180_DataTypeRaw_DataAugNone_LabelTypeRaw_Crop_faceTrue_BackendY11F_Large_boxFalse_Large_size1.5_Dyamic_DetTrue_det_len30_Median_face_boxTrue_unsupervised/subject20_L4_MO1_E1_S3_GE1_GL2_H2_MA2_label0.npy,
/zfsauton/data/straps/MMPD/subject20/p20_16.mat,20,16,Nature,Stationary,False,3,male,False,False,False,4,1,2,3,1,2,2,2,2,/zfsauton/data/straps/MMPD/processed_dataset/MMPD_SizeW72_SizeH72_ClipLength180_DataTypeRaw_DataAugNone_LabelTypeRaw_Crop_faceTrue_BackendY11F_Large_boxFalse_Large_size1.5_Dyamic_DetTrue_det_len30_Median_face_boxTrue_unsupervised/subject20_L4_MO1_E2_S3_GE1_GL2_H2_MA2_label0.npy | /zfsauton/data/straps/MMPD/processed_dataset/MMPD_SizeW72_SizeH72_ClipLength180_DataTypeRaw_DataAugNone_LabelTypeRaw_Crop_faceTrue_BackendY11F_Large_boxFalse_Large_size1.5_Dyamic_DetTrue_det_len30_Median_face_boxTrue_unsupervised/subject20_L4_MO1_E2_S3_GE1_GL2_H2_MA2_input0.npy,
/zfsauton/data/straps/MMPD/subject20/p20_17.mat,20,17,Nature,Rotation,False,3,male,False,False,False,4,2,2,3,1,2,2,2,2,/zfsauton/data/straps/MMPD/processed_dataset/MMPD_SizeW72_SizeH72_ClipLength180_DataTypeRaw_DataAugNone_LabelTypeRaw_Crop_faceTrue_BackendY11F_Large_boxFalse_Large_size1.5_Dyamic_DetTrue_det_len30_Median_face_boxTrue_unsupervised/subject20_L4_MO2_E2_S3_GE1_GL2_H2_MA2_label0.npy | /zfsauton/data/straps/MMPD/processed_dataset/MMPD_SizeW72_SizeH72_ClipLength180_DataTypeRaw_DataAugNone_LabelTypeRaw_Crop_faceTrue_BackendY11F_Large_boxFalse_Large_size1.5_Dyamic_DetTrue_det_len30_Median_face_boxTrue_unsupervised/subject20_L4_MO2_E2_S3_GE1_GL2_H2_MA2_input0.npy,
/zfsauton/data/straps/MMPD/subject20/p20_18.mat,20,18,Nature,Talking,False,3,male,False,False,False,4,3,2,3,1,2,2,2,2,/zfsauton/data/straps/MMPD/processed_dataset/MMPD_SizeW72_SizeH72_ClipLength180_DataTypeRaw_DataAugNone_LabelTypeRaw_Crop_faceTrue_BackendY11F_Large_boxFalse_Large_size1.5_Dyamic_DetTrue_det_len30_Median_face_boxTrue_unsupervised/subject20_L4_MO3_E2_S3_GE1_GL2_H2_MA2_label0.npy | /zfsauton/data/straps/MMPD/processed_dataset/MMPD_SizeW72_SizeH72_ClipLength180_DataTypeRaw_DataAugNone_LabelTypeRaw_Crop_faceTrue_BackendY11F_Large_boxFalse_Large_size1.5_Dyamic_DetTrue_det_len30_Median_face_boxTrue_unsupervised/subject20_L4_MO3_E2_S3_GE1_GL2_H2_MA2_input0.npy,
/zfsauton/data/straps/MMPD/subject20/p20_19.mat,20,19,Nature,Walking,False,3,male,False,False,False,4,4,2,3,1,2,2,2,2,/zfsauton/data/straps/MMPD/processed_dataset/MMPD_SizeW72_SizeH72_ClipLength180_DataTypeRaw_DataAugNone_LabelTypeRaw_Crop_faceTrue_BackendY11F_Large_boxFalse_Large_size1.5_Dyamic_DetTrue_det_len30_Median_face_boxTrue_unsupervised/subject20_L4_MO4_E2_S3_GE1_GL2_H2_MA2_input0.npy | /zfsauton/data/straps/MMPD/processed_dataset/MMPD_SizeW72_SizeH72_ClipLength180_DataTypeRaw_DataAugNone_LabelTypeRaw_Crop_faceTrue_BackendY11F_Large_boxFalse_Large_size1.5_Dyamic_DetTrue_det_len30_Median_face_boxTrue_unsupervised/subject20_L4_MO4_E2_S3_GE1_GL2_H2_MA2_label0.npy,
/zfsauton/data/straps/MMPD/subject20/p20_2.mat,20,2,LED-low,Talking,False,3,male,False,False,False,1,3,2,3,1,2,2,2,2,/zfsauton/data/straps/MMPD/processed_dataset/MMPD_SizeW72_SizeH72_ClipLength180_DataTypeRaw_DataAugNone_LabelTypeRaw_Crop_faceTrue_BackendY11F_Large_boxFalse_Large_size1.5_Dyamic_DetTrue_det_len30_Median_face_boxTrue_unsupervised/subject20_L1_MO3_E2_S3_GE1_GL2_H2_MA2_input0.npy | /zfsauton/data/straps/MMPD/processed_dataset/MMPD_SizeW72_SizeH72_ClipLength180_DataTypeRaw_DataAugNone_LabelTypeRaw_Crop_faceTrue_BackendY11F_Large_boxFalse_Large_size1.5_Dyamic_DetTrue_det_len30_Median_face_boxTrue_unsupervised/subject20_L1_MO3_E2_S3_GE1_GL2_H2_MA2_label0.npy,
/zfsauton/data/straps/MMPD/subject20/p20_3.mat,20,3,LED-low,Walking,False,3,male,False,False,False,1,4,2,3,1,2,2,2,2,/zfsauton/data/straps/MMPD/processed_dataset/MMPD_SizeW72_SizeH72_ClipLength180_DataTypeRaw_DataAugNone_LabelTypeRaw_Crop_faceTrue_BackendY11F_Large_boxFalse_Large_size1.5_Dyamic_DetTrue_det_len30_Median_face_boxTrue_unsupervised/subject20_L1_MO4_E2_S3_GE1_GL2_H2_MA2_label0.npy | /zfsauton/data/straps/MMPD/processed_dataset/MMPD_SizeW72_SizeH72_ClipLength180_DataTypeRaw_DataAugNone_LabelTypeRaw_Crop_faceTrue_BackendY11F_Large_boxFalse_Large_size1.5_Dyamic_DetTrue_det_len30_Median_face_boxTrue_unsupervised/subject20_L1_MO4_E2_S3_GE1_GL2_H2_MA2_input0.npy,
/zfsauton/data/straps/MMPD/subject20/p20_4.mat,20,4,LED-high,Stationary,False,3,male,False,False,False,2,1,2,3,1,2,2,2,2,/zfsauton/data/straps/MMPD/processed_dataset/MMPD_SizeW72_SizeH72_ClipLength180_DataTypeRaw_DataAugNone_LabelTypeRaw_Crop_faceTrue_BackendY11F_Large_boxFalse_Large_size1.5_Dyamic_DetTrue_det_len30_Median_face_boxTrue_unsupervised/subject20_L2_MO1_E2_S3_GE1_GL2_H2_MA2_input0.npy | /zfsauton/data/straps/MMPD/processed_dataset/MMPD_SizeW72_SizeH72_ClipLength180_DataTypeRaw_DataAugNone_LabelTypeRaw_Crop_faceTrue_BackendY11F_Large_boxFalse_Large_size1.5_Dyamic_DetTrue_det_len30_Median_face_boxTrue_unsupervised/subject20_L2_MO1_E2_S3_GE1_GL2_H2_MA2_label0.npy,
/zfsauton/data/straps/MMPD/subject20/p20_5.mat,20,5,LED-high,Rotation,False,3,male,False,False,False,2,2,2,3,1,2,2,2,2,/zfsauton/data/straps/MMPD/processed_dataset/MMPD_SizeW72_SizeH72_ClipLength180_DataTypeRaw_DataAugNone_LabelTypeRaw_Crop_faceTrue_BackendY11F_Large_boxFalse_Large_size1.5_Dyamic_DetTrue_det_len30_Median_face_boxTrue_unsupervised/subject20_L2_MO2_E2_S3_GE1_GL2_H2_MA2_input0.npy | /zfsauton/data/straps/MMPD/processed_dataset/MMPD_SizeW72_SizeH72_ClipLength180_DataTypeRaw_DataAugNone_LabelTypeRaw_Crop_faceTrue_BackendY11F_Large_boxFalse_Large_size1.5_Dyamic_DetTrue_det_len30_Median_face_boxTrue_unsupervised/subject20_L2_MO2_E2_S3_GE1_GL2_H2_MA2_label0.npy,
/zfsauton/data/straps/MMPD/subject20/p20_6.mat,20,6,LED-high,Talking,False,3,male,False,False,False,2,3,2,3,1,2,2,2,2,/zfsauton/data/straps/MMPD/processed_dataset/MMPD_SizeW72_SizeH72_ClipLength180_DataTypeRaw_DataAugNone_LabelTypeRaw_Crop_faceTrue_BackendY11F_Large_boxFalse_Large_size1.5_Dyamic_DetTrue_det_len30_Median_face_boxTrue_unsupervised/subject20_L2_MO3_E2_S3_GE1_GL2_H2_MA2_input0.npy | /zfsauton/data/straps/MMPD/processed_dataset/MMPD_SizeW72_SizeH72_ClipLength180_DataTypeRaw_DataAugNone_LabelTypeRaw_Crop_faceTrue_BackendY11F_Large_boxFalse_Large_size1.5_Dyamic_DetTrue_det_len30_Median_face_boxTrue_unsupervised/subject20_L2_MO3_E2_S3_GE1_GL2_H2_MA2_label0.npy,
/zfsauton/data/straps/MMPD/subject20/p20_7.mat,20,7,LED-high,Walking,False,3,male,False,False,False,2,4,2,3,1,2,2,2,2,/zfsauton/data/straps/MMPD/processed_dataset/MMPD_SizeW72_SizeH72_ClipLength180_DataTypeRaw_DataAugNone_LabelTypeRaw_Crop_faceTrue_BackendY11F_Large_boxFalse_Large_size1.5_Dyamic_DetTrue_det_len30_Median_face_boxTrue_unsupervised/subject20_L2_MO4_E2_S3_GE1_GL2_H2_MA2_label0.npy | /zfsauton/data/straps/MMPD/processed_dataset/MMPD_SizeW72_SizeH72_ClipLength180_DataTypeRaw_DataAugNone_LabelTypeRaw_Crop_faceTrue_BackendY11F_Large_boxFalse_Large_size1.5_Dyamic_DetTrue_det_len30_Median_face_boxTrue_unsupervised/subject20_L2_MO4_E2_S3_GE1_GL2_H2_MA2_input0.npy,
/zfsauton/data/straps/MMPD/subject20/p20_8.mat,20,8,Incandescent,Stationary,False,3,male,False,False,False,3,1,2,3,1,2,2,2,2,/zfsauton/data/straps/MMPD/processed_dataset/MMPD_SizeW72_SizeH72_ClipLength180_DataTypeRaw_DataAugNone_LabelTypeRaw_Crop_faceTrue_BackendY11F_Large_boxFalse_Large_size1.5_Dyamic_DetTrue_det_len30_Median_face_boxTrue_unsupervised/subject20_L3_MO1_E2_S3_GE1_GL2_H2_MA2_label0.npy | /zfsauton/data/straps/MMPD/processed_dataset/MMPD_SizeW72_SizeH72_ClipLength180_DataTypeRaw_DataAugNone_LabelTypeRaw_Crop_faceTrue_BackendY11F_Large_boxFalse_Large_size1.5_Dyamic_DetTrue_det_len30_Median_face_boxTrue_unsupervised/subject20_L3_MO1_E2_S3_GE1_GL2_H2_MA2_input0.npy,
/zfsauton/data/straps/MMPD/subject20/p20_9.mat,20,9,Incandescent,Rotation,False,3,male,False,False,False,3,2,2,3,1,2,2,2,2,/zfsauton/data/straps/MMPD/processed_dataset/MMPD_SizeW72_SizeH72_ClipLength180_DataTypeRaw_DataAugNone_LabelTypeRaw_Crop_faceTrue_BackendY11F_Large_boxFalse_Large_size1.5_Dyamic_DetTrue_det_len30_Median_face_boxTrue_unsupervised/subject20_L3_MO2_E2_S3_GE1_GL2_H2_MA2_label0.npy | /zfsauton/data/straps/MMPD/processed_dataset/MMPD_SizeW72_SizeH72_ClipLength180_DataTypeRaw_DataAugNone_LabelTypeRaw_Crop_faceTrue_BackendY11F_Large_boxFalse_Large_size1.5_Dyamic_DetTrue_det_len30_Median_face_boxTrue_unsupervised/subject20_L3_MO2_E2_S3_GE1_GL2_H2_MA2_input0.npy,
/zfsauton/data/straps/MMPD/subject21/p21_0.mat,21,0,LED-low,Stationary,False,3,female,True,False,True,1,1,2,3,2,1,2,1,2,/zfsauton/data/straps/MMPD/processed_dataset/MMPD_SizeW72_SizeH72_ClipLength180_DataTypeRaw_DataAugNone_LabelTypeRaw_Crop_faceTrue_BackendY11F_Large_boxFalse_Large_size1.5_Dyamic_DetTrue_det_len30_Median_face_boxTrue_unsupervised/subject21_L1_MO1_E2_S3_GE2_GL1_H2_MA1_label0.npy | /zfsauton/data/straps/MMPD/processed_dataset/MMPD_SizeW72_SizeH72_ClipLength180_DataTypeRaw_DataAugNone_LabelTypeRaw_Crop_faceTrue_BackendY11F_Large_boxFalse_Large_size1.5_Dyamic_DetTrue_det_len30_Median_face_boxTrue_unsupervised/subject21_L1_MO1_E2_S3_GE2_GL1_H2_MA1_input0.npy,
/zfsauton/data/straps/MMPD/subject21/p21_1.mat,21,1,LED-low,Rotation,False,3,female,True,False,True,1,2,2,3,2,1,2,1,2,/zfsauton/data/straps/MMPD/processed_dataset/MMPD_SizeW72_SizeH72_ClipLength180_DataTypeRaw_DataAugNone_LabelTypeRaw_Crop_faceTrue_BackendY11F_Large_boxFalse_Large_size1.5_Dyamic_DetTrue_det_len30_Median_face_boxTrue_unsupervised/subject21_L1_MO2_E2_S3_GE2_GL1_H2_MA1_label0.npy | /zfsauton/data/straps/MMPD/processed_dataset/MMPD_SizeW72_SizeH72_ClipLength180_DataTypeRaw_DataAugNone_LabelTypeRaw_Crop_faceTrue_BackendY11F_Large_boxFalse_Large_size1.5_Dyamic_DetTrue_det_len30_Median_face_boxTrue_unsupervised/subject21_L1_MO2_E2_S3_GE2_GL1_H2_MA1_input0.npy,
/zfsauton/data/straps/MMPD/subject21/p21_10.mat,21,10,Incandescent,Talking,False,3,female,True,False,True,3,3,2,3,2,1,2,1,2,/zfsauton/data/straps/MMPD/processed_dataset/MMPD_SizeW72_SizeH72_ClipLength180_DataTypeRaw_DataAugNone_LabelTypeRaw_Crop_faceTrue_BackendY11F_Large_boxFalse_Large_size1.5_Dyamic_DetTrue_det_len30_Median_face_boxTrue_unsupervised/subject21_L3_MO3_E2_S3_GE2_GL1_H2_MA1_input0.npy | /zfsauton/data/straps/MMPD/processed_dataset/MMPD_SizeW72_SizeH72_ClipLength180_DataTypeRaw_DataAugNone_LabelTypeRaw_Crop_faceTrue_BackendY11F_Large_boxFalse_Large_size1.5_Dyamic_DetTrue_det_len30_Median_face_boxTrue_unsupervised/subject21_L3_MO3_E2_S3_GE2_GL1_H2_MA1_label0.npy,
/zfsauton/data/straps/MMPD/subject21/p21_11.mat,21,11,Incandescent,Walking,False,3,female,True,False,True,3,4,2,3,2,1,2,1,2,/zfsauton/data/straps/MMPD/processed_dataset/MMPD_SizeW72_SizeH72_ClipLength180_DataTypeRaw_DataAugNone_LabelTypeRaw_Crop_faceTrue_BackendY11F_Large_boxFalse_Large_size1.5_Dyamic_DetTrue_det_len30_Median_face_boxTrue_unsupervised/subject21_L3_MO4_E2_S3_GE2_GL1_H2_MA1_label0.npy | /zfsauton/data/straps/MMPD/processed_dataset/MMPD_SizeW72_SizeH72_ClipLength180_DataTypeRaw_DataAugNone_LabelTypeRaw_Crop_faceTrue_BackendY11F_Large_boxFalse_Large_size1.5_Dyamic_DetTrue_det_len30_Median_face_boxTrue_unsupervised/subject21_L3_MO4_E2_S3_GE2_GL1_H2_MA1_input0.npy,
/zfsauton/data/straps/MMPD/subject21/p21_12.mat,21,12,Incandescent,Stationary (after exercise),True,3,female,True,False,True,3,1,1,3,2,1,2,1,2,/zfsauton/data/straps/MMPD/processed_dataset/MMPD_SizeW72_SizeH72_ClipLength180_DataTypeRaw_DataAugNone_LabelTypeRaw_Crop_faceTrue_BackendY11F_Large_boxFalse_Large_size1.5_Dyamic_DetTrue_det_len30_Median_face_boxTrue_unsupervised/subject21_L3_MO1_E1_S3_GE2_GL1_H2_MA1_label0.npy | /zfsauton/data/straps/MMPD/processed_dataset/MMPD_SizeW72_SizeH72_ClipLength180_DataTypeRaw_DataAugNone_LabelTypeRaw_Crop_faceTrue_BackendY11F_Large_boxFalse_Large_size1.5_Dyamic_DetTrue_det_len30_Median_face_boxTrue_unsupervised/subject21_L3_MO1_E1_S3_GE2_GL1_H2_MA1_input0.npy,
/zfsauton/data/straps/MMPD/subject21/p21_13.mat,21,13,LED-high,Stationary (after exercise),True,3,female,True,False,True,2,1,1,3,2,1,2,1,2,/zfsauton/data/straps/MMPD/processed_dataset/MMPD_SizeW72_SizeH72_ClipLength180_DataTypeRaw_DataAugNone_LabelTypeRaw_Crop_faceTrue_BackendY11F_Large_boxFalse_Large_size1.5_Dyamic_DetTrue_det_len30_Median_face_boxTrue_unsupervised/subject21_L2_MO1_E1_S3_GE2_GL1_H2_MA1_input0.npy | /zfsauton/data/straps/MMPD/processed_dataset/MMPD_SizeW72_SizeH72_ClipLength180_DataTypeRaw_DataAugNone_LabelTypeRaw_Crop_faceTrue_BackendY11F_Large_boxFalse_Large_size1.5_Dyamic_DetTrue_det_len30_Median_face_boxTrue_unsupervised/subject21_L2_MO1_E1_S3_GE2_GL1_H2_MA1_label0.npy,
/zfsauton/data/straps/MMPD/subject21/p21_14.mat,21,14,LED-low,Stationary (after exercise),True,3,female,True,False,True,1,1,1,3,2,1,2,1,2,/zfsauton/data/straps/MMPD/processed_dataset/MMPD_SizeW72_SizeH72_ClipLength180_DataTypeRaw_DataAugNone_LabelTypeRaw_Crop_faceTrue_BackendY11F_Large_boxFalse_Large_size1.5_Dyamic_DetTrue_det_len30_Median_face_boxTrue_unsupervised/subject21_L1_MO1_E1_S3_GE2_GL1_H2_MA1_input0.npy | /zfsauton/data/straps/MMPD/processed_dataset/MMPD_SizeW72_SizeH72_ClipLength180_DataTypeRaw_DataAugNone_LabelTypeRaw_Crop_faceTrue_BackendY11F_Large_boxFalse_Large_size1.5_Dyamic_DetTrue_det_len30_Median_face_boxTrue_unsupervised/subject21_L1_MO1_E1_S3_GE2_GL1_H2_MA1_label0.npy,
/zfsauton/data/straps/MMPD/subject21/p21_15.mat,21,15,Nature,Stationary (after exercise),True,3,female,True,False,True,4,1,1,3,2,1,2,1,2,/zfsauton/data/straps/MMPD/processed_dataset/MMPD_SizeW72_SizeH72_ClipLength180_DataTypeRaw_DataAugNone_LabelTypeRaw_Crop_faceTrue_BackendY11F_Large_boxFalse_Large_size1.5_Dyamic_DetTrue_det_len30_Median_face_boxTrue_unsupervised/subject21_L4_MO1_E1_S3_GE2_GL1_H2_MA1_label0.npy | /zfsauton/data/straps/MMPD/processed_dataset/MMPD_SizeW72_SizeH72_ClipLength180_DataTypeRaw_DataAugNone_LabelTypeRaw_Crop_faceTrue_BackendY11F_Large_boxFalse_Large_size1.5_Dyamic_DetTrue_det_len30_Median_face_boxTrue_unsupervised/subject21_L4_MO1_E1_S3_GE2_GL1_H2_MA1_input0.npy,
/zfsauton/data/straps/MMPD/subject21/p21_16.mat,21,16,Nature,Stationary,False,3,female,True,False,True,4,1,2,3,2,1,2,1,2,/zfsauton/data/straps/MMPD/processed_dataset/MMPD_SizeW72_SizeH72_ClipLength180_DataTypeRaw_DataAugNone_LabelTypeRaw_Crop_faceTrue_BackendY11F_Large_boxFalse_Large_size1.5_Dyamic_DetTrue_det_len30_Median_face_boxTrue_unsupervised/subject21_L4_MO1_E2_S3_GE2_GL1_H2_MA1_input0.npy | /zfsauton/data/straps/MMPD/processed_dataset/MMPD_SizeW72_SizeH72_ClipLength180_DataTypeRaw_DataAugNone_LabelTypeRaw_Crop_faceTrue_BackendY11F_Large_boxFalse_Large_size1.5_Dyamic_DetTrue_det_len30_Median_face_boxTrue_unsupervised/subject21_L4_MO1_E2_S3_GE2_GL1_H2_MA1_label0.npy,
/zfsauton/data/straps/MMPD/subject21/p21_17.mat,21,17,Nature,Rotation,False,3,female,True,False,True,4,2,2,3,2,1,2,1,2,/zfsauton/data/straps/MMPD/processed_dataset/MMPD_SizeW72_SizeH72_ClipLength180_DataTypeRaw_DataAugNone_LabelTypeRaw_Crop_faceTrue_BackendY11F_Large_boxFalse_Large_size1.5_Dyamic_DetTrue_det_len30_Median_face_boxTrue_unsupervised/subject21_L4_MO2_E2_S3_GE2_GL1_H2_MA1_input0.npy | /zfsauton/data/straps/MMPD/processed_dataset/MMPD_SizeW72_SizeH72_ClipLength180_DataTypeRaw_DataAugNone_LabelTypeRaw_Crop_faceTrue_BackendY11F_Large_boxFalse_Large_size1.5_Dyamic_DetTrue_det_len30_Median_face_boxTrue_unsupervised/subject21_L4_MO2_E2_S3_GE2_GL1_H2_MA1_label0.npy,
/zfsauton/data/straps/MMPD/subject21/p21_18.mat,21,18,Nature,Talking,False,3,female,True,False,True,4,3,2,3,2,1,2,1,2,/zfsauton/data/straps/MMPD/processed_dataset/MMPD_SizeW72_SizeH72_ClipLength180_DataTypeRaw_DataAugNone_LabelTypeRaw_Crop_faceTrue_BackendY11F_Large_boxFalse_Large_size1.5_Dyamic_DetTrue_det_len30_Median_face_boxTrue_unsupervised/subject21_L4_MO3_E2_S3_GE2_GL1_H2_MA1_input0.npy | /zfsauton/data/straps/MMPD/processed_dataset/MMPD_SizeW72_SizeH72_ClipLength180_DataTypeRaw_DataAugNone_LabelTypeRaw_Crop_faceTrue_BackendY11F_Large_boxFalse_Large_size1.5_Dyamic_DetTrue_det_len30_Median_face_boxTrue_unsupervised/subject21_L4_MO3_E2_S3_GE2_GL1_H2_MA1_label0.npy,
/zfsauton/data/straps/MMPD/subject21/p21_19.mat,21,19,Nature,Walking,False,3,female,True,False,True,4,4,2,3,2,1,2,1,2,/zfsauton/data/straps/MMPD/processed_dataset/MMPD_SizeW72_SizeH72_ClipLength180_DataTypeRaw_DataAugNone_LabelTypeRaw_Crop_faceTrue_BackendY11F_Large_boxFalse_Large_size1.5_Dyamic_DetTrue_det_len30_Median_face_boxTrue_unsupervised/subject21_L4_MO4_E2_S3_GE2_GL1_H2_MA1_label0.npy | /zfsauton/data/straps/MMPD/processed_dataset/MMPD_SizeW72_SizeH72_ClipLength180_DataTypeRaw_DataAugNone_LabelTypeRaw_Crop_faceTrue_BackendY11F_Large_boxFalse_Large_size1.5_Dyamic_DetTrue_det_len30_Median_face_boxTrue_unsupervised/subject21_L4_MO4_E2_S3_GE2_GL1_H2_MA1_input0.npy,
/zfsauton/data/straps/MMPD/subject21/p21_2.mat,21,2,LED-low,Talking,False,3,female,True,False,True,1,3,2,3,2,1,2,1,2,/zfsauton/data/straps/MMPD/processed_dataset/MMPD_SizeW72_SizeH72_ClipLength180_DataTypeRaw_DataAugNone_LabelTypeRaw_Crop_faceTrue_BackendY11F_Large_boxFalse_Large_size1.5_Dyamic_DetTrue_det_len30_Median_face_boxTrue_unsupervised/subject21_L1_MO3_E2_S3_GE2_GL1_H2_MA1_label0.npy | /zfsauton/data/straps/MMPD/processed_dataset/MMPD_SizeW72_SizeH72_ClipLength180_DataTypeRaw_DataAugNone_LabelTypeRaw_Crop_faceTrue_BackendY11F_Large_boxFalse_Large_size1.5_Dyamic_DetTrue_det_len30_Median_face_boxTrue_unsupervised/subject21_L1_MO3_E2_S3_GE2_GL1_H2_MA1_input0.npy,
/zfsauton/data/straps/MMPD/subject21/p21_3.mat,21,3,LED-low,Walking,False,3,female,True,False,True,1,4,2,3,2,1,2,1,2,/zfsauton/data/straps/MMPD/processed_dataset/MMPD_SizeW72_SizeH72_ClipLength180_DataTypeRaw_DataAugNone_LabelTypeRaw_Crop_faceTrue_BackendY11F_Large_boxFalse_Large_size1.5_Dyamic_DetTrue_det_len30_Median_face_boxTrue_unsupervised/subject21_L1_MO4_E2_S3_GE2_GL1_H2_MA1_input0.npy | /zfsauton/data/straps/MMPD/processed_dataset/MMPD_SizeW72_SizeH72_ClipLength180_DataTypeRaw_DataAugNone_LabelTypeRaw_Crop_faceTrue_BackendY11F_Large_boxFalse_Large_size1.5_Dyamic_DetTrue_det_len30_Median_face_boxTrue_unsupervised/subject21_L1_MO4_E2_S3_GE2_GL1_H2_MA1_label0.npy,
/zfsauton/data/straps/MMPD/subject21/p21_4.mat,21,4,LED-high,Stationary,False,3,female,True,False,True,2,1,2,3,2,1,2,1,2,/zfsauton/data/straps/MMPD/processed_dataset/MMPD_SizeW72_SizeH72_ClipLength180_DataTypeRaw_DataAugNone_LabelTypeRaw_Crop_faceTrue_BackendY11F_Large_boxFalse_Large_size1.5_Dyamic_DetTrue_det_len30_Median_face_boxTrue_unsupervised/subject21_L2_MO1_E2_S3_GE2_GL1_H2_MA1_label0.npy | /zfsauton/data/straps/MMPD/processed_dataset/MMPD_SizeW72_SizeH72_ClipLength180_DataTypeRaw_DataAugNone_LabelTypeRaw_Crop_faceTrue_BackendY11F_Large_boxFalse_Large_size1.5_Dyamic_DetTrue_det_len30_Median_face_boxTrue_unsupervised/subject21_L2_MO1_E2_S3_GE2_GL1_H2_MA1_input0.npy,
/zfsauton/data/straps/MMPD/subject21/p21_5.mat,21,5,LED-high,Rotation,False,3,female,True,False,True,2,2,2,3,2,1,2,1,2,/zfsauton/data/straps/MMPD/processed_dataset/MMPD_SizeW72_SizeH72_ClipLength180_DataTypeRaw_DataAugNone_LabelTypeRaw_Crop_faceTrue_BackendY11F_Large_boxFalse_Large_size1.5_Dyamic_DetTrue_det_len30_Median_face_boxTrue_unsupervised/subject21_L2_MO2_E2_S3_GE2_GL1_H2_MA1_label0.npy | /zfsauton/data/straps/MMPD/processed_dataset/MMPD_SizeW72_SizeH72_ClipLength180_DataTypeRaw_DataAugNone_LabelTypeRaw_Crop_faceTrue_BackendY11F_Large_boxFalse_Large_size1.5_Dyamic_DetTrue_det_len30_Median_face_boxTrue_unsupervised/subject21_L2_MO2_E2_S3_GE2_GL1_H2_MA1_input0.npy,
/zfsauton/data/straps/MMPD/subject21/p21_6.mat,21,6,LED-high,Talking,False,3,female,True,False,True,2,3,2,3,2,1,2,1,2,/zfsauton/data/straps/MMPD/processed_dataset/MMPD_SizeW72_SizeH72_ClipLength180_DataTypeRaw_DataAugNone_LabelTypeRaw_Crop_faceTrue_BackendY11F_Large_boxFalse_Large_size1.5_Dyamic_DetTrue_det_len30_Median_face_boxTrue_unsupervised/subject21_L2_MO3_E2_S3_GE2_GL1_H2_MA1_label0.npy | /zfsauton/data/straps/MMPD/processed_dataset/MMPD_SizeW72_SizeH72_ClipLength180_DataTypeRaw_DataAugNone_LabelTypeRaw_Crop_faceTrue_BackendY11F_Large_boxFalse_Large_size1.5_Dyamic_DetTrue_det_len30_Median_face_boxTrue_unsupervised/subject21_L2_MO3_E2_S3_GE2_GL1_H2_MA1_input0.npy,
/zfsauton/data/straps/MMPD/subject21/p21_7.mat,21,7,LED-high,Walking,False,3,female,True,False,True,2,4,2,3,2,1,2,1,2,/zfsauton/data/straps/MMPD/processed_dataset/MMPD_SizeW72_SizeH72_ClipLength180_DataTypeRaw_DataAugNone_LabelTypeRaw_Crop_faceTrue_BackendY11F_Large_boxFalse_Large_size1.5_Dyamic_DetTrue_det_len30_Median_face_boxTrue_unsupervised/subject21_L2_MO4_E2_S3_GE2_GL1_H2_MA1_input0.npy | /zfsauton/data/straps/MMPD/processed_dataset/MMPD_SizeW72_SizeH72_ClipLength180_DataTypeRaw_DataAugNone_LabelTypeRaw_Crop_faceTrue_BackendY11F_Large_boxFalse_Large_size1.5_Dyamic_DetTrue_det_len30_Median_face_boxTrue_unsupervised/subject21_L2_MO4_E2_S3_GE2_GL1_H2_MA1_label0.npy,
/zfsauton/data/straps/MMPD/subject21/p21_8.mat,21,8,Incandescent,Stationary,False,3,female,True,False,True,3,1,2,3,2,1,2,1,2,/zfsauton/data/straps/MMPD/processed_dataset/MMPD_SizeW72_SizeH72_ClipLength180_DataTypeRaw_DataAugNone_LabelTypeRaw_Crop_faceTrue_BackendY11F_Large_boxFalse_Large_size1.5_Dyamic_DetTrue_det_len30_Median_face_boxTrue_unsupervised/subject21_L3_MO1_E2_S3_GE2_GL1_H2_MA1_input0.npy | /zfsauton/data/straps/MMPD/processed_dataset/MMPD_SizeW72_SizeH72_ClipLength180_DataTypeRaw_DataAugNone_LabelTypeRaw_Crop_faceTrue_BackendY11F_Large_boxFalse_Large_size1.5_Dyamic_DetTrue_det_len30_Median_face_boxTrue_unsupervised/subject21_L3_MO1_E2_S3_GE2_GL1_H2_MA1_label0.npy,
/zfsauton/data/straps/MMPD/subject21/p21_9.mat,21,9,Incandescent,Rotation,False,3,female,True,False,True,3,2,2,3,2,1,2,1,2,/zfsauton/data/straps/MMPD/processed_dataset/MMPD_SizeW72_SizeH72_ClipLength180_DataTypeRaw_DataAugNone_LabelTypeRaw_Crop_faceTrue_BackendY11F_Large_boxFalse_Large_size1.5_Dyamic_DetTrue_det_len30_Median_face_boxTrue_unsupervised/subject21_L3_MO2_E2_S3_GE2_GL1_H2_MA1_input0.npy | /zfsauton/data/straps/MMPD/processed_dataset/MMPD_SizeW72_SizeH72_ClipLength180_DataTypeRaw_DataAugNone_LabelTypeRaw_Crop_faceTrue_BackendY11F_Large_boxFalse_Large_size1.5_Dyamic_DetTrue_det_len30_Median_face_boxTrue_unsupervised/subject21_L3_MO2_E2_S3_GE2_GL1_H2_MA1_label0.npy,
/zfsauton/data/straps/MMPD/subject22/p22_0.mat,22,0,LED-low,Stationary,False,3,female,False,False,False,1,1,2,3,2,2,2,2,2,/zfsauton/data/straps/MMPD/processed_dataset/MMPD_SizeW72_SizeH72_ClipLength180_DataTypeRaw_DataAugNone_LabelTypeRaw_Crop_faceTrue_BackendY11F_Large_boxFalse_Large_size1.5_Dyamic_DetTrue_det_len30_Median_face_boxTrue_unsupervised/subject22_L1_MO1_E2_S3_GE2_GL2_H2_MA2_input0.npy | /zfsauton/data/straps/MMPD/processed_dataset/MMPD_SizeW72_SizeH72_ClipLength180_DataTypeRaw_DataAugNone_LabelTypeRaw_Crop_faceTrue_BackendY11F_Large_boxFalse_Large_size1.5_Dyamic_DetTrue_det_len30_Median_face_boxTrue_unsupervised/subject22_L1_MO1_E2_S3_GE2_GL2_H2_MA2_label0.npy,
/zfsauton/data/straps/MMPD/subject22/p22_1.mat,22,1,LED-low,Rotation,False,3,female,False,False,False,1,2,2,3,2,2,2,2,2,/zfsauton/data/straps/MMPD/processed_dataset/MMPD_SizeW72_SizeH72_ClipLength180_DataTypeRaw_DataAugNone_LabelTypeRaw_Crop_faceTrue_BackendY11F_Large_boxFalse_Large_size1.5_Dyamic_DetTrue_det_len30_Median_face_boxTrue_unsupervised/subject22_L1_MO2_E2_S3_GE2_GL2_H2_MA2_input0.npy | /zfsauton/data/straps/MMPD/processed_dataset/MMPD_SizeW72_SizeH72_ClipLength180_DataTypeRaw_DataAugNone_LabelTypeRaw_Crop_faceTrue_BackendY11F_Large_boxFalse_Large_size1.5_Dyamic_DetTrue_det_len30_Median_face_boxTrue_unsupervised/subject22_L1_MO2_E2_S3_GE2_GL2_H2_MA2_label0.npy,
/zfsauton/data/straps/MMPD/subject22/p22_10.mat,22,10,Incandescent,Talking,False,3,female,False,False,False,3,3,2,3,2,2,2,2,2,/zfsauton/data/straps/MMPD/processed_dataset/MMPD_SizeW72_SizeH72_ClipLength180_DataTypeRaw_DataAugNone_LabelTypeRaw_Crop_faceTrue_BackendY11F_Large_boxFalse_Large_size1.5_Dyamic_DetTrue_det_len30_Median_face_boxTrue_unsupervised/subject22_L3_MO3_E2_S3_GE2_GL2_H2_MA2_label0.npy | /zfsauton/data/straps/MMPD/processed_dataset/MMPD_SizeW72_SizeH72_ClipLength180_DataTypeRaw_DataAugNone_LabelTypeRaw_Crop_faceTrue_BackendY11F_Large_boxFalse_Large_size1.5_Dyamic_DetTrue_det_len30_Median_face_boxTrue_unsupervised/subject22_L3_MO3_E2_S3_GE2_GL2_H2_MA2_input0.npy,
/zfsauton/data/straps/MMPD/subject22/p22_11.mat,22,11,Incandescent,Walking,False,3,female,False,False,False,3,4,2,3,2,2,2,2,2,/zfsauton/data/straps/MMPD/processed_dataset/MMPD_SizeW72_SizeH72_ClipLength180_DataTypeRaw_DataAugNone_LabelTypeRaw_Crop_faceTrue_BackendY11F_Large_boxFalse_Large_size1.5_Dyamic_DetTrue_det_len30_Median_face_boxTrue_unsupervised/subject22_L3_MO4_E2_S3_GE2_GL2_H2_MA2_input0.npy | /zfsauton/data/straps/MMPD/processed_dataset/MMPD_SizeW72_SizeH72_ClipLength180_DataTypeRaw_DataAugNone_LabelTypeRaw_Crop_faceTrue_BackendY11F_Large_boxFalse_Large_size1.5_Dyamic_DetTrue_det_len30_Median_face_boxTrue_unsupervised/subject22_L3_MO4_E2_S3_GE2_GL2_H2_MA2_label0.npy,
/zfsauton/data/straps/MMPD/subject22/p22_12.mat,22,12,Incandescent,Stationary (after exercise),True,3,female,False,False,False,3,1,1,3,2,2,2,2,2,/zfsauton/data/straps/MMPD/processed_dataset/MMPD_SizeW72_SizeH72_ClipLength180_DataTypeRaw_DataAugNone_LabelTypeRaw_Crop_faceTrue_BackendY11F_Large_boxFalse_Large_size1.5_Dyamic_DetTrue_det_len30_Median_face_boxTrue_unsupervised/subject22_L3_MO1_E1_S3_GE2_GL2_H2_MA2_input0.npy | /zfsauton/data/straps/MMPD/processed_dataset/MMPD_SizeW72_SizeH72_ClipLength180_DataTypeRaw_DataAugNone_LabelTypeRaw_Crop_faceTrue_BackendY11F_Large_boxFalse_Large_size1.5_Dyamic_DetTrue_det_len30_Median_face_boxTrue_unsupervised/subject22_L3_MO1_E1_S3_GE2_GL2_H2_MA2_label0.npy,
/zfsauton/data/straps/MMPD/subject22/p22_13.mat,22,13,LED-high,Stationary (after exercise),True,3,female,False,False,False,2,1,1,3,2,2,2,2,2,/zfsauton/data/straps/MMPD/processed_dataset/MMPD_SizeW72_SizeH72_ClipLength180_DataTypeRaw_DataAugNone_LabelTypeRaw_Crop_faceTrue_BackendY11F_Large_boxFalse_Large_size1.5_Dyamic_DetTrue_det_len30_Median_face_boxTrue_unsupervised/subject22_L2_MO1_E1_S3_GE2_GL2_H2_MA2_label0.npy | /zfsauton/data/straps/MMPD/processed_dataset/MMPD_SizeW72_SizeH72_ClipLength180_DataTypeRaw_DataAugNone_LabelTypeRaw_Crop_faceTrue_BackendY11F_Large_boxFalse_Large_size1.5_Dyamic_DetTrue_det_len30_Median_face_boxTrue_unsupervised/subject22_L2_MO1_E1_S3_GE2_GL2_H2_MA2_input0.npy,
/zfsauton/data/straps/MMPD/subject22/p22_14.mat,22,14,LED-low,Stationary (after exercise),True,3,female,False,False,False,1,1,1,3,2,2,2,2,2,/zfsauton/data/straps/MMPD/processed_dataset/MMPD_SizeW72_SizeH72_ClipLength180_DataTypeRaw_DataAugNone_LabelTypeRaw_Crop_faceTrue_BackendY11F_Large_boxFalse_Large_size1.5_Dyamic_DetTrue_det_len30_Median_face_boxTrue_unsupervised/subject22_L1_MO1_E1_S3_GE2_GL2_H2_MA2_label0.npy | /zfsauton/data/straps/MMPD/processed_dataset/MMPD_SizeW72_SizeH72_ClipLength180_DataTypeRaw_DataAugNone_LabelTypeRaw_Crop_faceTrue_BackendY11F_Large_boxFalse_Large_size1.5_Dyamic_DetTrue_det_len30_Median_face_boxTrue_unsupervised/subject22_L1_MO1_E1_S3_GE2_GL2_H2_MA2_input0.npy,
/zfsauton/data/straps/MMPD/subject22/p22_15.mat,22,15,Nature,Stationary (after exercise),True,3,female,False,False,False,4,1,1,3,2,2,2,2,2,/zfsauton/data/straps/MMPD/processed_dataset/MMPD_SizeW72_SizeH72_ClipLength180_DataTypeRaw_DataAugNone_LabelTypeRaw_Crop_faceTrue_BackendY11F_Large_boxFalse_Large_size1.5_Dyamic_DetTrue_det_len30_Median_face_boxTrue_unsupervised/subject22_L4_MO1_E1_S3_GE2_GL2_H2_MA2_input0.npy | /zfsauton/data/straps/MMPD/processed_dataset/MMPD_SizeW72_SizeH72_ClipLength180_DataTypeRaw_DataAugNone_LabelTypeRaw_Crop_faceTrue_BackendY11F_Large_boxFalse_Large_size1.5_Dyamic_DetTrue_det_len30_Median_face_boxTrue_unsupervised/subject22_L4_MO1_E1_S3_GE2_GL2_H2_MA2_label0.npy,
/zfsauton/data/straps/MMPD/subject22/p22_16.mat,22,16,Nature,Stationary,False,3,female,False,False,False,4,1,2,3,2,2,2,2,2,/zfsauton/data/straps/MMPD/processed_dataset/MMPD_SizeW72_SizeH72_ClipLength180_DataTypeRaw_DataAugNone_LabelTypeRaw_Crop_faceTrue_BackendY11F_Large_boxFalse_Large_size1.5_Dyamic_DetTrue_det_len30_Median_face_boxTrue_unsupervised/subject22_L4_MO1_E2_S3_GE2_GL2_H2_MA2_label0.npy | /zfsauton/data/straps/MMPD/processed_dataset/MMPD_SizeW72_SizeH72_ClipLength180_DataTypeRaw_DataAugNone_LabelTypeRaw_Crop_faceTrue_BackendY11F_Large_boxFalse_Large_size1.5_Dyamic_DetTrue_det_len30_Median_face_boxTrue_unsupervised/subject22_L4_MO1_E2_S3_GE2_GL2_H2_MA2_input0.npy,
/zfsauton/data/straps/MMPD/subject22/p22_17.mat,22,17,Nature,Rotation,False,3,female,False,False,False,4,2,2,3,2,2,2,2,2,/zfsauton/data/straps/MMPD/processed_dataset/MMPD_SizeW72_SizeH72_ClipLength180_DataTypeRaw_DataAugNone_LabelTypeRaw_Crop_faceTrue_BackendY11F_Large_boxFalse_Large_size1.5_Dyamic_DetTrue_det_len30_Median_face_boxTrue_unsupervised/subject22_L4_MO2_E2_S3_GE2_GL2_H2_MA2_label0.npy | /zfsauton/data/straps/MMPD/processed_dataset/MMPD_SizeW72_SizeH72_ClipLength180_DataTypeRaw_DataAugNone_LabelTypeRaw_Crop_faceTrue_BackendY11F_Large_boxFalse_Large_size1.5_Dyamic_DetTrue_det_len30_Median_face_boxTrue_unsupervised/subject22_L4_MO2_E2_S3_GE2_GL2_H2_MA2_input0.npy,
/zfsauton/data/straps/MMPD/subject22/p22_18.mat,22,18,Nature,Talking,False,3,female,False,False,False,4,3,2,3,2,2,2,2,2,/zfsauton/data/straps/MMPD/processed_dataset/MMPD_SizeW72_SizeH72_ClipLength180_DataTypeRaw_DataAugNone_LabelTypeRaw_Crop_faceTrue_BackendY11F_Large_boxFalse_Large_size1.5_Dyamic_DetTrue_det_len30_Median_face_boxTrue_unsupervised/subject22_L4_MO3_E2_S3_GE2_GL2_H2_MA2_label0.npy | /zfsauton/data/straps/MMPD/processed_dataset/MMPD_SizeW72_SizeH72_ClipLength180_DataTypeRaw_DataAugNone_LabelTypeRaw_Crop_faceTrue_BackendY11F_Large_boxFalse_Large_size1.5_Dyamic_DetTrue_det_len30_Median_face_boxTrue_unsupervised/subject22_L4_MO3_E2_S3_GE2_GL2_H2_MA2_input0.npy,
/zfsauton/data/straps/MMPD/subject22/p22_19.mat,22,19,Nature,Walking,False,3,female,False,False,False,4,4,2,3,2,2,2,2,2,/zfsauton/data/straps/MMPD/processed_dataset/MMPD_SizeW72_SizeH72_ClipLength180_DataTypeRaw_DataAugNone_LabelTypeRaw_Crop_faceTrue_BackendY11F_Large_boxFalse_Large_size1.5_Dyamic_DetTrue_det_len30_Median_face_boxTrue_unsupervised/subject22_L4_MO4_E2_S3_GE2_GL2_H2_MA2_input0.npy | /zfsauton/data/straps/MMPD/processed_dataset/MMPD_SizeW72_SizeH72_ClipLength180_DataTypeRaw_DataAugNone_LabelTypeRaw_Crop_faceTrue_BackendY11F_Large_boxFalse_Large_size1.5_Dyamic_DetTrue_det_len30_Median_face_boxTrue_unsupervised/subject22_L4_MO4_E2_S3_GE2_GL2_H2_MA2_label0.npy,
/zfsauton/data/straps/MMPD/subject22/p22_2.mat,22,2,LED-low,Talking,False,3,female,False,False,False,1,3,2,3,2,2,2,2,2,/zfsauton/data/straps/MMPD/processed_dataset/MMPD_SizeW72_SizeH72_ClipLength180_DataTypeRaw_DataAugNone_LabelTypeRaw_Crop_faceTrue_BackendY11F_Large_boxFalse_Large_size1.5_Dyamic_DetTrue_det_len30_Median_face_boxTrue_unsupervised/subject22_L1_MO3_E2_S3_GE2_GL2_H2_MA2_input0.npy | /zfsauton/data/straps/MMPD/processed_dataset/MMPD_SizeW72_SizeH72_ClipLength180_DataTypeRaw_DataAugNone_LabelTypeRaw_Crop_faceTrue_BackendY11F_Large_boxFalse_Large_size1.5_Dyamic_DetTrue_det_len30_Median_face_boxTrue_unsupervised/subject22_L1_MO3_E2_S3_GE2_GL2_H2_MA2_label0.npy,
/zfsauton/data/straps/MMPD/subject22/p22_3.mat,22,3,LED-low,Walking,False,3,female,False,False,False,1,4,2,3,2,2,2,2,2,/zfsauton/data/straps/MMPD/processed_dataset/MMPD_SizeW72_SizeH72_ClipLength180_DataTypeRaw_DataAugNone_LabelTypeRaw_Crop_faceTrue_BackendY11F_Large_boxFalse_Large_size1.5_Dyamic_DetTrue_det_len30_Median_face_boxTrue_unsupervised/subject22_L1_MO4_E2_S3_GE2_GL2_H2_MA2_label0.npy | /zfsauton/data/straps/MMPD/processed_dataset/MMPD_SizeW72_SizeH72_ClipLength180_DataTypeRaw_DataAugNone_LabelTypeRaw_Crop_faceTrue_BackendY11F_Large_boxFalse_Large_size1.5_Dyamic_DetTrue_det_len30_Median_face_boxTrue_unsupervised/subject22_L1_MO4_E2_S3_GE2_GL2_H2_MA2_input0.npy,
/zfsauton/data/straps/MMPD/subject22/p22_4.mat,22,4,LED-high,Stationary,False,3,female,False,False,False,2,1,2,3,2,2,2,2,2,/zfsauton/data/straps/MMPD/processed_dataset/MMPD_SizeW72_SizeH72_ClipLength180_DataTypeRaw_DataAugNone_LabelTypeRaw_Crop_faceTrue_BackendY11F_Large_boxFalse_Large_size1.5_Dyamic_DetTrue_det_len30_Median_face_boxTrue_unsupervised/subject22_L2_MO1_E2_S3_GE2_GL2_H2_MA2_input0.npy | /zfsauton/data/straps/MMPD/processed_dataset/MMPD_SizeW72_SizeH72_ClipLength180_DataTypeRaw_DataAugNone_LabelTypeRaw_Crop_faceTrue_BackendY11F_Large_boxFalse_Large_size1.5_Dyamic_DetTrue_det_len30_Median_face_boxTrue_unsupervised/subject22_L2_MO1_E2_S3_GE2_GL2_H2_MA2_label0.npy,
/zfsauton/data/straps/MMPD/subject22/p22_5.mat,22,5,LED-high,Rotation,False,3,female,False,False,False,2,2,2,3,2,2,2,2,2,/zfsauton/data/straps/MMPD/processed_dataset/MMPD_SizeW72_SizeH72_ClipLength180_DataTypeRaw_DataAugNone_LabelTypeRaw_Crop_faceTrue_BackendY11F_Large_boxFalse_Large_size1.5_Dyamic_DetTrue_det_len30_Median_face_boxTrue_unsupervised/subject22_L2_MO2_E2_S3_GE2_GL2_H2_MA2_input0.npy | /zfsauton/data/straps/MMPD/processed_dataset/MMPD_SizeW72_SizeH72_ClipLength180_DataTypeRaw_DataAugNone_LabelTypeRaw_Crop_faceTrue_BackendY11F_Large_boxFalse_Large_size1.5_Dyamic_DetTrue_det_len30_Median_face_boxTrue_unsupervised/subject22_L2_MO2_E2_S3_GE2_GL2_H2_MA2_label0.npy,
/zfsauton/data/straps/MMPD/subject22/p22_6.mat,22,6,LED-high,Talking,False,3,female,False,False,False,2,3,2,3,2,2,2,2,2,/zfsauton/data/straps/MMPD/processed_dataset/MMPD_SizeW72_SizeH72_ClipLength180_DataTypeRaw_DataAugNone_LabelTypeRaw_Crop_faceTrue_BackendY11F_Large_boxFalse_Large_size1.5_Dyamic_DetTrue_det_len30_Median_face_boxTrue_unsupervised/subject22_L2_MO3_E2_S3_GE2_GL2_H2_MA2_input0.npy | /zfsauton/data/straps/MMPD/processed_dataset/MMPD_SizeW72_SizeH72_ClipLength180_DataTypeRaw_DataAugNone_LabelTypeRaw_Crop_faceTrue_BackendY11F_Large_boxFalse_Large_size1.5_Dyamic_DetTrue_det_len30_Median_face_boxTrue_unsupervised/subject22_L2_MO3_E2_S3_GE2_GL2_H2_MA2_label0.npy,
/zfsauton/data/straps/MMPD/subject22/p22_7.mat,22,7,LED-high,Walking,False,3,female,False,False,False,2,4,2,3,2,2,2,2,2,/zfsauton/data/straps/MMPD/processed_dataset/MMPD_SizeW72_SizeH72_ClipLength180_DataTypeRaw_DataAugNone_LabelTypeRaw_Crop_faceTrue_BackendY11F_Large_boxFalse_Large_size1.5_Dyamic_DetTrue_det_len30_Median_face_boxTrue_unsupervised/subject22_L2_MO4_E2_S3_GE2_GL2_H2_MA2_label0.npy | /zfsauton/data/straps/MMPD/processed_dataset/MMPD_SizeW72_SizeH72_ClipLength180_DataTypeRaw_DataAugNone_LabelTypeRaw_Crop_faceTrue_BackendY11F_Large_boxFalse_Large_size1.5_Dyamic_DetTrue_det_len30_Median_face_boxTrue_unsupervised/subject22_L2_MO4_E2_S3_GE2_GL2_H2_MA2_input0.npy,
/zfsauton/data/straps/MMPD/subject22/p22_8.mat,22,8,Incandescent,Stationary,False,3,female,False,False,False,3,1,2,3,2,2,2,2,2,/zfsauton/data/straps/MMPD/processed_dataset/MMPD_SizeW72_SizeH72_ClipLength180_DataTypeRaw_DataAugNone_LabelTypeRaw_Crop_faceTrue_BackendY11F_Large_boxFalse_Large_size1.5_Dyamic_DetTrue_det_len30_Median_face_boxTrue_unsupervised/subject22_L3_MO1_E2_S3_GE2_GL2_H2_MA2_label0.npy | /zfsauton/data/straps/MMPD/processed_dataset/MMPD_SizeW72_SizeH72_ClipLength180_DataTypeRaw_DataAugNone_LabelTypeRaw_Crop_faceTrue_BackendY11F_Large_boxFalse_Large_size1.5_Dyamic_DetTrue_det_len30_Median_face_boxTrue_unsupervised/subject22_L3_MO1_E2_S3_GE2_GL2_H2_MA2_input0.npy,
/zfsauton/data/straps/MMPD/subject22/p22_9.mat,22,9,Incandescent,Rotation,False,3,female,False,False,False,3,2,2,3,2,2,2,2,2,/zfsauton/data/straps/MMPD/processed_dataset/MMPD_SizeW72_SizeH72_ClipLength180_DataTypeRaw_DataAugNone_LabelTypeRaw_Crop_faceTrue_BackendY11F_Large_boxFalse_Large_size1.5_Dyamic_DetTrue_det_len30_Median_face_boxTrue_unsupervised/subject22_L3_MO2_E2_S3_GE2_GL2_H2_MA2_label0.npy | /zfsauton/data/straps/MMPD/processed_dataset/MMPD_SizeW72_SizeH72_ClipLength180_DataTypeRaw_DataAugNone_LabelTypeRaw_Crop_faceTrue_BackendY11F_Large_boxFalse_Large_size1.5_Dyamic_DetTrue_det_len30_Median_face_boxTrue_unsupervised/subject22_L3_MO2_E2_S3_GE2_GL2_H2_MA2_input0.npy,
/zfsauton/data/straps/MMPD/subject23/p23_0.mat,23,0,LED-low,Stationary,False,5,female,False,False,False,1,1,2,5,2,2,2,2,2,/zfsauton/data/straps/MMPD/processed_dataset/MMPD_SizeW72_SizeH72_ClipLength180_DataTypeRaw_DataAugNone_LabelTypeRaw_Crop_faceTrue_BackendY11F_Large_boxFalse_Large_size1.5_Dyamic_DetTrue_det_len30_Median_face_boxTrue_unsupervised/subject23_L1_MO1_E2_S5_GE2_GL2_H2_MA2_label0.npy | /zfsauton/data/straps/MMPD/processed_dataset/MMPD_SizeW72_SizeH72_ClipLength180_DataTypeRaw_DataAugNone_LabelTypeRaw_Crop_faceTrue_BackendY11F_Large_boxFalse_Large_size1.5_Dyamic_DetTrue_det_len30_Median_face_boxTrue_unsupervised/subject23_L1_MO1_E2_S5_GE2_GL2_H2_MA2_input0.npy,
/zfsauton/data/straps/MMPD/subject23/p23_1.mat,23,1,LED-low,Rotation,False,5,female,False,False,False,1,2,2,5,2,2,2,2,2,/zfsauton/data/straps/MMPD/processed_dataset/MMPD_SizeW72_SizeH72_ClipLength180_DataTypeRaw_DataAugNone_LabelTypeRaw_Crop_faceTrue_BackendY11F_Large_boxFalse_Large_size1.5_Dyamic_DetTrue_det_len30_Median_face_boxTrue_unsupervised/subject23_L1_MO2_E2_S5_GE2_GL2_H2_MA2_label0.npy | /zfsauton/data/straps/MMPD/processed_dataset/MMPD_SizeW72_SizeH72_ClipLength180_DataTypeRaw_DataAugNone_LabelTypeRaw_Crop_faceTrue_BackendY11F_Large_boxFalse_Large_size1.5_Dyamic_DetTrue_det_len30_Median_face_boxTrue_unsupervised/subject23_L1_MO2_E2_S5_GE2_GL2_H2_MA2_input0.npy,
/zfsauton/data/straps/MMPD/subject23/p23_10.mat,23,10,Incandescent,Talking,False,5,female,False,False,False,3,3,2,5,2,2,2,2,2,/zfsauton/data/straps/MMPD/processed_dataset/MMPD_SizeW72_SizeH72_ClipLength180_DataTypeRaw_DataAugNone_LabelTypeRaw_Crop_faceTrue_BackendY11F_Large_boxFalse_Large_size1.5_Dyamic_DetTrue_det_len30_Median_face_boxTrue_unsupervised/subject23_L3_MO3_E2_S5_GE2_GL2_H2_MA2_input0.npy | /zfsauton/data/straps/MMPD/processed_dataset/MMPD_SizeW72_SizeH72_ClipLength180_DataTypeRaw_DataAugNone_LabelTypeRaw_Crop_faceTrue_BackendY11F_Large_boxFalse_Large_size1.5_Dyamic_DetTrue_det_len30_Median_face_boxTrue_unsupervised/subject23_L3_MO3_E2_S5_GE2_GL2_H2_MA2_label0.npy,
/zfsauton/data/straps/MMPD/subject23/p23_11.mat,23,11,Incandescent,Walking,False,5,female,False,False,False,3,4,2,5,2,2,2,2,2,/zfsauton/data/straps/MMPD/processed_dataset/MMPD_SizeW72_SizeH72_ClipLength180_DataTypeRaw_DataAugNone_LabelTypeRaw_Crop_faceTrue_BackendY11F_Large_boxFalse_Large_size1.5_Dyamic_DetTrue_det_len30_Median_face_boxTrue_unsupervised/subject23_L3_MO4_E2_S5_GE2_GL2_H2_MA2_label0.npy | /zfsauton/data/straps/MMPD/processed_dataset/MMPD_SizeW72_SizeH72_ClipLength180_DataTypeRaw_DataAugNone_LabelTypeRaw_Crop_faceTrue_BackendY11F_Large_boxFalse_Large_size1.5_Dyamic_DetTrue_det_len30_Median_face_boxTrue_unsupervised/subject23_L3_MO4_E2_S5_GE2_GL2_H2_MA2_input0.npy,
/zfsauton/data/straps/MMPD/subject23/p23_12.mat,23,12,Incandescent,Stationary (after exercise),True,5,female,False,False,False,3,1,1,5,2,2,2,2,2,/zfsauton/data/straps/MMPD/processed_dataset/MMPD_SizeW72_SizeH72_ClipLength180_DataTypeRaw_DataAugNone_LabelTypeRaw_Crop_faceTrue_BackendY11F_Large_boxFalse_Large_size1.5_Dyamic_DetTrue_det_len30_Median_face_boxTrue_unsupervised/subject23_L3_MO1_E1_S5_GE2_GL2_H2_MA2_label0.npy | /zfsauton/data/straps/MMPD/processed_dataset/MMPD_SizeW72_SizeH72_ClipLength180_DataTypeRaw_DataAugNone_LabelTypeRaw_Crop_faceTrue_BackendY11F_Large_boxFalse_Large_size1.5_Dyamic_DetTrue_det_len30_Median_face_boxTrue_unsupervised/subject23_L3_MO1_E1_S5_GE2_GL2_H2_MA2_input0.npy,
/zfsauton/data/straps/MMPD/subject23/p23_13.mat,23,13,LED-high,Stationary (after exercise),True,5,female,False,False,False,2,1,1,5,2,2,2,2,2,/zfsauton/data/straps/MMPD/processed_dataset/MMPD_SizeW72_SizeH72_ClipLength180_DataTypeRaw_DataAugNone_LabelTypeRaw_Crop_faceTrue_BackendY11F_Large_boxFalse_Large_size1.5_Dyamic_DetTrue_det_len30_Median_face_boxTrue_unsupervised/subject23_L2_MO1_E1_S5_GE2_GL2_H2_MA2_input0.npy | /zfsauton/data/straps/MMPD/processed_dataset/MMPD_SizeW72_SizeH72_ClipLength180_DataTypeRaw_DataAugNone_LabelTypeRaw_Crop_faceTrue_BackendY11F_Large_boxFalse_Large_size1.5_Dyamic_DetTrue_det_len30_Median_face_boxTrue_unsupervised/subject23_L2_MO1_E1_S5_GE2_GL2_H2_MA2_label0.npy,
/zfsauton/data/straps/MMPD/subject23/p23_14.mat,23,14,LED-low,Stationary (after exercise),True,5,female,False,False,False,1,1,1,5,2,2,2,2,2,/zfsauton/data/straps/MMPD/processed_dataset/MMPD_SizeW72_SizeH72_ClipLength180_DataTypeRaw_DataAugNone_LabelTypeRaw_Crop_faceTrue_BackendY11F_Large_boxFalse_Large_size1.5_Dyamic_DetTrue_det_len30_Median_face_boxTrue_unsupervised/subject23_L1_MO1_E1_S5_GE2_GL2_H2_MA2_input0.npy | /zfsauton/data/straps/MMPD/processed_dataset/MMPD_SizeW72_SizeH72_ClipLength180_DataTypeRaw_DataAugNone_LabelTypeRaw_Crop_faceTrue_BackendY11F_Large_boxFalse_Large_size1.5_Dyamic_DetTrue_det_len30_Median_face_boxTrue_unsupervised/subject23_L1_MO1_E1_S5_GE2_GL2_H2_MA2_label0.npy,
/zfsauton/data/straps/MMPD/subject23/p23_15.mat,23,15,Nature,Stationary (after exercise),True,5,female,False,False,False,4,1,1,5,2,2,2,2,2,/zfsauton/data/straps/MMPD/processed_dataset/MMPD_SizeW72_SizeH72_ClipLength180_DataTypeRaw_DataAugNone_LabelTypeRaw_Crop_faceTrue_BackendY11F_Large_boxFalse_Large_size1.5_Dyamic_DetTrue_det_len30_Median_face_boxTrue_unsupervised/subject23_L4_MO1_E1_S5_GE2_GL2_H2_MA2_label0.npy | /zfsauton/data/straps/MMPD/processed_dataset/MMPD_SizeW72_SizeH72_ClipLength180_DataTypeRaw_DataAugNone_LabelTypeRaw_Crop_faceTrue_BackendY11F_Large_boxFalse_Large_size1.5_Dyamic_DetTrue_det_len30_Median_face_boxTrue_unsupervised/subject23_L4_MO1_E1_S5_GE2_GL2_H2_MA2_input0.npy,
/zfsauton/data/straps/MMPD/subject23/p23_16.mat,23,16,Nature,Stationary,False,5,female,False,False,False,4,1,2,5,2,2,2,2,2,/zfsauton/data/straps/MMPD/processed_dataset/MMPD_SizeW72_SizeH72_ClipLength180_DataTypeRaw_DataAugNone_LabelTypeRaw_Crop_faceTrue_BackendY11F_Large_boxFalse_Large_size1.5_Dyamic_DetTrue_det_len30_Median_face_boxTrue_unsupervised/subject23_L4_MO1_E2_S5_GE2_GL2_H2_MA2_input0.npy | /zfsauton/data/straps/MMPD/processed_dataset/MMPD_SizeW72_SizeH72_ClipLength180_DataTypeRaw_DataAugNone_LabelTypeRaw_Crop_faceTrue_BackendY11F_Large_boxFalse_Large_size1.5_Dyamic_DetTrue_det_len30_Median_face_boxTrue_unsupervised/subject23_L4_MO1_E2_S5_GE2_GL2_H2_MA2_label0.npy,
/zfsauton/data/straps/MMPD/subject23/p23_17.mat,23,17,Nature,Rotation,False,5,female,False,False,False,4,2,2,5,2,2,2,2,2,/zfsauton/data/straps/MMPD/processed_dataset/MMPD_SizeW72_SizeH72_ClipLength180_DataTypeRaw_DataAugNone_LabelTypeRaw_Crop_faceTrue_BackendY11F_Large_boxFalse_Large_size1.5_Dyamic_DetTrue_det_len30_Median_face_boxTrue_unsupervised/subject23_L4_MO2_E2_S5_GE2_GL2_H2_MA2_input0.npy | /zfsauton/data/straps/MMPD/processed_dataset/MMPD_SizeW72_SizeH72_ClipLength180_DataTypeRaw_DataAugNone_LabelTypeRaw_Crop_faceTrue_BackendY11F_Large_boxFalse_Large_size1.5_Dyamic_DetTrue_det_len30_Median_face_boxTrue_unsupervised/subject23_L4_MO2_E2_S5_GE2_GL2_H2_MA2_label0.npy,
/zfsauton/data/straps/MMPD/subject23/p23_18.mat,23,18,Nature,Talking,False,5,female,False,False,False,4,3,2,5,2,2,2,2,2,/zfsauton/data/straps/MMPD/processed_dataset/MMPD_SizeW72_SizeH72_ClipLength180_DataTypeRaw_DataAugNone_LabelTypeRaw_Crop_faceTrue_BackendY11F_Large_boxFalse_Large_size1.5_Dyamic_DetTrue_det_len30_Median_face_boxTrue_unsupervised/subject23_L4_MO3_E2_S5_GE2_GL2_H2_MA2_input0.npy | /zfsauton/data/straps/MMPD/processed_dataset/MMPD_SizeW72_SizeH72_ClipLength180_DataTypeRaw_DataAugNone_LabelTypeRaw_Crop_faceTrue_BackendY11F_Large_boxFalse_Large_size1.5_Dyamic_DetTrue_det_len30_Median_face_boxTrue_unsupervised/subject23_L4_MO3_E2_S5_GE2_GL2_H2_MA2_label0.npy,
/zfsauton/data/straps/MMPD/subject23/p23_19.mat,23,19,Nature,Walking,False,5,female,False,False,False,4,4,2,5,2,2,2,2,2,/zfsauton/data/straps/MMPD/processed_dataset/MMPD_SizeW72_SizeH72_ClipLength180_DataTypeRaw_DataAugNone_LabelTypeRaw_Crop_faceTrue_BackendY11F_Large_boxFalse_Large_size1.5_Dyamic_DetTrue_det_len30_Median_face_boxTrue_unsupervised/subject23_L4_MO4_E2_S5_GE2_GL2_H2_MA2_label0.npy | /zfsauton/data/straps/MMPD/processed_dataset/MMPD_SizeW72_SizeH72_ClipLength180_DataTypeRaw_DataAugNone_LabelTypeRaw_Crop_faceTrue_BackendY11F_Large_boxFalse_Large_size1.5_Dyamic_DetTrue_det_len30_Median_face_boxTrue_unsupervised/subject23_L4_MO4_E2_S5_GE2_GL2_H2_MA2_input0.npy,
/zfsauton/data/straps/MMPD/subject23/p23_2.mat,23,2,LED-low,Talking,False,5,female,False,False,False,1,3,2,5,2,2,2,2,2,/zfsauton/data/straps/MMPD/processed_dataset/MMPD_SizeW72_SizeH72_ClipLength180_DataTypeRaw_DataAugNone_LabelTypeRaw_Crop_faceTrue_BackendY11F_Large_boxFalse_Large_size1.5_Dyamic_DetTrue_det_len30_Median_face_boxTrue_unsupervised/subject23_L1_MO3_E2_S5_GE2_GL2_H2_MA2_label0.npy | /zfsauton/data/straps/MMPD/processed_dataset/MMPD_SizeW72_SizeH72_ClipLength180_DataTypeRaw_DataAugNone_LabelTypeRaw_Crop_faceTrue_BackendY11F_Large_boxFalse_Large_size1.5_Dyamic_DetTrue_det_len30_Median_face_boxTrue_unsupervised/subject23_L1_MO3_E2_S5_GE2_GL2_H2_MA2_input0.npy,
/zfsauton/data/straps/MMPD/subject23/p23_3.mat,23,3,LED-low,Walking,False,5,female,False,False,False,1,4,2,5,2,2,2,2,2,/zfsauton/data/straps/MMPD/processed_dataset/MMPD_SizeW72_SizeH72_ClipLength180_DataTypeRaw_DataAugNone_LabelTypeRaw_Crop_faceTrue_BackendY11F_Large_boxFalse_Large_size1.5_Dyamic_DetTrue_det_len30_Median_face_boxTrue_unsupervised/subject23_L1_MO4_E2_S5_GE2_GL2_H2_MA2_input0.npy | /zfsauton/data/straps/MMPD/processed_dataset/MMPD_SizeW72_SizeH72_ClipLength180_DataTypeRaw_DataAugNone_LabelTypeRaw_Crop_faceTrue_BackendY11F_Large_boxFalse_Large_size1.5_Dyamic_DetTrue_det_len30_Median_face_boxTrue_unsupervised/subject23_L1_MO4_E2_S5_GE2_GL2_H2_MA2_label0.npy,
/zfsauton/data/straps/MMPD/subject23/p23_4.mat,23,4,LED-high,Stationary,False,5,female,False,False,False,2,1,2,5,2,2,2,2,2,/zfsauton/data/straps/MMPD/processed_dataset/MMPD_SizeW72_SizeH72_ClipLength180_DataTypeRaw_DataAugNone_LabelTypeRaw_Crop_faceTrue_BackendY11F_Large_boxFalse_Large_size1.5_Dyamic_DetTrue_det_len30_Median_face_boxTrue_unsupervised/subject23_L2_MO1_E2_S5_GE2_GL2_H2_MA2_label0.npy | /zfsauton/data/straps/MMPD/processed_dataset/MMPD_SizeW72_SizeH72_ClipLength180_DataTypeRaw_DataAugNone_LabelTypeRaw_Crop_faceTrue_BackendY11F_Large_boxFalse_Large_size1.5_Dyamic_DetTrue_det_len30_Median_face_boxTrue_unsupervised/subject23_L2_MO1_E2_S5_GE2_GL2_H2_MA2_input0.npy,
/zfsauton/data/straps/MMPD/subject23/p23_5.mat,23,5,LED-high,Rotation,False,5,female,False,False,False,2,2,2,5,2,2,2,2,2,/zfsauton/data/straps/MMPD/processed_dataset/MMPD_SizeW72_SizeH72_ClipLength180_DataTypeRaw_DataAugNone_LabelTypeRaw_Crop_faceTrue_BackendY11F_Large_boxFalse_Large_size1.5_Dyamic_DetTrue_det_len30_Median_face_boxTrue_unsupervised/subject23_L2_MO2_E2_S5_GE2_GL2_H2_MA2_label0.npy | /zfsauton/data/straps/MMPD/processed_dataset/MMPD_SizeW72_SizeH72_ClipLength180_DataTypeRaw_DataAugNone_LabelTypeRaw_Crop_faceTrue_BackendY11F_Large_boxFalse_Large_size1.5_Dyamic_DetTrue_det_len30_Median_face_boxTrue_unsupervised/subject23_L2_MO2_E2_S5_GE2_GL2_H2_MA2_input0.npy,
/zfsauton/data/straps/MMPD/subject23/p23_6.mat,23,6,LED-high,Talking,False,5,female,False,False,False,2,3,2,5,2,2,2,2,2,/zfsauton/data/straps/MMPD/processed_dataset/MMPD_SizeW72_SizeH72_ClipLength180_DataTypeRaw_DataAugNone_LabelTypeRaw_Crop_faceTrue_BackendY11F_Large_boxFalse_Large_size1.5_Dyamic_DetTrue_det_len30_Median_face_boxTrue_unsupervised/subject23_L2_MO3_E2_S5_GE2_GL2_H2_MA2_label0.npy | /zfsauton/data/straps/MMPD/processed_dataset/MMPD_SizeW72_SizeH72_ClipLength180_DataTypeRaw_DataAugNone_LabelTypeRaw_Crop_faceTrue_BackendY11F_Large_boxFalse_Large_size1.5_Dyamic_DetTrue_det_len30_Median_face_boxTrue_unsupervised/subject23_L2_MO3_E2_S5_GE2_GL2_H2_MA2_input0.npy,
/zfsauton/data/straps/MMPD/subject23/p23_7.mat,23,7,LED-high,Walking,False,5,female,False,False,False,2,4,2,5,2,2,2,2,2,/zfsauton/data/straps/MMPD/processed_dataset/MMPD_SizeW72_SizeH72_ClipLength180_DataTypeRaw_DataAugNone_LabelTypeRaw_Crop_faceTrue_BackendY11F_Large_boxFalse_Large_size1.5_Dyamic_DetTrue_det_len30_Median_face_boxTrue_unsupervised/subject23_L2_MO4_E2_S5_GE2_GL2_H2_MA2_input0.npy | /zfsauton/data/straps/MMPD/processed_dataset/MMPD_SizeW72_SizeH72_ClipLength180_DataTypeRaw_DataAugNone_LabelTypeRaw_Crop_faceTrue_BackendY11F_Large_boxFalse_Large_size1.5_Dyamic_DetTrue_det_len30_Median_face_boxTrue_unsupervised/subject23_L2_MO4_E2_S5_GE2_GL2_H2_MA2_label0.npy,
/zfsauton/data/straps/MMPD/subject23/p23_8.mat,23,8,Incandescent,Stationary,False,5,female,False,False,False,3,1,2,5,2,2,2,2,2,/zfsauton/data/straps/MMPD/processed_dataset/MMPD_SizeW72_SizeH72_ClipLength180_DataTypeRaw_DataAugNone_LabelTypeRaw_Crop_faceTrue_BackendY11F_Large_boxFalse_Large_size1.5_Dyamic_DetTrue_det_len30_Median_face_boxTrue_unsupervised/subject23_L3_MO1_E2_S5_GE2_GL2_H2_MA2_input0.npy | /zfsauton/data/straps/MMPD/processed_dataset/MMPD_SizeW72_SizeH72_ClipLength180_DataTypeRaw_DataAugNone_LabelTypeRaw_Crop_faceTrue_BackendY11F_Large_boxFalse_Large_size1.5_Dyamic_DetTrue_det_len30_Median_face_boxTrue_unsupervised/subject23_L3_MO1_E2_S5_GE2_GL2_H2_MA2_label0.npy,
/zfsauton/data/straps/MMPD/subject23/p23_9.mat,23,9,Incandescent,Rotation,False,5,female,False,False,False,3,2,2,5,2,2,2,2,2,/zfsauton/data/straps/MMPD/processed_dataset/MMPD_SizeW72_SizeH72_ClipLength180_DataTypeRaw_DataAugNone_LabelTypeRaw_Crop_faceTrue_BackendY11F_Large_boxFalse_Large_size1.5_Dyamic_DetTrue_det_len30_Median_face_boxTrue_unsupervised/subject23_L3_MO2_E2_S5_GE2_GL2_H2_MA2_input0.npy | /zfsauton/data/straps/MMPD/processed_dataset/MMPD_SizeW72_SizeH72_ClipLength180_DataTypeRaw_DataAugNone_LabelTypeRaw_Crop_faceTrue_BackendY11F_Large_boxFalse_Large_size1.5_Dyamic_DetTrue_det_len30_Median_face_boxTrue_unsupervised/subject23_L3_MO2_E2_S5_GE2_GL2_H2_MA2_label0.npy,
/zfsauton/data/straps/MMPD/subject24/p24_0.mat,24,0,LED-low,Stationary,False,4,male,False,False,False,1,1,2,4,1,2,2,2,2,/zfsauton/data/straps/MMPD/processed_dataset/MMPD_SizeW72_SizeH72_ClipLength180_DataTypeRaw_DataAugNone_LabelTypeRaw_Crop_faceTrue_BackendY11F_Large_boxFalse_Large_size1.5_Dyamic_DetTrue_det_len30_Median_face_boxTrue_unsupervised/subject24_L1_MO1_E2_S4_GE1_GL2_H2_MA2_input0.npy | /zfsauton/data/straps/MMPD/processed_dataset/MMPD_SizeW72_SizeH72_ClipLength180_DataTypeRaw_DataAugNone_LabelTypeRaw_Crop_faceTrue_BackendY11F_Large_boxFalse_Large_size1.5_Dyamic_DetTrue_det_len30_Median_face_boxTrue_unsupervised/subject24_L1_MO1_E2_S4_GE1_GL2_H2_MA2_label0.npy,
/zfsauton/data/straps/MMPD/subject24/p24_1.mat,24,1,LED-low,Rotation,False,3,female,False,False,True,1,2,2,3,2,2,2,1,2,/zfsauton/data/straps/MMPD/processed_dataset/MMPD_SizeW72_SizeH72_ClipLength180_DataTypeRaw_DataAugNone_LabelTypeRaw_Crop_faceTrue_BackendY11F_Large_boxFalse_Large_size1.5_Dyamic_DetTrue_det_len30_Median_face_boxTrue_unsupervised/subject24_L1_MO2_E2_S3_GE2_GL2_H2_MA1_label0.npy | /zfsauton/data/straps/MMPD/processed_dataset/MMPD_SizeW72_SizeH72_ClipLength180_DataTypeRaw_DataAugNone_LabelTypeRaw_Crop_faceTrue_BackendY11F_Large_boxFalse_Large_size1.5_Dyamic_DetTrue_det_len30_Median_face_boxTrue_unsupervised/subject24_L1_MO2_E2_S3_GE2_GL2_H2_MA1_input0.npy,
/zfsauton/data/straps/MMPD/subject24/p24_10.mat,24,10,Incandescent,Talking,False,3,female,False,False,True,3,3,2,3,2,2,2,1,2,/zfsauton/data/straps/MMPD/processed_dataset/MMPD_SizeW72_SizeH72_ClipLength180_DataTypeRaw_DataAugNone_LabelTypeRaw_Crop_faceTrue_BackendY11F_Large_boxFalse_Large_size1.5_Dyamic_DetTrue_det_len30_Median_face_boxTrue_unsupervised/subject24_L3_MO3_E2_S3_GE2_GL2_H2_MA1_input0.npy | /zfsauton/data/straps/MMPD/processed_dataset/MMPD_SizeW72_SizeH72_ClipLength180_DataTypeRaw_DataAugNone_LabelTypeRaw_Crop_faceTrue_BackendY11F_Large_boxFalse_Large_size1.5_Dyamic_DetTrue_det_len30_Median_face_boxTrue_unsupervised/subject24_L3_MO3_E2_S3_GE2_GL2_H2_MA1_label0.npy,
/zfsauton/data/straps/MMPD/subject24/p24_11.mat,24,11,Incandescent,Walking,False,3,female,False,False,True,3,4,2,3,2,2,2,1,2,/zfsauton/data/straps/MMPD/processed_dataset/MMPD_SizeW72_SizeH72_ClipLength180_DataTypeRaw_DataAugNone_LabelTypeRaw_Crop_faceTrue_BackendY11F_Large_boxFalse_Large_size1.5_Dyamic_DetTrue_det_len30_Median_face_boxTrue_unsupervised/subject24_L3_MO4_E2_S3_GE2_GL2_H2_MA1_label0.npy | /zfsauton/data/straps/MMPD/processed_dataset/MMPD_SizeW72_SizeH72_ClipLength180_DataTypeRaw_DataAugNone_LabelTypeRaw_Crop_faceTrue_BackendY11F_Large_boxFalse_Large_size1.5_Dyamic_DetTrue_det_len30_Median_face_boxTrue_unsupervised/subject24_L3_MO4_E2_S3_GE2_GL2_H2_MA1_input0.npy,
/zfsauton/data/straps/MMPD/subject24/p24_12.mat,24,12,Incandescent,Stationary (after exercise),True,3,female,False,False,True,3,1,1,3,2,2,2,1,2,/zfsauton/data/straps/MMPD/processed_dataset/MMPD_SizeW72_SizeH72_ClipLength180_DataTypeRaw_DataAugNone_LabelTypeRaw_Crop_faceTrue_BackendY11F_Large_boxFalse_Large_size1.5_Dyamic_DetTrue_det_len30_Median_face_boxTrue_unsupervised/subject24_L3_MO1_E1_S3_GE2_GL2_H2_MA1_label0.npy | /zfsauton/data/straps/MMPD/processed_dataset/MMPD_SizeW72_SizeH72_ClipLength180_DataTypeRaw_DataAugNone_LabelTypeRaw_Crop_faceTrue_BackendY11F_Large_boxFalse_Large_size1.5_Dyamic_DetTrue_det_len30_Median_face_boxTrue_unsupervised/subject24_L3_MO1_E1_S3_GE2_GL2_H2_MA1_input0.npy,
/zfsauton/data/straps/MMPD/subject24/p24_13.mat,24,13,LED-high,Stationary (after exercise),True,3,female,False,False,True,2,1,1,3,2,2,2,1,2,/zfsauton/data/straps/MMPD/processed_dataset/MMPD_SizeW72_SizeH72_ClipLength180_DataTypeRaw_DataAugNone_LabelTypeRaw_Crop_faceTrue_BackendY11F_Large_boxFalse_Large_size1.5_Dyamic_DetTrue_det_len30_Median_face_boxTrue_unsupervised/subject24_L2_MO1_E1_S3_GE2_GL2_H2_MA1_input0.npy | /zfsauton/data/straps/MMPD/processed_dataset/MMPD_SizeW72_SizeH72_ClipLength180_DataTypeRaw_DataAugNone_LabelTypeRaw_Crop_faceTrue_BackendY11F_Large_boxFalse_Large_size1.5_Dyamic_DetTrue_det_len30_Median_face_boxTrue_unsupervised/subject24_L2_MO1_E1_S3_GE2_GL2_H2_MA1_label0.npy,
/zfsauton/data/straps/MMPD/subject24/p24_14.mat,24,14,LED-low,Stationary (after exercise),True,3,female,False,False,True,1,1,1,3,2,2,2,1,2,/zfsauton/data/straps/MMPD/processed_dataset/MMPD_SizeW72_SizeH72_ClipLength180_DataTypeRaw_DataAugNone_LabelTypeRaw_Crop_faceTrue_BackendY11F_Large_boxFalse_Large_size1.5_Dyamic_DetTrue_det_len30_Median_face_boxTrue_unsupervised/subject24_L1_MO1_E1_S3_GE2_GL2_H2_MA1_input0.npy | /zfsauton/data/straps/MMPD/processed_dataset/MMPD_SizeW72_SizeH72_ClipLength180_DataTypeRaw_DataAugNone_LabelTypeRaw_Crop_faceTrue_BackendY11F_Large_boxFalse_Large_size1.5_Dyamic_DetTrue_det_len30_Median_face_boxTrue_unsupervised/subject24_L1_MO1_E1_S3_GE2_GL2_H2_MA1_label0.npy,
/zfsauton/data/straps/MMPD/subject24/p24_15.mat,24,15,Nature,Stationary (after exercise),True,3,female,False,False,True,4,1,1,3,2,2,2,1,2,/zfsauton/data/straps/MMPD/processed_dataset/MMPD_SizeW72_SizeH72_ClipLength180_DataTypeRaw_DataAugNone_LabelTypeRaw_Crop_faceTrue_BackendY11F_Large_boxFalse_Large_size1.5_Dyamic_DetTrue_det_len30_Median_face_boxTrue_unsupervised/subject24_L4_MO1_E1_S3_GE2_GL2_H2_MA1_label0.npy | /zfsauton/data/straps/MMPD/processed_dataset/MMPD_SizeW72_SizeH72_ClipLength180_DataTypeRaw_DataAugNone_LabelTypeRaw_Crop_faceTrue_BackendY11F_Large_boxFalse_Large_size1.5_Dyamic_DetTrue_det_len30_Median_face_boxTrue_unsupervised/subject24_L4_MO1_E1_S3_GE2_GL2_H2_MA1_input0.npy,
/zfsauton/data/straps/MMPD/subject24/p24_16.mat,24,16,Nature,Stationary,False,3,female,False,False,True,4,1,2,3,2,2,2,1,2,/zfsauton/data/straps/MMPD/processed_dataset/MMPD_SizeW72_SizeH72_ClipLength180_DataTypeRaw_DataAugNone_LabelTypeRaw_Crop_faceTrue_BackendY11F_Large_boxFalse_Large_size1.5_Dyamic_DetTrue_det_len30_Median_face_boxTrue_unsupervised/subject24_L4_MO1_E2_S3_GE2_GL2_H2_MA1_input0.npy | /zfsauton/data/straps/MMPD/processed_dataset/MMPD_SizeW72_SizeH72_ClipLength180_DataTypeRaw_DataAugNone_LabelTypeRaw_Crop_faceTrue_BackendY11F_Large_boxFalse_Large_size1.5_Dyamic_DetTrue_det_len30_Median_face_boxTrue_unsupervised/subject24_L4_MO1_E2_S3_GE2_GL2_H2_MA1_label0.npy,
/zfsauton/data/straps/MMPD/subject24/p24_17.mat,24,17,Nature,Rotation,False,3,female,False,False,True,4,2,2,3,2,2,2,1,2,/zfsauton/data/straps/MMPD/processed_dataset/MMPD_SizeW72_SizeH72_ClipLength180_DataTypeRaw_DataAugNone_LabelTypeRaw_Crop_faceTrue_BackendY11F_Large_boxFalse_Large_size1.5_Dyamic_DetTrue_det_len30_Median_face_boxTrue_unsupervised/subject24_L4_MO2_E2_S3_GE2_GL2_H2_MA1_input0.npy | /zfsauton/data/straps/MMPD/processed_dataset/MMPD_SizeW72_SizeH72_ClipLength180_DataTypeRaw_DataAugNone_LabelTypeRaw_Crop_faceTrue_BackendY11F_Large_boxFalse_Large_size1.5_Dyamic_DetTrue_det_len30_Median_face_boxTrue_unsupervised/subject24_L4_MO2_E2_S3_GE2_GL2_H2_MA1_label0.npy,
/zfsauton/data/straps/MMPD/subject24/p24_18.mat,24,18,Nature,Talking,False,3,female,False,False,True,4,3,2,3,2,2,2,1,2,/zfsauton/data/straps/MMPD/processed_dataset/MMPD_SizeW72_SizeH72_ClipLength180_DataTypeRaw_DataAugNone_LabelTypeRaw_Crop_faceTrue_BackendY11F_Large_boxFalse_Large_size1.5_Dyamic_DetTrue_det_len30_Median_face_boxTrue_unsupervised/subject24_L4_MO3_E2_S3_GE2_GL2_H2_MA1_input0.npy | /zfsauton/data/straps/MMPD/processed_dataset/MMPD_SizeW72_SizeH72_ClipLength180_DataTypeRaw_DataAugNone_LabelTypeRaw_Crop_faceTrue_BackendY11F_Large_boxFalse_Large_size1.5_Dyamic_DetTrue_det_len30_Median_face_boxTrue_unsupervised/subject24_L4_MO3_E2_S3_GE2_GL2_H2_MA1_label0.npy,
/zfsauton/data/straps/MMPD/subject24/p24_19.mat,24,19,Nature,Walking,False,3,female,False,False,True,4,4,2,3,2,2,2,1,2,/zfsauton/data/straps/MMPD/processed_dataset/MMPD_SizeW72_SizeH72_ClipLength180_DataTypeRaw_DataAugNone_LabelTypeRaw_Crop_faceTrue_BackendY11F_Large_boxFalse_Large_size1.5_Dyamic_DetTrue_det_len30_Median_face_boxTrue_unsupervised/subject24_L4_MO4_E2_S3_GE2_GL2_H2_MA1_label0.npy | /zfsauton/data/straps/MMPD/processed_dataset/MMPD_SizeW72_SizeH72_ClipLength180_DataTypeRaw_DataAugNone_LabelTypeRaw_Crop_faceTrue_BackendY11F_Large_boxFalse_Large_size1.5_Dyamic_DetTrue_det_len30_Median_face_boxTrue_unsupervised/subject24_L4_MO4_E2_S3_GE2_GL2_H2_MA1_input0.npy,
/zfsauton/data/straps/MMPD/subject24/p24_2.mat,24,2,LED-low,Talking,False,3,female,False,False,True,1,3,2,3,2,2,2,1,2,/zfsauton/data/straps/MMPD/processed_dataset/MMPD_SizeW72_SizeH72_ClipLength180_DataTypeRaw_DataAugNone_LabelTypeRaw_Crop_faceTrue_BackendY11F_Large_boxFalse_Large_size1.5_Dyamic_DetTrue_det_len30_Median_face_boxTrue_unsupervised/subject24_L1_MO3_E2_S3_GE2_GL2_H2_MA1_label0.npy | /zfsauton/data/straps/MMPD/processed_dataset/MMPD_SizeW72_SizeH72_ClipLength180_DataTypeRaw_DataAugNone_LabelTypeRaw_Crop_faceTrue_BackendY11F_Large_boxFalse_Large_size1.5_Dyamic_DetTrue_det_len30_Median_face_boxTrue_unsupervised/subject24_L1_MO3_E2_S3_GE2_GL2_H2_MA1_input0.npy,
/zfsauton/data/straps/MMPD/subject24/p24_3.mat,24,3,LED-low,Walking,False,3,female,False,False,True,1,4,2,3,2,2,2,1,2,/zfsauton/data/straps/MMPD/processed_dataset/MMPD_SizeW72_SizeH72_ClipLength180_DataTypeRaw_DataAugNone_LabelTypeRaw_Crop_faceTrue_BackendY11F_Large_boxFalse_Large_size1.5_Dyamic_DetTrue_det_len30_Median_face_boxTrue_unsupervised/subject24_L1_MO4_E2_S3_GE2_GL2_H2_MA1_input0.npy | /zfsauton/data/straps/MMPD/processed_dataset/MMPD_SizeW72_SizeH72_ClipLength180_DataTypeRaw_DataAugNone_LabelTypeRaw_Crop_faceTrue_BackendY11F_Large_boxFalse_Large_size1.5_Dyamic_DetTrue_det_len30_Median_face_boxTrue_unsupervised/subject24_L1_MO4_E2_S3_GE2_GL2_H2_MA1_label0.npy,
/zfsauton/data/straps/MMPD/subject24/p24_4.mat,24,4,LED-high,Stationary,False,3,female,False,False,True,2,1,2,3,2,2,2,1,2,/zfsauton/data/straps/MMPD/processed_dataset/MMPD_SizeW72_SizeH72_ClipLength180_DataTypeRaw_DataAugNone_LabelTypeRaw_Crop_faceTrue_BackendY11F_Large_boxFalse_Large_size1.5_Dyamic_DetTrue_det_len30_Median_face_boxTrue_unsupervised/subject24_L2_MO1_E2_S3_GE2_GL2_H2_MA1_label0.npy | /zfsauton/data/straps/MMPD/processed_dataset/MMPD_SizeW72_SizeH72_ClipLength180_DataTypeRaw_DataAugNone_LabelTypeRaw_Crop_faceTrue_BackendY11F_Large_boxFalse_Large_size1.5_Dyamic_DetTrue_det_len30_Median_face_boxTrue_unsupervised/subject24_L2_MO1_E2_S3_GE2_GL2_H2_MA1_input0.npy,
/zfsauton/data/straps/MMPD/subject24/p24_5.mat,24,5,LED-high,Rotation,False,3,female,False,False,True,2,2,2,3,2,2,2,1,2,/zfsauton/data/straps/MMPD/processed_dataset/MMPD_SizeW72_SizeH72_ClipLength180_DataTypeRaw_DataAugNone_LabelTypeRaw_Crop_faceTrue_BackendY11F_Large_boxFalse_Large_size1.5_Dyamic_DetTrue_det_len30_Median_face_boxTrue_unsupervised/subject24_L2_MO2_E2_S3_GE2_GL2_H2_MA1_label0.npy | /zfsauton/data/straps/MMPD/processed_dataset/MMPD_SizeW72_SizeH72_ClipLength180_DataTypeRaw_DataAugNone_LabelTypeRaw_Crop_faceTrue_BackendY11F_Large_boxFalse_Large_size1.5_Dyamic_DetTrue_det_len30_Median_face_boxTrue_unsupervised/subject24_L2_MO2_E2_S3_GE2_GL2_H2_MA1_input0.npy,
/zfsauton/data/straps/MMPD/subject24/p24_6.mat,24,6,LED-high,Talking,False,3,female,False,False,True,2,3,2,3,2,2,2,1,2,/zfsauton/data/straps/MMPD/processed_dataset/MMPD_SizeW72_SizeH72_ClipLength180_DataTypeRaw_DataAugNone_LabelTypeRaw_Crop_faceTrue_BackendY11F_Large_boxFalse_Large_size1.5_Dyamic_DetTrue_det_len30_Median_face_boxTrue_unsupervised/subject24_L2_MO3_E2_S3_GE2_GL2_H2_MA1_label0.npy | /zfsauton/data/straps/MMPD/processed_dataset/MMPD_SizeW72_SizeH72_ClipLength180_DataTypeRaw_DataAugNone_LabelTypeRaw_Crop_faceTrue_BackendY11F_Large_boxFalse_Large_size1.5_Dyamic_DetTrue_det_len30_Median_face_boxTrue_unsupervised/subject24_L2_MO3_E2_S3_GE2_GL2_H2_MA1_input0.npy,
/zfsauton/data/straps/MMPD/subject24/p24_7.mat,24,7,LED-high,Walking,False,3,female,False,False,True,2,4,2,3,2,2,2,1,2,/zfsauton/data/straps/MMPD/processed_dataset/MMPD_SizeW72_SizeH72_ClipLength180_DataTypeRaw_DataAugNone_LabelTypeRaw_Crop_faceTrue_BackendY11F_Large_boxFalse_Large_size1.5_Dyamic_DetTrue_det_len30_Median_face_boxTrue_unsupervised/subject24_L2_MO4_E2_S3_GE2_GL2_H2_MA1_input0.npy | /zfsauton/data/straps/MMPD/processed_dataset/MMPD_SizeW72_SizeH72_ClipLength180_DataTypeRaw_DataAugNone_LabelTypeRaw_Crop_faceTrue_BackendY11F_Large_boxFalse_Large_size1.5_Dyamic_DetTrue_det_len30_Median_face_boxTrue_unsupervised/subject24_L2_MO4_E2_S3_GE2_GL2_H2_MA1_label0.npy,
/zfsauton/data/straps/MMPD/subject24/p24_8.mat,24,8,Incandescent,Stationary,False,3,female,False,False,True,3,1,2,3,2,2,2,1,2,/zfsauton/data/straps/MMPD/processed_dataset/MMPD_SizeW72_SizeH72_ClipLength180_DataTypeRaw_DataAugNone_LabelTypeRaw_Crop_faceTrue_BackendY11F_Large_boxFalse_Large_size1.5_Dyamic_DetTrue_det_len30_Median_face_boxTrue_unsupervised/subject24_L3_MO1_E2_S3_GE2_GL2_H2_MA1_input0.npy | /zfsauton/data/straps/MMPD/processed_dataset/MMPD_SizeW72_SizeH72_ClipLength180_DataTypeRaw_DataAugNone_LabelTypeRaw_Crop_faceTrue_BackendY11F_Large_boxFalse_Large_size1.5_Dyamic_DetTrue_det_len30_Median_face_boxTrue_unsupervised/subject24_L3_MO1_E2_S3_GE2_GL2_H2_MA1_label0.npy,
/zfsauton/data/straps/MMPD/subject24/p24_9.mat,24,9,Incandescent,Rotation,False,3,female,False,False,True,3,2,2,3,2,2,2,1,2,/zfsauton/data/straps/MMPD/processed_dataset/MMPD_SizeW72_SizeH72_ClipLength180_DataTypeRaw_DataAugNone_LabelTypeRaw_Crop_faceTrue_BackendY11F_Large_boxFalse_Large_size1.5_Dyamic_DetTrue_det_len30_Median_face_boxTrue_unsupervised/subject24_L3_MO2_E2_S3_GE2_GL2_H2_MA1_input0.npy | /zfsauton/data/straps/MMPD/processed_dataset/MMPD_SizeW72_SizeH72_ClipLength180_DataTypeRaw_DataAugNone_LabelTypeRaw_Crop_faceTrue_BackendY11F_Large_boxFalse_Large_size1.5_Dyamic_DetTrue_det_len30_Median_face_boxTrue_unsupervised/subject24_L3_MO2_E2_S3_GE2_GL2_H2_MA1_label0.npy,
/zfsauton/data/straps/MMPD/subject25/p25_0.mat,25,0,LED-low,Stationary,False,3,female,False,True,False,1,1,2,3,2,2,1,2,2,/zfsauton/data/straps/MMPD/processed_dataset/MMPD_SizeW72_SizeH72_ClipLength180_DataTypeRaw_DataAugNone_LabelTypeRaw_Crop_faceTrue_BackendY11F_Large_boxFalse_Large_size1.5_Dyamic_DetTrue_det_len30_Median_face_boxTrue_unsupervised/subject25_L1_MO1_E2_S3_GE2_GL2_H1_MA2_input0.npy | /zfsauton/data/straps/MMPD/processed_dataset/MMPD_SizeW72_SizeH72_ClipLength180_DataTypeRaw_DataAugNone_LabelTypeRaw_Crop_faceTrue_BackendY11F_Large_boxFalse_Large_size1.5_Dyamic_DetTrue_det_len30_Median_face_boxTrue_unsupervised/subject25_L1_MO1_E2_S3_GE2_GL2_H1_MA2_label0.npy,
/zfsauton/data/straps/MMPD/subject25/p25_1.mat,25,1,LED-low,Rotation,False,3,female,False,True,False,1,2,2,3,2,2,1,2,2,/zfsauton/data/straps/MMPD/processed_dataset/MMPD_SizeW72_SizeH72_ClipLength180_DataTypeRaw_DataAugNone_LabelTypeRaw_Crop_faceTrue_BackendY11F_Large_boxFalse_Large_size1.5_Dyamic_DetTrue_det_len30_Median_face_boxTrue_unsupervised/subject25_L1_MO2_E2_S3_GE2_GL2_H1_MA2_input0.npy | /zfsauton/data/straps/MMPD/processed_dataset/MMPD_SizeW72_SizeH72_ClipLength180_DataTypeRaw_DataAugNone_LabelTypeRaw_Crop_faceTrue_BackendY11F_Large_boxFalse_Large_size1.5_Dyamic_DetTrue_det_len30_Median_face_boxTrue_unsupervised/subject25_L1_MO2_E2_S3_GE2_GL2_H1_MA2_label0.npy,
/zfsauton/data/straps/MMPD/subject25/p25_10.mat,25,10,Incandescent,Talking,False,3,female,False,True,False,3,3,2,3,2,2,1,2,2,/zfsauton/data/straps/MMPD/processed_dataset/MMPD_SizeW72_SizeH72_ClipLength180_DataTypeRaw_DataAugNone_LabelTypeRaw_Crop_faceTrue_BackendY11F_Large_boxFalse_Large_size1.5_Dyamic_DetTrue_det_len30_Median_face_boxTrue_unsupervised/subject25_L3_MO3_E2_S3_GE2_GL2_H1_MA2_label0.npy | /zfsauton/data/straps/MMPD/processed_dataset/MMPD_SizeW72_SizeH72_ClipLength180_DataTypeRaw_DataAugNone_LabelTypeRaw_Crop_faceTrue_BackendY11F_Large_boxFalse_Large_size1.5_Dyamic_DetTrue_det_len30_Median_face_boxTrue_unsupervised/subject25_L3_MO3_E2_S3_GE2_GL2_H1_MA2_input0.npy,
/zfsauton/data/straps/MMPD/subject25/p25_11.mat,25,11,Incandescent,Walking,False,3,female,False,True,False,3,4,2,3,2,2,1,2,2,/zfsauton/data/straps/MMPD/processed_dataset/MMPD_SizeW72_SizeH72_ClipLength180_DataTypeRaw_DataAugNone_LabelTypeRaw_Crop_faceTrue_BackendY11F_Large_boxFalse_Large_size1.5_Dyamic_DetTrue_det_len30_Median_face_boxTrue_unsupervised/subject25_L3_MO4_E2_S3_GE2_GL2_H1_MA2_input0.npy | /zfsauton/data/straps/MMPD/processed_dataset/MMPD_SizeW72_SizeH72_ClipLength180_DataTypeRaw_DataAugNone_LabelTypeRaw_Crop_faceTrue_BackendY11F_Large_boxFalse_Large_size1.5_Dyamic_DetTrue_det_len30_Median_face_boxTrue_unsupervised/subject25_L3_MO4_E2_S3_GE2_GL2_H1_MA2_label0.npy,
/zfsauton/data/straps/MMPD/subject25/p25_12.mat,25,12,Incandescent,Stationary (after exercise),True,3,female,False,True,False,3,1,1,3,2,2,1,2,2,/zfsauton/data/straps/MMPD/processed_dataset/MMPD_SizeW72_SizeH72_ClipLength180_DataTypeRaw_DataAugNone_LabelTypeRaw_Crop_faceTrue_BackendY11F_Large_boxFalse_Large_size1.5_Dyamic_DetTrue_det_len30_Median_face_boxTrue_unsupervised/subject25_L3_MO1_E1_S3_GE2_GL2_H1_MA2_input0.npy | /zfsauton/data/straps/MMPD/processed_dataset/MMPD_SizeW72_SizeH72_ClipLength180_DataTypeRaw_DataAugNone_LabelTypeRaw_Crop_faceTrue_BackendY11F_Large_boxFalse_Large_size1.5_Dyamic_DetTrue_det_len30_Median_face_boxTrue_unsupervised/subject25_L3_MO1_E1_S3_GE2_GL2_H1_MA2_label0.npy,
/zfsauton/data/straps/MMPD/subject25/p25_13.mat,25,13,LED-high,Stationary (after exercise),True,3,female,False,True,False,2,1,1,3,2,2,1,2,2,/zfsauton/data/straps/MMPD/processed_dataset/MMPD_SizeW72_SizeH72_ClipLength180_DataTypeRaw_DataAugNone_LabelTypeRaw_Crop_faceTrue_BackendY11F_Large_boxFalse_Large_size1.5_Dyamic_DetTrue_det_len30_Median_face_boxTrue_unsupervised/subject25_L2_MO1_E1_S3_GE2_GL2_H1_MA2_label0.npy | /zfsauton/data/straps/MMPD/processed_dataset/MMPD_SizeW72_SizeH72_ClipLength180_DataTypeRaw_DataAugNone_LabelTypeRaw_Crop_faceTrue_BackendY11F_Large_boxFalse_Large_size1.5_Dyamic_DetTrue_det_len30_Median_face_boxTrue_unsupervised/subject25_L2_MO1_E1_S3_GE2_GL2_H1_MA2_input0.npy,
/zfsauton/data/straps/MMPD/subject25/p25_14.mat,25,14,LED-low,Stationary (after exercise),True,3,female,False,True,False,1,1,1,3,2,2,1,2,2,/zfsauton/data/straps/MMPD/processed_dataset/MMPD_SizeW72_SizeH72_ClipLength180_DataTypeRaw_DataAugNone_LabelTypeRaw_Crop_faceTrue_BackendY11F_Large_boxFalse_Large_size1.5_Dyamic_DetTrue_det_len30_Median_face_boxTrue_unsupervised/subject25_L1_MO1_E1_S3_GE2_GL2_H1_MA2_label0.npy | /zfsauton/data/straps/MMPD/processed_dataset/MMPD_SizeW72_SizeH72_ClipLength180_DataTypeRaw_DataAugNone_LabelTypeRaw_Crop_faceTrue_BackendY11F_Large_boxFalse_Large_size1.5_Dyamic_DetTrue_det_len30_Median_face_boxTrue_unsupervised/subject25_L1_MO1_E1_S3_GE2_GL2_H1_MA2_input0.npy,
/zfsauton/data/straps/MMPD/subject25/p25_15.mat,25,15,Nature,Stationary (after exercise),True,3,female,False,True,False,4,1,1,3,2,2,1,2,2,/zfsauton/data/straps/MMPD/processed_dataset/MMPD_SizeW72_SizeH72_ClipLength180_DataTypeRaw_DataAugNone_LabelTypeRaw_Crop_faceTrue_BackendY11F_Large_boxFalse_Large_size1.5_Dyamic_DetTrue_det_len30_Median_face_boxTrue_unsupervised/subject25_L4_MO1_E1_S3_GE2_GL2_H1_MA2_input0.npy | /zfsauton/data/straps/MMPD/processed_dataset/MMPD_SizeW72_SizeH72_ClipLength180_DataTypeRaw_DataAugNone_LabelTypeRaw_Crop_faceTrue_BackendY11F_Large_boxFalse_Large_size1.5_Dyamic_DetTrue_det_len30_Median_face_boxTrue_unsupervised/subject25_L4_MO1_E1_S3_GE2_GL2_H1_MA2_label0.npy,
/zfsauton/data/straps/MMPD/subject25/p25_16.mat,25,16,Nature,Stationary,False,3,female,False,True,False,4,1,2,3,2,2,1,2,2,/zfsauton/data/straps/MMPD/processed_dataset/MMPD_SizeW72_SizeH72_ClipLength180_DataTypeRaw_DataAugNone_LabelTypeRaw_Crop_faceTrue_BackendY11F_Large_boxFalse_Large_size1.5_Dyamic_DetTrue_det_len30_Median_face_boxTrue_unsupervised/subject25_L4_MO1_E2_S3_GE2_GL2_H1_MA2_label0.npy | /zfsauton/data/straps/MMPD/processed_dataset/MMPD_SizeW72_SizeH72_ClipLength180_DataTypeRaw_DataAugNone_LabelTypeRaw_Crop_faceTrue_BackendY11F_Large_boxFalse_Large_size1.5_Dyamic_DetTrue_det_len30_Median_face_boxTrue_unsupervised/subject25_L4_MO1_E2_S3_GE2_GL2_H1_MA2_input0.npy,
/zfsauton/data/straps/MMPD/subject25/p25_17.mat,25,17,Nature,Rotation,False,3,female,False,True,False,4,2,2,3,2,2,1,2,2,/zfsauton/data/straps/MMPD/processed_dataset/MMPD_SizeW72_SizeH72_ClipLength180_DataTypeRaw_DataAugNone_LabelTypeRaw_Crop_faceTrue_BackendY11F_Large_boxFalse_Large_size1.5_Dyamic_DetTrue_det_len30_Median_face_boxTrue_unsupervised/subject25_L4_MO2_E2_S3_GE2_GL2_H1_MA2_label0.npy | /zfsauton/data/straps/MMPD/processed_dataset/MMPD_SizeW72_SizeH72_ClipLength180_DataTypeRaw_DataAugNone_LabelTypeRaw_Crop_faceTrue_BackendY11F_Large_boxFalse_Large_size1.5_Dyamic_DetTrue_det_len30_Median_face_boxTrue_unsupervised/subject25_L4_MO2_E2_S3_GE2_GL2_H1_MA2_input0.npy,
/zfsauton/data/straps/MMPD/subject25/p25_18.mat,25,18,Nature,Talking,False,3,female,False,True,False,4,3,2,3,2,2,1,2,2,/zfsauton/data/straps/MMPD/processed_dataset/MMPD_SizeW72_SizeH72_ClipLength180_DataTypeRaw_DataAugNone_LabelTypeRaw_Crop_faceTrue_BackendY11F_Large_boxFalse_Large_size1.5_Dyamic_DetTrue_det_len30_Median_face_boxTrue_unsupervised/subject25_L4_MO3_E2_S3_GE2_GL2_H1_MA2_label0.npy | /zfsauton/data/straps/MMPD/processed_dataset/MMPD_SizeW72_SizeH72_ClipLength180_DataTypeRaw_DataAugNone_LabelTypeRaw_Crop_faceTrue_BackendY11F_Large_boxFalse_Large_size1.5_Dyamic_DetTrue_det_len30_Median_face_boxTrue_unsupervised/subject25_L4_MO3_E2_S3_GE2_GL2_H1_MA2_input0.npy,
/zfsauton/data/straps/MMPD/subject25/p25_19.mat,25,19,Nature,Walking,False,3,female,False,True,False,4,4,2,3,2,2,1,2,2,/zfsauton/data/straps/MMPD/processed_dataset/MMPD_SizeW72_SizeH72_ClipLength180_DataTypeRaw_DataAugNone_LabelTypeRaw_Crop_faceTrue_BackendY11F_Large_boxFalse_Large_size1.5_Dyamic_DetTrue_det_len30_Median_face_boxTrue_unsupervised/subject25_L4_MO4_E2_S3_GE2_GL2_H1_MA2_input0.npy | /zfsauton/data/straps/MMPD/processed_dataset/MMPD_SizeW72_SizeH72_ClipLength180_DataTypeRaw_DataAugNone_LabelTypeRaw_Crop_faceTrue_BackendY11F_Large_boxFalse_Large_size1.5_Dyamic_DetTrue_det_len30_Median_face_boxTrue_unsupervised/subject25_L4_MO4_E2_S3_GE2_GL2_H1_MA2_label0.npy,
/zfsauton/data/straps/MMPD/subject25/p25_2.mat,25,2,LED-low,Talking,False,3,female,False,True,False,1,3,2,3,2,2,1,2,2,/zfsauton/data/straps/MMPD/processed_dataset/MMPD_SizeW72_SizeH72_ClipLength180_DataTypeRaw_DataAugNone_LabelTypeRaw_Crop_faceTrue_BackendY11F_Large_boxFalse_Large_size1.5_Dyamic_DetTrue_det_len30_Median_face_boxTrue_unsupervised/subject25_L1_MO3_E2_S3_GE2_GL2_H1_MA2_input0.npy | /zfsauton/data/straps/MMPD/processed_dataset/MMPD_SizeW72_SizeH72_ClipLength180_DataTypeRaw_DataAugNone_LabelTypeRaw_Crop_faceTrue_BackendY11F_Large_boxFalse_Large_size1.5_Dyamic_DetTrue_det_len30_Median_face_boxTrue_unsupervised/subject25_L1_MO3_E2_S3_GE2_GL2_H1_MA2_label0.npy,
/zfsauton/data/straps/MMPD/subject25/p25_3.mat,25,3,LED-low,Walking,False,3,female,False,True,False,1,4,2,3,2,2,1,2,2,/zfsauton/data/straps/MMPD/processed_dataset/MMPD_SizeW72_SizeH72_ClipLength180_DataTypeRaw_DataAugNone_LabelTypeRaw_Crop_faceTrue_BackendY11F_Large_boxFalse_Large_size1.5_Dyamic_DetTrue_det_len30_Median_face_boxTrue_unsupervised/subject25_L1_MO4_E2_S3_GE2_GL2_H1_MA2_label0.npy | /zfsauton/data/straps/MMPD/processed_dataset/MMPD_SizeW72_SizeH72_ClipLength180_DataTypeRaw_DataAugNone_LabelTypeRaw_Crop_faceTrue_BackendY11F_Large_boxFalse_Large_size1.5_Dyamic_DetTrue_det_len30_Median_face_boxTrue_unsupervised/subject25_L1_MO4_E2_S3_GE2_GL2_H1_MA2_input0.npy,
/zfsauton/data/straps/MMPD/subject25/p25_4.mat,25,4,LED-high,Stationary,False,3,female,False,True,False,2,1,2,3,2,2,1,2,2,/zfsauton/data/straps/MMPD/processed_dataset/MMPD_SizeW72_SizeH72_ClipLength180_DataTypeRaw_DataAugNone_LabelTypeRaw_Crop_faceTrue_BackendY11F_Large_boxFalse_Large_size1.5_Dyamic_DetTrue_det_len30_Median_face_boxTrue_unsupervised/subject25_L2_MO1_E2_S3_GE2_GL2_H1_MA2_input0.npy | /zfsauton/data/straps/MMPD/processed_dataset/MMPD_SizeW72_SizeH72_ClipLength180_DataTypeRaw_DataAugNone_LabelTypeRaw_Crop_faceTrue_BackendY11F_Large_boxFalse_Large_size1.5_Dyamic_DetTrue_det_len30_Median_face_boxTrue_unsupervised/subject25_L2_MO1_E2_S3_GE2_GL2_H1_MA2_label0.npy,
/zfsauton/data/straps/MMPD/subject25/p25_5.mat,25,5,LED-high,Rotation,False,3,female,False,True,False,2,2,2,3,2,2,1,2,2,/zfsauton/data/straps/MMPD/processed_dataset/MMPD_SizeW72_SizeH72_ClipLength180_DataTypeRaw_DataAugNone_LabelTypeRaw_Crop_faceTrue_BackendY11F_Large_boxFalse_Large_size1.5_Dyamic_DetTrue_det_len30_Median_face_boxTrue_unsupervised/subject25_L2_MO2_E2_S3_GE2_GL2_H1_MA2_input0.npy | /zfsauton/data/straps/MMPD/processed_dataset/MMPD_SizeW72_SizeH72_ClipLength180_DataTypeRaw_DataAugNone_LabelTypeRaw_Crop_faceTrue_BackendY11F_Large_boxFalse_Large_size1.5_Dyamic_DetTrue_det_len30_Median_face_boxTrue_unsupervised/subject25_L2_MO2_E2_S3_GE2_GL2_H1_MA2_label0.npy,
/zfsauton/data/straps/MMPD/subject25/p25_6.mat,25,6,LED-high,Talking,False,3,female,False,True,False,2,3,2,3,2,2,1,2,2,/zfsauton/data/straps/MMPD/processed_dataset/MMPD_SizeW72_SizeH72_ClipLength180_DataTypeRaw_DataAugNone_LabelTypeRaw_Crop_faceTrue_BackendY11F_Large_boxFalse_Large_size1.5_Dyamic_DetTrue_det_len30_Median_face_boxTrue_unsupervised/subject25_L2_MO3_E2_S3_GE2_GL2_H1_MA2_input0.npy | /zfsauton/data/straps/MMPD/processed_dataset/MMPD_SizeW72_SizeH72_ClipLength180_DataTypeRaw_DataAugNone_LabelTypeRaw_Crop_faceTrue_BackendY11F_Large_boxFalse_Large_size1.5_Dyamic_DetTrue_det_len30_Median_face_boxTrue_unsupervised/subject25_L2_MO3_E2_S3_GE2_GL2_H1_MA2_label0.npy,
/zfsauton/data/straps/MMPD/subject25/p25_7.mat,25,7,LED-high,Walking,False,3,female,False,True,False,2,4,2,3,2,2,1,2,2,/zfsauton/data/straps/MMPD/processed_dataset/MMPD_SizeW72_SizeH72_ClipLength180_DataTypeRaw_DataAugNone_LabelTypeRaw_Crop_faceTrue_BackendY11F_Large_boxFalse_Large_size1.5_Dyamic_DetTrue_det_len30_Median_face_boxTrue_unsupervised/subject25_L2_MO4_E2_S3_GE2_GL2_H1_MA2_label0.npy | /zfsauton/data/straps/MMPD/processed_dataset/MMPD_SizeW72_SizeH72_ClipLength180_DataTypeRaw_DataAugNone_LabelTypeRaw_Crop_faceTrue_BackendY11F_Large_boxFalse_Large_size1.5_Dyamic_DetTrue_det_len30_Median_face_boxTrue_unsupervised/subject25_L2_MO4_E2_S3_GE2_GL2_H1_MA2_input0.npy,
/zfsauton/data/straps/MMPD/subject25/p25_8.mat,25,8,Incandescent,Stationary,False,3,female,False,True,False,3,1,2,3,2,2,1,2,2,/zfsauton/data/straps/MMPD/processed_dataset/MMPD_SizeW72_SizeH72_ClipLength180_DataTypeRaw_DataAugNone_LabelTypeRaw_Crop_faceTrue_BackendY11F_Large_boxFalse_Large_size1.5_Dyamic_DetTrue_det_len30_Median_face_boxTrue_unsupervised/subject25_L3_MO1_E2_S3_GE2_GL2_H1_MA2_label0.npy | /zfsauton/data/straps/MMPD/processed_dataset/MMPD_SizeW72_SizeH72_ClipLength180_DataTypeRaw_DataAugNone_LabelTypeRaw_Crop_faceTrue_BackendY11F_Large_boxFalse_Large_size1.5_Dyamic_DetTrue_det_len30_Median_face_boxTrue_unsupervised/subject25_L3_MO1_E2_S3_GE2_GL2_H1_MA2_input0.npy,
/zfsauton/data/straps/MMPD/subject25/p25_9.mat,25,9,Incandescent,Rotation,False,3,female,False,True,False,3,2,2,3,2,2,1,2,2,/zfsauton/data/straps/MMPD/processed_dataset/MMPD_SizeW72_SizeH72_ClipLength180_DataTypeRaw_DataAugNone_LabelTypeRaw_Crop_faceTrue_BackendY11F_Large_boxFalse_Large_size1.5_Dyamic_DetTrue_det_len30_Median_face_boxTrue_unsupervised/subject25_L3_MO2_E2_S3_GE2_GL2_H1_MA2_label0.npy | /zfsauton/data/straps/MMPD/processed_dataset/MMPD_SizeW72_SizeH72_ClipLength180_DataTypeRaw_DataAugNone_LabelTypeRaw_Crop_faceTrue_BackendY11F_Large_boxFalse_Large_size1.5_Dyamic_DetTrue_det_len30_Median_face_boxTrue_unsupervised/subject25_L3_MO2_E2_S3_GE2_GL2_H1_MA2_input0.npy,
/zfsauton/data/straps/MMPD/subject26/p26_0.mat,26,0,LED-low,Stationary,False,6,male,False,False,False,1,1,2,6,1,2,2,2,2,/zfsauton/data/straps/MMPD/processed_dataset/MMPD_SizeW72_SizeH72_ClipLength180_DataTypeRaw_DataAugNone_LabelTypeRaw_Crop_faceTrue_BackendY11F_Large_boxFalse_Large_size1.5_Dyamic_DetTrue_det_len30_Median_face_boxTrue_unsupervised/subject26_L1_MO1_E2_S6_GE1_GL2_H2_MA2_label0.npy | /zfsauton/data/straps/MMPD/processed_dataset/MMPD_SizeW72_SizeH72_ClipLength180_DataTypeRaw_DataAugNone_LabelTypeRaw_Crop_faceTrue_BackendY11F_Large_boxFalse_Large_size1.5_Dyamic_DetTrue_det_len30_Median_face_boxTrue_unsupervised/subject26_L1_MO1_E2_S6_GE1_GL2_H2_MA2_input0.npy,
/zfsauton/data/straps/MMPD/subject26/p26_1.mat,26,1,LED-low,Rotation,False,6,male,False,False,False,1,2,2,6,1,2,2,2,2,/zfsauton/data/straps/MMPD/processed_dataset/MMPD_SizeW72_SizeH72_ClipLength180_DataTypeRaw_DataAugNone_LabelTypeRaw_Crop_faceTrue_BackendY11F_Large_boxFalse_Large_size1.5_Dyamic_DetTrue_det_len30_Median_face_boxTrue_unsupervised/subject26_L1_MO2_E2_S6_GE1_GL2_H2_MA2_label0.npy | /zfsauton/data/straps/MMPD/processed_dataset/MMPD_SizeW72_SizeH72_ClipLength180_DataTypeRaw_DataAugNone_LabelTypeRaw_Crop_faceTrue_BackendY11F_Large_boxFalse_Large_size1.5_Dyamic_DetTrue_det_len30_Median_face_boxTrue_unsupervised/subject26_L1_MO2_E2_S6_GE1_GL2_H2_MA2_input0.npy,
/zfsauton/data/straps/MMPD/subject26/p26_10.mat,26,10,Incandescent,Talking,False,6,male,False,False,False,3,3,2,6,1,2,2,2,2,/zfsauton/data/straps/MMPD/processed_dataset/MMPD_SizeW72_SizeH72_ClipLength180_DataTypeRaw_DataAugNone_LabelTypeRaw_Crop_faceTrue_BackendY11F_Large_boxFalse_Large_size1.5_Dyamic_DetTrue_det_len30_Median_face_boxTrue_unsupervised/subject26_L3_MO3_E2_S6_GE1_GL2_H2_MA2_input0.npy | /zfsauton/data/straps/MMPD/processed_dataset/MMPD_SizeW72_SizeH72_ClipLength180_DataTypeRaw_DataAugNone_LabelTypeRaw_Crop_faceTrue_BackendY11F_Large_boxFalse_Large_size1.5_Dyamic_DetTrue_det_len30_Median_face_boxTrue_unsupervised/subject26_L3_MO3_E2_S6_GE1_GL2_H2_MA2_label0.npy,
/zfsauton/data/straps/MMPD/subject26/p26_11.mat,26,11,Incandescent,Walking,False,6,male,False,False,False,3,4,2,6,1,2,2,2,2,/zfsauton/data/straps/MMPD/processed_dataset/MMPD_SizeW72_SizeH72_ClipLength180_DataTypeRaw_DataAugNone_LabelTypeRaw_Crop_faceTrue_BackendY11F_Large_boxFalse_Large_size1.5_Dyamic_DetTrue_det_len30_Median_face_boxTrue_unsupervised/subject26_L3_MO4_E2_S6_GE1_GL2_H2_MA2_label0.npy | /zfsauton/data/straps/MMPD/processed_dataset/MMPD_SizeW72_SizeH72_ClipLength180_DataTypeRaw_DataAugNone_LabelTypeRaw_Crop_faceTrue_BackendY11F_Large_boxFalse_Large_size1.5_Dyamic_DetTrue_det_len30_Median_face_boxTrue_unsupervised/subject26_L3_MO4_E2_S6_GE1_GL2_H2_MA2_input0.npy,
/zfsauton/data/straps/MMPD/subject26/p26_12.mat,26,12,Incandescent,Stationary (after exercise),True,6,male,False,False,False,3,1,1,6,1,2,2,2,2,/zfsauton/data/straps/MMPD/processed_dataset/MMPD_SizeW72_SizeH72_ClipLength180_DataTypeRaw_DataAugNone_LabelTypeRaw_Crop_faceTrue_BackendY11F_Large_boxFalse_Large_size1.5_Dyamic_DetTrue_det_len30_Median_face_boxTrue_unsupervised/subject26_L3_MO1_E1_S6_GE1_GL2_H2_MA2_label0.npy | /zfsauton/data/straps/MMPD/processed_dataset/MMPD_SizeW72_SizeH72_ClipLength180_DataTypeRaw_DataAugNone_LabelTypeRaw_Crop_faceTrue_BackendY11F_Large_boxFalse_Large_size1.5_Dyamic_DetTrue_det_len30_Median_face_boxTrue_unsupervised/subject26_L3_MO1_E1_S6_GE1_GL2_H2_MA2_input0.npy,
/zfsauton/data/straps/MMPD/subject26/p26_13.mat,26,13,LED-high,Stationary (after exercise),True,6,male,False,False,False,2,1,1,6,1,2,2,2,2,/zfsauton/data/straps/MMPD/processed_dataset/MMPD_SizeW72_SizeH72_ClipLength180_DataTypeRaw_DataAugNone_LabelTypeRaw_Crop_faceTrue_BackendY11F_Large_boxFalse_Large_size1.5_Dyamic_DetTrue_det_len30_Median_face_boxTrue_unsupervised/subject26_L2_MO1_E1_S6_GE1_GL2_H2_MA2_input0.npy | /zfsauton/data/straps/MMPD/processed_dataset/MMPD_SizeW72_SizeH72_ClipLength180_DataTypeRaw_DataAugNone_LabelTypeRaw_Crop_faceTrue_BackendY11F_Large_boxFalse_Large_size1.5_Dyamic_DetTrue_det_len30_Median_face_boxTrue_unsupervised/subject26_L2_MO1_E1_S6_GE1_GL2_H2_MA2_label0.npy,
/zfsauton/data/straps/MMPD/subject26/p26_14.mat,26,14,LED-low,Stationary (after exercise),True,6,male,False,False,False,1,1,1,6,1,2,2,2,2,/zfsauton/data/straps/MMPD/processed_dataset/MMPD_SizeW72_SizeH72_ClipLength180_DataTypeRaw_DataAugNone_LabelTypeRaw_Crop_faceTrue_BackendY11F_Large_boxFalse_Large_size1.5_Dyamic_DetTrue_det_len30_Median_face_boxTrue_unsupervised/subject26_L1_MO1_E1_S6_GE1_GL2_H2_MA2_input0.npy | /zfsauton/data/straps/MMPD/processed_dataset/MMPD_SizeW72_SizeH72_ClipLength180_DataTypeRaw_DataAugNone_LabelTypeRaw_Crop_faceTrue_BackendY11F_Large_boxFalse_Large_size1.5_Dyamic_DetTrue_det_len30_Median_face_boxTrue_unsupervised/subject26_L1_MO1_E1_S6_GE1_GL2_H2_MA2_label0.npy,
/zfsauton/data/straps/MMPD/subject26/p26_15.mat,26,15,Nature,Stationary (after exercise),True,6,male,False,False,False,4,1,1,6,1,2,2,2,2,/zfsauton/data/straps/MMPD/processed_dataset/MMPD_SizeW72_SizeH72_ClipLength180_DataTypeRaw_DataAugNone_LabelTypeRaw_Crop_faceTrue_BackendY11F_Large_boxFalse_Large_size1.5_Dyamic_DetTrue_det_len30_Median_face_boxTrue_unsupervised/subject26_L4_MO1_E1_S6_GE1_GL2_H2_MA2_label0.npy | /zfsauton/data/straps/MMPD/processed_dataset/MMPD_SizeW72_SizeH72_ClipLength180_DataTypeRaw_DataAugNone_LabelTypeRaw_Crop_faceTrue_BackendY11F_Large_boxFalse_Large_size1.5_Dyamic_DetTrue_det_len30_Median_face_boxTrue_unsupervised/subject26_L4_MO1_E1_S6_GE1_GL2_H2_MA2_input0.npy,
/zfsauton/data/straps/MMPD/subject26/p26_16.mat,26,16,Nature,Stationary,False,6,male,False,False,False,4,1,2,6,1,2,2,2,2,/zfsauton/data/straps/MMPD/processed_dataset/MMPD_SizeW72_SizeH72_ClipLength180_DataTypeRaw_DataAugNone_LabelTypeRaw_Crop_faceTrue_BackendY11F_Large_boxFalse_Large_size1.5_Dyamic_DetTrue_det_len30_Median_face_boxTrue_unsupervised/subject26_L4_MO1_E2_S6_GE1_GL2_H2_MA2_input0.npy | /zfsauton/data/straps/MMPD/processed_dataset/MMPD_SizeW72_SizeH72_ClipLength180_DataTypeRaw_DataAugNone_LabelTypeRaw_Crop_faceTrue_BackendY11F_Large_boxFalse_Large_size1.5_Dyamic_DetTrue_det_len30_Median_face_boxTrue_unsupervised/subject26_L4_MO1_E2_S6_GE1_GL2_H2_MA2_label0.npy,
/zfsauton/data/straps/MMPD/subject26/p26_17.mat,26,17,Nature,Rotation,False,6,male,False,False,False,4,2,2,6,1,2,2,2,2,/zfsauton/data/straps/MMPD/processed_dataset/MMPD_SizeW72_SizeH72_ClipLength180_DataTypeRaw_DataAugNone_LabelTypeRaw_Crop_faceTrue_BackendY11F_Large_boxFalse_Large_size1.5_Dyamic_DetTrue_det_len30_Median_face_boxTrue_unsupervised/subject26_L4_MO2_E2_S6_GE1_GL2_H2_MA2_input0.npy | /zfsauton/data/straps/MMPD/processed_dataset/MMPD_SizeW72_SizeH72_ClipLength180_DataTypeRaw_DataAugNone_LabelTypeRaw_Crop_faceTrue_BackendY11F_Large_boxFalse_Large_size1.5_Dyamic_DetTrue_det_len30_Median_face_boxTrue_unsupervised/subject26_L4_MO2_E2_S6_GE1_GL2_H2_MA2_label0.npy,
/zfsauton/data/straps/MMPD/subject26/p26_18.mat,26,18,Nature,Talking,False,6,male,False,False,False,4,3,2,6,1,2,2,2,2,/zfsauton/data/straps/MMPD/processed_dataset/MMPD_SizeW72_SizeH72_ClipLength180_DataTypeRaw_DataAugNone_LabelTypeRaw_Crop_faceTrue_BackendY11F_Large_boxFalse_Large_size1.5_Dyamic_DetTrue_det_len30_Median_face_boxTrue_unsupervised/subject26_L4_MO3_E2_S6_GE1_GL2_H2_MA2_input0.npy | /zfsauton/data/straps/MMPD/processed_dataset/MMPD_SizeW72_SizeH72_ClipLength180_DataTypeRaw_DataAugNone_LabelTypeRaw_Crop_faceTrue_BackendY11F_Large_boxFalse_Large_size1.5_Dyamic_DetTrue_det_len30_Median_face_boxTrue_unsupervised/subject26_L4_MO3_E2_S6_GE1_GL2_H2_MA2_label0.npy,
/zfsauton/data/straps/MMPD/subject26/p26_19.mat,26,19,Nature,Walking,False,6,male,False,False,False,4,4,2,6,1,2,2,2,2,/zfsauton/data/straps/MMPD/processed_dataset/MMPD_SizeW72_SizeH72_ClipLength180_DataTypeRaw_DataAugNone_LabelTypeRaw_Crop_faceTrue_BackendY11F_Large_boxFalse_Large_size1.5_Dyamic_DetTrue_det_len30_Median_face_boxTrue_unsupervised/subject26_L4_MO4_E2_S6_GE1_GL2_H2_MA2_label0.npy | /zfsauton/data/straps/MMPD/processed_dataset/MMPD_SizeW72_SizeH72_ClipLength180_DataTypeRaw_DataAugNone_LabelTypeRaw_Crop_faceTrue_BackendY11F_Large_boxFalse_Large_size1.5_Dyamic_DetTrue_det_len30_Median_face_boxTrue_unsupervised/subject26_L4_MO4_E2_S6_GE1_GL2_H2_MA2_input0.npy,
/zfsauton/data/straps/MMPD/subject26/p26_2.mat,26,2,LED-low,Talking,False,6,male,False,False,False,1,3,2,6,1,2,2,2,2,/zfsauton/data/straps/MMPD/processed_dataset/MMPD_SizeW72_SizeH72_ClipLength180_DataTypeRaw_DataAugNone_LabelTypeRaw_Crop_faceTrue_BackendY11F_Large_boxFalse_Large_size1.5_Dyamic_DetTrue_det_len30_Median_face_boxTrue_unsupervised/subject26_L1_MO3_E2_S6_GE1_GL2_H2_MA2_label0.npy | /zfsauton/data/straps/MMPD/processed_dataset/MMPD_SizeW72_SizeH72_ClipLength180_DataTypeRaw_DataAugNone_LabelTypeRaw_Crop_faceTrue_BackendY11F_Large_boxFalse_Large_size1.5_Dyamic_DetTrue_det_len30_Median_face_boxTrue_unsupervised/subject26_L1_MO3_E2_S6_GE1_GL2_H2_MA2_input0.npy,
/zfsauton/data/straps/MMPD/subject26/p26_3.mat,26,3,LED-low,Walking,False,6,male,False,False,False,1,4,2,6,1,2,2,2,2,/zfsauton/data/straps/MMPD/processed_dataset/MMPD_SizeW72_SizeH72_ClipLength180_DataTypeRaw_DataAugNone_LabelTypeRaw_Crop_faceTrue_BackendY11F_Large_boxFalse_Large_size1.5_Dyamic_DetTrue_det_len30_Median_face_boxTrue_unsupervised/subject26_L1_MO4_E2_S6_GE1_GL2_H2_MA2_input0.npy | /zfsauton/data/straps/MMPD/processed_dataset/MMPD_SizeW72_SizeH72_ClipLength180_DataTypeRaw_DataAugNone_LabelTypeRaw_Crop_faceTrue_BackendY11F_Large_boxFalse_Large_size1.5_Dyamic_DetTrue_det_len30_Median_face_boxTrue_unsupervised/subject26_L1_MO4_E2_S6_GE1_GL2_H2_MA2_label0.npy,
/zfsauton/data/straps/MMPD/subject26/p26_4.mat,26,4,LED-high,Stationary,False,6,male,False,False,False,2,1,2,6,1,2,2,2,2,/zfsauton/data/straps/MMPD/processed_dataset/MMPD_SizeW72_SizeH72_ClipLength180_DataTypeRaw_DataAugNone_LabelTypeRaw_Crop_faceTrue_BackendY11F_Large_boxFalse_Large_size1.5_Dyamic_DetTrue_det_len30_Median_face_boxTrue_unsupervised/subject26_L2_MO1_E2_S6_GE1_GL2_H2_MA2_label0.npy | /zfsauton/data/straps/MMPD/processed_dataset/MMPD_SizeW72_SizeH72_ClipLength180_DataTypeRaw_DataAugNone_LabelTypeRaw_Crop_faceTrue_BackendY11F_Large_boxFalse_Large_size1.5_Dyamic_DetTrue_det_len30_Median_face_boxTrue_unsupervised/subject26_L2_MO1_E2_S6_GE1_GL2_H2_MA2_input0.npy,
/zfsauton/data/straps/MMPD/subject26/p26_5.mat,26,5,LED-high,Rotation,False,6,male,False,False,False,2,2,2,6,1,2,2,2,2,/zfsauton/data/straps/MMPD/processed_dataset/MMPD_SizeW72_SizeH72_ClipLength180_DataTypeRaw_DataAugNone_LabelTypeRaw_Crop_faceTrue_BackendY11F_Large_boxFalse_Large_size1.5_Dyamic_DetTrue_det_len30_Median_face_boxTrue_unsupervised/subject26_L2_MO2_E2_S6_GE1_GL2_H2_MA2_label0.npy | /zfsauton/data/straps/MMPD/processed_dataset/MMPD_SizeW72_SizeH72_ClipLength180_DataTypeRaw_DataAugNone_LabelTypeRaw_Crop_faceTrue_BackendY11F_Large_boxFalse_Large_size1.5_Dyamic_DetTrue_det_len30_Median_face_boxTrue_unsupervised/subject26_L2_MO2_E2_S6_GE1_GL2_H2_MA2_input0.npy,
/zfsauton/data/straps/MMPD/subject26/p26_6.mat,26,6,LED-high,Talking,False,6,male,False,False,False,2,3,2,6,1,2,2,2,2,/zfsauton/data/straps/MMPD/processed_dataset/MMPD_SizeW72_SizeH72_ClipLength180_DataTypeRaw_DataAugNone_LabelTypeRaw_Crop_faceTrue_BackendY11F_Large_boxFalse_Large_size1.5_Dyamic_DetTrue_det_len30_Median_face_boxTrue_unsupervised/subject26_L2_MO3_E2_S6_GE1_GL2_H2_MA2_label0.npy | /zfsauton/data/straps/MMPD/processed_dataset/MMPD_SizeW72_SizeH72_ClipLength180_DataTypeRaw_DataAugNone_LabelTypeRaw_Crop_faceTrue_BackendY11F_Large_boxFalse_Large_size1.5_Dyamic_DetTrue_det_len30_Median_face_boxTrue_unsupervised/subject26_L2_MO3_E2_S6_GE1_GL2_H2_MA2_input0.npy,
/zfsauton/data/straps/MMPD/subject26/p26_7.mat,26,7,LED-high,Walking,False,6,male,False,False,False,2,4,2,6,1,2,2,2,2,/zfsauton/data/straps/MMPD/processed_dataset/MMPD_SizeW72_SizeH72_ClipLength180_DataTypeRaw_DataAugNone_LabelTypeRaw_Crop_faceTrue_BackendY11F_Large_boxFalse_Large_size1.5_Dyamic_DetTrue_det_len30_Median_face_boxTrue_unsupervised/subject26_L2_MO4_E2_S6_GE1_GL2_H2_MA2_input0.npy | /zfsauton/data/straps/MMPD/processed_dataset/MMPD_SizeW72_SizeH72_ClipLength180_DataTypeRaw_DataAugNone_LabelTypeRaw_Crop_faceTrue_BackendY11F_Large_boxFalse_Large_size1.5_Dyamic_DetTrue_det_len30_Median_face_boxTrue_unsupervised/subject26_L2_MO4_E2_S6_GE1_GL2_H2_MA2_label0.npy,
/zfsauton/data/straps/MMPD/subject26/p26_8.mat,26,8,Incandescent,Stationary,False,6,male,False,False,False,3,1,2,6,1,2,2,2,2,/zfsauton/data/straps/MMPD/processed_dataset/MMPD_SizeW72_SizeH72_ClipLength180_DataTypeRaw_DataAugNone_LabelTypeRaw_Crop_faceTrue_BackendY11F_Large_boxFalse_Large_size1.5_Dyamic_DetTrue_det_len30_Median_face_boxTrue_unsupervised/subject26_L3_MO1_E2_S6_GE1_GL2_H2_MA2_input0.npy | /zfsauton/data/straps/MMPD/processed_dataset/MMPD_SizeW72_SizeH72_ClipLength180_DataTypeRaw_DataAugNone_LabelTypeRaw_Crop_faceTrue_BackendY11F_Large_boxFalse_Large_size1.5_Dyamic_DetTrue_det_len30_Median_face_boxTrue_unsupervised/subject26_L3_MO1_E2_S6_GE1_GL2_H2_MA2_label0.npy,
/zfsauton/data/straps/MMPD/subject26/p26_9.mat,26,9,Incandescent,Rotation,False,6,male,False,False,False,3,2,2,6,1,2,2,2,2,/zfsauton/data/straps/MMPD/processed_dataset/MMPD_SizeW72_SizeH72_ClipLength180_DataTypeRaw_DataAugNone_LabelTypeRaw_Crop_faceTrue_BackendY11F_Large_boxFalse_Large_size1.5_Dyamic_DetTrue_det_len30_Median_face_boxTrue_unsupervised/subject26_L3_MO2_E2_S6_GE1_GL2_H2_MA2_input0.npy | /zfsauton/data/straps/MMPD/processed_dataset/MMPD_SizeW72_SizeH72_ClipLength180_DataTypeRaw_DataAugNone_LabelTypeRaw_Crop_faceTrue_BackendY11F_Large_boxFalse_Large_size1.5_Dyamic_DetTrue_det_len30_Median_face_boxTrue_unsupervised/subject26_L3_MO2_E2_S6_GE1_GL2_H2_MA2_label0.npy,
/zfsauton/data/straps/MMPD/subject27/p27_0.mat,27,0,LED-low,Stationary,False,3,female,False,False,True,1,1,2,3,2,2,2,1,2,/zfsauton/data/straps/MMPD/processed_dataset/MMPD_SizeW72_SizeH72_ClipLength180_DataTypeRaw_DataAugNone_LabelTypeRaw_Crop_faceTrue_BackendY11F_Large_boxFalse_Large_size1.5_Dyamic_DetTrue_det_len30_Median_face_boxTrue_unsupervised/subject27_L1_MO1_E2_S3_GE2_GL2_H2_MA1_label0.npy | /zfsauton/data/straps/MMPD/processed_dataset/MMPD_SizeW72_SizeH72_ClipLength180_DataTypeRaw_DataAugNone_LabelTypeRaw_Crop_faceTrue_BackendY11F_Large_boxFalse_Large_size1.5_Dyamic_DetTrue_det_len30_Median_face_boxTrue_unsupervised/subject27_L1_MO1_E2_S3_GE2_GL2_H2_MA1_input0.npy,
/zfsauton/data/straps/MMPD/subject27/p27_1.mat,27,1,LED-low,Rotation,False,3,female,False,False,True,1,2,2,3,2,2,2,1,2,/zfsauton/data/straps/MMPD/processed_dataset/MMPD_SizeW72_SizeH72_ClipLength180_DataTypeRaw_DataAugNone_LabelTypeRaw_Crop_faceTrue_BackendY11F_Large_boxFalse_Large_size1.5_Dyamic_DetTrue_det_len30_Median_face_boxTrue_unsupervised/subject27_L1_MO2_E2_S3_GE2_GL2_H2_MA1_label0.npy | /zfsauton/data/straps/MMPD/processed_dataset/MMPD_SizeW72_SizeH72_ClipLength180_DataTypeRaw_DataAugNone_LabelTypeRaw_Crop_faceTrue_BackendY11F_Large_boxFalse_Large_size1.5_Dyamic_DetTrue_det_len30_Median_face_boxTrue_unsupervised/subject27_L1_MO2_E2_S3_GE2_GL2_H2_MA1_input0.npy,
/zfsauton/data/straps/MMPD/subject27/p27_10.mat,27,10,Incandescent,Talking,False,3,female,False,False,True,3,3,2,3,2,2,2,1,2,/zfsauton/data/straps/MMPD/processed_dataset/MMPD_SizeW72_SizeH72_ClipLength180_DataTypeRaw_DataAugNone_LabelTypeRaw_Crop_faceTrue_BackendY11F_Large_boxFalse_Large_size1.5_Dyamic_DetTrue_det_len30_Median_face_boxTrue_unsupervised/subject27_L3_MO3_E2_S3_GE2_GL2_H2_MA1_input0.npy | /zfsauton/data/straps/MMPD/processed_dataset/MMPD_SizeW72_SizeH72_ClipLength180_DataTypeRaw_DataAugNone_LabelTypeRaw_Crop_faceTrue_BackendY11F_Large_boxFalse_Large_size1.5_Dyamic_DetTrue_det_len30_Median_face_boxTrue_unsupervised/subject27_L3_MO3_E2_S3_GE2_GL2_H2_MA1_label0.npy,
/zfsauton/data/straps/MMPD/subject27/p27_11.mat,27,11,Incandescent,Walking,False,3,female,False,False,True,3,4,2,3,2,2,2,1,2,/zfsauton/data/straps/MMPD/processed_dataset/MMPD_SizeW72_SizeH72_ClipLength180_DataTypeRaw_DataAugNone_LabelTypeRaw_Crop_faceTrue_BackendY11F_Large_boxFalse_Large_size1.5_Dyamic_DetTrue_det_len30_Median_face_boxTrue_unsupervised/subject27_L3_MO4_E2_S3_GE2_GL2_H2_MA1_label0.npy | /zfsauton/data/straps/MMPD/processed_dataset/MMPD_SizeW72_SizeH72_ClipLength180_DataTypeRaw_DataAugNone_LabelTypeRaw_Crop_faceTrue_BackendY11F_Large_boxFalse_Large_size1.5_Dyamic_DetTrue_det_len30_Median_face_boxTrue_unsupervised/subject27_L3_MO4_E2_S3_GE2_GL2_H2_MA1_input0.npy,
/zfsauton/data/straps/MMPD/subject27/p27_12.mat,27,12,Incandescent,Stationary (after exercise),True,3,female,False,False,True,3,1,1,3,2,2,2,1,2,/zfsauton/data/straps/MMPD/processed_dataset/MMPD_SizeW72_SizeH72_ClipLength180_DataTypeRaw_DataAugNone_LabelTypeRaw_Crop_faceTrue_BackendY11F_Large_boxFalse_Large_size1.5_Dyamic_DetTrue_det_len30_Median_face_boxTrue_unsupervised/subject27_L3_MO1_E1_S3_GE2_GL2_H2_MA1_label0.npy | /zfsauton/data/straps/MMPD/processed_dataset/MMPD_SizeW72_SizeH72_ClipLength180_DataTypeRaw_DataAugNone_LabelTypeRaw_Crop_faceTrue_BackendY11F_Large_boxFalse_Large_size1.5_Dyamic_DetTrue_det_len30_Median_face_boxTrue_unsupervised/subject27_L3_MO1_E1_S3_GE2_GL2_H2_MA1_input0.npy,
/zfsauton/data/straps/MMPD/subject27/p27_13.mat,27,13,LED-high,Stationary (after exercise),True,3,female,False,False,True,2,1,1,3,2,2,2,1,2,/zfsauton/data/straps/MMPD/processed_dataset/MMPD_SizeW72_SizeH72_ClipLength180_DataTypeRaw_DataAugNone_LabelTypeRaw_Crop_faceTrue_BackendY11F_Large_boxFalse_Large_size1.5_Dyamic_DetTrue_det_len30_Median_face_boxTrue_unsupervised/subject27_L2_MO1_E1_S3_GE2_GL2_H2_MA1_input0.npy | /zfsauton/data/straps/MMPD/processed_dataset/MMPD_SizeW72_SizeH72_ClipLength180_DataTypeRaw_DataAugNone_LabelTypeRaw_Crop_faceTrue_BackendY11F_Large_boxFalse_Large_size1.5_Dyamic_DetTrue_det_len30_Median_face_boxTrue_unsupervised/subject27_L2_MO1_E1_S3_GE2_GL2_H2_MA1_label0.npy,
/zfsauton/data/straps/MMPD/subject27/p27_14.mat,27,14,LED-low,Stationary (after exercise),True,3,female,False,False,True,1,1,1,3,2,2,2,1,2,/zfsauton/data/straps/MMPD/processed_dataset/MMPD_SizeW72_SizeH72_ClipLength180_DataTypeRaw_DataAugNone_LabelTypeRaw_Crop_faceTrue_BackendY11F_Large_boxFalse_Large_size1.5_Dyamic_DetTrue_det_len30_Median_face_boxTrue_unsupervised/subject27_L1_MO1_E1_S3_GE2_GL2_H2_MA1_input0.npy | /zfsauton/data/straps/MMPD/processed_dataset/MMPD_SizeW72_SizeH72_ClipLength180_DataTypeRaw_DataAugNone_LabelTypeRaw_Crop_faceTrue_BackendY11F_Large_boxFalse_Large_size1.5_Dyamic_DetTrue_det_len30_Median_face_boxTrue_unsupervised/subject27_L1_MO1_E1_S3_GE2_GL2_H2_MA1_label0.npy,
/zfsauton/data/straps/MMPD/subject27/p27_15.mat,27,15,Nature,Stationary (after exercise),True,3,female,False,False,True,4,1,1,3,2,2,2,1,2,/zfsauton/data/straps/MMPD/processed_dataset/MMPD_SizeW72_SizeH72_ClipLength180_DataTypeRaw_DataAugNone_LabelTypeRaw_Crop_faceTrue_BackendY11F_Large_boxFalse_Large_size1.5_Dyamic_DetTrue_det_len30_Median_face_boxTrue_unsupervised/subject27_L4_MO1_E1_S3_GE2_GL2_H2_MA1_label0.npy | /zfsauton/data/straps/MMPD/processed_dataset/MMPD_SizeW72_SizeH72_ClipLength180_DataTypeRaw_DataAugNone_LabelTypeRaw_Crop_faceTrue_BackendY11F_Large_boxFalse_Large_size1.5_Dyamic_DetTrue_det_len30_Median_face_boxTrue_unsupervised/subject27_L4_MO1_E1_S3_GE2_GL2_H2_MA1_input0.npy,
/zfsauton/data/straps/MMPD/subject27/p27_16.mat,27,16,Nature,Stationary,False,3,female,False,False,True,4,1,2,3,2,2,2,1,2,/zfsauton/data/straps/MMPD/processed_dataset/MMPD_SizeW72_SizeH72_ClipLength180_DataTypeRaw_DataAugNone_LabelTypeRaw_Crop_faceTrue_BackendY11F_Large_boxFalse_Large_size1.5_Dyamic_DetTrue_det_len30_Median_face_boxTrue_unsupervised/subject27_L4_MO1_E2_S3_GE2_GL2_H2_MA1_input0.npy | /zfsauton/data/straps/MMPD/processed_dataset/MMPD_SizeW72_SizeH72_ClipLength180_DataTypeRaw_DataAugNone_LabelTypeRaw_Crop_faceTrue_BackendY11F_Large_boxFalse_Large_size1.5_Dyamic_DetTrue_det_len30_Median_face_boxTrue_unsupervised/subject27_L4_MO1_E2_S3_GE2_GL2_H2_MA1_label0.npy,
/zfsauton/data/straps/MMPD/subject27/p27_17.mat,27,17,Nature,Rotation,False,3,female,False,False,True,4,2,2,3,2,2,2,1,2,/zfsauton/data/straps/MMPD/processed_dataset/MMPD_SizeW72_SizeH72_ClipLength180_DataTypeRaw_DataAugNone_LabelTypeRaw_Crop_faceTrue_BackendY11F_Large_boxFalse_Large_size1.5_Dyamic_DetTrue_det_len30_Median_face_boxTrue_unsupervised/subject27_L4_MO2_E2_S3_GE2_GL2_H2_MA1_input0.npy | /zfsauton/data/straps/MMPD/processed_dataset/MMPD_SizeW72_SizeH72_ClipLength180_DataTypeRaw_DataAugNone_LabelTypeRaw_Crop_faceTrue_BackendY11F_Large_boxFalse_Large_size1.5_Dyamic_DetTrue_det_len30_Median_face_boxTrue_unsupervised/subject27_L4_MO2_E2_S3_GE2_GL2_H2_MA1_label0.npy,
/zfsauton/data/straps/MMPD/subject27/p27_18.mat,27,18,Nature,Talking,False,3,female,False,False,True,4,3,2,3,2,2,2,1,2,/zfsauton/data/straps/MMPD/processed_dataset/MMPD_SizeW72_SizeH72_ClipLength180_DataTypeRaw_DataAugNone_LabelTypeRaw_Crop_faceTrue_BackendY11F_Large_boxFalse_Large_size1.5_Dyamic_DetTrue_det_len30_Median_face_boxTrue_unsupervised/subject27_L4_MO3_E2_S3_GE2_GL2_H2_MA1_input0.npy | /zfsauton/data/straps/MMPD/processed_dataset/MMPD_SizeW72_SizeH72_ClipLength180_DataTypeRaw_DataAugNone_LabelTypeRaw_Crop_faceTrue_BackendY11F_Large_boxFalse_Large_size1.5_Dyamic_DetTrue_det_len30_Median_face_boxTrue_unsupervised/subject27_L4_MO3_E2_S3_GE2_GL2_H2_MA1_label0.npy,
/zfsauton/data/straps/MMPD/subject27/p27_19.mat,27,19,Nature,Walking,False,3,female,False,False,True,4,4,2,3,2,2,2,1,2,/zfsauton/data/straps/MMPD/processed_dataset/MMPD_SizeW72_SizeH72_ClipLength180_DataTypeRaw_DataAugNone_LabelTypeRaw_Crop_faceTrue_BackendY11F_Large_boxFalse_Large_size1.5_Dyamic_DetTrue_det_len30_Median_face_boxTrue_unsupervised/subject27_L4_MO4_E2_S3_GE2_GL2_H2_MA1_label0.npy | /zfsauton/data/straps/MMPD/processed_dataset/MMPD_SizeW72_SizeH72_ClipLength180_DataTypeRaw_DataAugNone_LabelTypeRaw_Crop_faceTrue_BackendY11F_Large_boxFalse_Large_size1.5_Dyamic_DetTrue_det_len30_Median_face_boxTrue_unsupervised/subject27_L4_MO4_E2_S3_GE2_GL2_H2_MA1_input0.npy,
/zfsauton/data/straps/MMPD/subject27/p27_2.mat,27,2,LED-low,Talking,False,3,female,False,False,True,1,3,2,3,2,2,2,1,2,/zfsauton/data/straps/MMPD/processed_dataset/MMPD_SizeW72_SizeH72_ClipLength180_DataTypeRaw_DataAugNone_LabelTypeRaw_Crop_faceTrue_BackendY11F_Large_boxFalse_Large_size1.5_Dyamic_DetTrue_det_len30_Median_face_boxTrue_unsupervised/subject27_L1_MO3_E2_S3_GE2_GL2_H2_MA1_label0.npy | /zfsauton/data/straps/MMPD/processed_dataset/MMPD_SizeW72_SizeH72_ClipLength180_DataTypeRaw_DataAugNone_LabelTypeRaw_Crop_faceTrue_BackendY11F_Large_boxFalse_Large_size1.5_Dyamic_DetTrue_det_len30_Median_face_boxTrue_unsupervised/subject27_L1_MO3_E2_S3_GE2_GL2_H2_MA1_input0.npy,
/zfsauton/data/straps/MMPD/subject27/p27_3.mat,27,3,LED-low,Walking,False,3,female,False,False,True,1,4,2,3,2,2,2,1,2,/zfsauton/data/straps/MMPD/processed_dataset/MMPD_SizeW72_SizeH72_ClipLength180_DataTypeRaw_DataAugNone_LabelTypeRaw_Crop_faceTrue_BackendY11F_Large_boxFalse_Large_size1.5_Dyamic_DetTrue_det_len30_Median_face_boxTrue_unsupervised/subject27_L1_MO4_E2_S3_GE2_GL2_H2_MA1_input0.npy | /zfsauton/data/straps/MMPD/processed_dataset/MMPD_SizeW72_SizeH72_ClipLength180_DataTypeRaw_DataAugNone_LabelTypeRaw_Crop_faceTrue_BackendY11F_Large_boxFalse_Large_size1.5_Dyamic_DetTrue_det_len30_Median_face_boxTrue_unsupervised/subject27_L1_MO4_E2_S3_GE2_GL2_H2_MA1_label0.npy,
/zfsauton/data/straps/MMPD/subject27/p27_4.mat,27,4,LED-high,Stationary,False,3,female,False,False,True,2,1,2,3,2,2,2,1,2,/zfsauton/data/straps/MMPD/processed_dataset/MMPD_SizeW72_SizeH72_ClipLength180_DataTypeRaw_DataAugNone_LabelTypeRaw_Crop_faceTrue_BackendY11F_Large_boxFalse_Large_size1.5_Dyamic_DetTrue_det_len30_Median_face_boxTrue_unsupervised/subject27_L2_MO1_E2_S3_GE2_GL2_H2_MA1_label0.npy | /zfsauton/data/straps/MMPD/processed_dataset/MMPD_SizeW72_SizeH72_ClipLength180_DataTypeRaw_DataAugNone_LabelTypeRaw_Crop_faceTrue_BackendY11F_Large_boxFalse_Large_size1.5_Dyamic_DetTrue_det_len30_Median_face_boxTrue_unsupervised/subject27_L2_MO1_E2_S3_GE2_GL2_H2_MA1_input0.npy,
/zfsauton/data/straps/MMPD/subject27/p27_5.mat,27,5,LED-high,Rotation,False,3,female,False,False,True,2,2,2,3,2,2,2,1,2,/zfsauton/data/straps/MMPD/processed_dataset/MMPD_SizeW72_SizeH72_ClipLength180_DataTypeRaw_DataAugNone_LabelTypeRaw_Crop_faceTrue_BackendY11F_Large_boxFalse_Large_size1.5_Dyamic_DetTrue_det_len30_Median_face_boxTrue_unsupervised/subject27_L2_MO2_E2_S3_GE2_GL2_H2_MA1_label0.npy | /zfsauton/data/straps/MMPD/processed_dataset/MMPD_SizeW72_SizeH72_ClipLength180_DataTypeRaw_DataAugNone_LabelTypeRaw_Crop_faceTrue_BackendY11F_Large_boxFalse_Large_size1.5_Dyamic_DetTrue_det_len30_Median_face_boxTrue_unsupervised/subject27_L2_MO2_E2_S3_GE2_GL2_H2_MA1_input0.npy,
/zfsauton/data/straps/MMPD/subject27/p27_6.mat,27,6,LED-high,Talking,False,3,female,False,False,True,2,3,2,3,2,2,2,1,2,/zfsauton/data/straps/MMPD/processed_dataset/MMPD_SizeW72_SizeH72_ClipLength180_DataTypeRaw_DataAugNone_LabelTypeRaw_Crop_faceTrue_BackendY11F_Large_boxFalse_Large_size1.5_Dyamic_DetTrue_det_len30_Median_face_boxTrue_unsupervised/subject27_L2_MO3_E2_S3_GE2_GL2_H2_MA1_label0.npy | /zfsauton/data/straps/MMPD/processed_dataset/MMPD_SizeW72_SizeH72_ClipLength180_DataTypeRaw_DataAugNone_LabelTypeRaw_Crop_faceTrue_BackendY11F_Large_boxFalse_Large_size1.5_Dyamic_DetTrue_det_len30_Median_face_boxTrue_unsupervised/subject27_L2_MO3_E2_S3_GE2_GL2_H2_MA1_input0.npy,
/zfsauton/data/straps/MMPD/subject27/p27_7.mat,27,7,LED-high,Walking,False,3,female,False,False,True,2,4,2,3,2,2,2,1,2,/zfsauton/data/straps/MMPD/processed_dataset/MMPD_SizeW72_SizeH72_ClipLength180_DataTypeRaw_DataAugNone_LabelTypeRaw_Crop_faceTrue_BackendY11F_Large_boxFalse_Large_size1.5_Dyamic_DetTrue_det_len30_Median_face_boxTrue_unsupervised/subject27_L2_MO4_E2_S3_GE2_GL2_H2_MA1_input0.npy | /zfsauton/data/straps/MMPD/processed_dataset/MMPD_SizeW72_SizeH72_ClipLength180_DataTypeRaw_DataAugNone_LabelTypeRaw_Crop_faceTrue_BackendY11F_Large_boxFalse_Large_size1.5_Dyamic_DetTrue_det_len30_Median_face_boxTrue_unsupervised/subject27_L2_MO4_E2_S3_GE2_GL2_H2_MA1_label0.npy,
/zfsauton/data/straps/MMPD/subject27/p27_8.mat,27,8,Incandescent,Stationary,False,3,female,False,False,True,3,1,2,3,2,2,2,1,2,/zfsauton/data/straps/MMPD/processed_dataset/MMPD_SizeW72_SizeH72_ClipLength180_DataTypeRaw_DataAugNone_LabelTypeRaw_Crop_faceTrue_BackendY11F_Large_boxFalse_Large_size1.5_Dyamic_DetTrue_det_len30_Median_face_boxTrue_unsupervised/subject27_L3_MO1_E2_S3_GE2_GL2_H2_MA1_input0.npy | /zfsauton/data/straps/MMPD/processed_dataset/MMPD_SizeW72_SizeH72_ClipLength180_DataTypeRaw_DataAugNone_LabelTypeRaw_Crop_faceTrue_BackendY11F_Large_boxFalse_Large_size1.5_Dyamic_DetTrue_det_len30_Median_face_boxTrue_unsupervised/subject27_L3_MO1_E2_S3_GE2_GL2_H2_MA1_label0.npy,
/zfsauton/data/straps/MMPD/subject27/p27_9.mat,27,9,Incandescent,Rotation,False,3,female,False,False,True,3,2,2,3,2,2,2,1,2,/zfsauton/data/straps/MMPD/processed_dataset/MMPD_SizeW72_SizeH72_ClipLength180_DataTypeRaw_DataAugNone_LabelTypeRaw_Crop_faceTrue_BackendY11F_Large_boxFalse_Large_size1.5_Dyamic_DetTrue_det_len30_Median_face_boxTrue_unsupervised/subject27_L3_MO2_E2_S3_GE2_GL2_H2_MA1_input0.npy | /zfsauton/data/straps/MMPD/processed_dataset/MMPD_SizeW72_SizeH72_ClipLength180_DataTypeRaw_DataAugNone_LabelTypeRaw_Crop_faceTrue_BackendY11F_Large_boxFalse_Large_size1.5_Dyamic_DetTrue_det_len30_Median_face_boxTrue_unsupervised/subject27_L3_MO2_E2_S3_GE2_GL2_H2_MA1_label0.npy,
/zfsauton/data/straps/MMPD/subject28/p28_0.mat,28,0,LED-low,Stationary,False,5,female,False,False,False,1,1,2,5,2,2,2,2,2,/zfsauton/data/straps/MMPD/processed_dataset/MMPD_SizeW72_SizeH72_ClipLength180_DataTypeRaw_DataAugNone_LabelTypeRaw_Crop_faceTrue_BackendY11F_Large_boxFalse_Large_size1.5_Dyamic_DetTrue_det_len30_Median_face_boxTrue_unsupervised/subject28_L1_MO1_E2_S5_GE2_GL2_H2_MA2_input0.npy | /zfsauton/data/straps/MMPD/processed_dataset/MMPD_SizeW72_SizeH72_ClipLength180_DataTypeRaw_DataAugNone_LabelTypeRaw_Crop_faceTrue_BackendY11F_Large_boxFalse_Large_size1.5_Dyamic_DetTrue_det_len30_Median_face_boxTrue_unsupervised/subject28_L1_MO1_E2_S5_GE2_GL2_H2_MA2_label0.npy,
/zfsauton/data/straps/MMPD/subject28/p28_1.mat,28,1,LED-low,Rotation,False,5,female,False,False,False,1,2,2,5,2,2,2,2,2,/zfsauton/data/straps/MMPD/processed_dataset/MMPD_SizeW72_SizeH72_ClipLength180_DataTypeRaw_DataAugNone_LabelTypeRaw_Crop_faceTrue_BackendY11F_Large_boxFalse_Large_size1.5_Dyamic_DetTrue_det_len30_Median_face_boxTrue_unsupervised/subject28_L1_MO2_E2_S5_GE2_GL2_H2_MA2_input0.npy | /zfsauton/data/straps/MMPD/processed_dataset/MMPD_SizeW72_SizeH72_ClipLength180_DataTypeRaw_DataAugNone_LabelTypeRaw_Crop_faceTrue_BackendY11F_Large_boxFalse_Large_size1.5_Dyamic_DetTrue_det_len30_Median_face_boxTrue_unsupervised/subject28_L1_MO2_E2_S5_GE2_GL2_H2_MA2_label0.npy,
/zfsauton/data/straps/MMPD/subject28/p28_10.mat,28,10,Incandescent,Talking,False,5,female,False,False,False,3,3,2,5,2,2,2,2,2,/zfsauton/data/straps/MMPD/processed_dataset/MMPD_SizeW72_SizeH72_ClipLength180_DataTypeRaw_DataAugNone_LabelTypeRaw_Crop_faceTrue_BackendY11F_Large_boxFalse_Large_size1.5_Dyamic_DetTrue_det_len30_Median_face_boxTrue_unsupervised/subject28_L3_MO3_E2_S5_GE2_GL2_H2_MA2_label0.npy | /zfsauton/data/straps/MMPD/processed_dataset/MMPD_SizeW72_SizeH72_ClipLength180_DataTypeRaw_DataAugNone_LabelTypeRaw_Crop_faceTrue_BackendY11F_Large_boxFalse_Large_size1.5_Dyamic_DetTrue_det_len30_Median_face_boxTrue_unsupervised/subject28_L3_MO3_E2_S5_GE2_GL2_H2_MA2_input0.npy,
/zfsauton/data/straps/MMPD/subject28/p28_11.mat,28,11,Incandescent,Walking,False,5,female,False,False,False,3,4,2,5,2,2,2,2,2,/zfsauton/data/straps/MMPD/processed_dataset/MMPD_SizeW72_SizeH72_ClipLength180_DataTypeRaw_DataAugNone_LabelTypeRaw_Crop_faceTrue_BackendY11F_Large_boxFalse_Large_size1.5_Dyamic_DetTrue_det_len30_Median_face_boxTrue_unsupervised/subject28_L3_MO4_E2_S5_GE2_GL2_H2_MA2_input0.npy | /zfsauton/data/straps/MMPD/processed_dataset/MMPD_SizeW72_SizeH72_ClipLength180_DataTypeRaw_DataAugNone_LabelTypeRaw_Crop_faceTrue_BackendY11F_Large_boxFalse_Large_size1.5_Dyamic_DetTrue_det_len30_Median_face_boxTrue_unsupervised/subject28_L3_MO4_E2_S5_GE2_GL2_H2_MA2_label0.npy,
/zfsauton/data/straps/MMPD/subject28/p28_12.mat,28,12,Incandescent,Stationary (after exercise),True,5,female,False,False,False,3,1,1,5,2,2,2,2,2,/zfsauton/data/straps/MMPD/processed_dataset/MMPD_SizeW72_SizeH72_ClipLength180_DataTypeRaw_DataAugNone_LabelTypeRaw_Crop_faceTrue_BackendY11F_Large_boxFalse_Large_size1.5_Dyamic_DetTrue_det_len30_Median_face_boxTrue_unsupervised/subject28_L3_MO1_E1_S5_GE2_GL2_H2_MA2_input0.npy | /zfsauton/data/straps/MMPD/processed_dataset/MMPD_SizeW72_SizeH72_ClipLength180_DataTypeRaw_DataAugNone_LabelTypeRaw_Crop_faceTrue_BackendY11F_Large_boxFalse_Large_size1.5_Dyamic_DetTrue_det_len30_Median_face_boxTrue_unsupervised/subject28_L3_MO1_E1_S5_GE2_GL2_H2_MA2_label0.npy,
/zfsauton/data/straps/MMPD/subject28/p28_13.mat,28,13,LED-high,Stationary (after exercise),True,5,female,False,False,False,2,1,1,5,2,2,2,2,2,/zfsauton/data/straps/MMPD/processed_dataset/MMPD_SizeW72_SizeH72_ClipLength180_DataTypeRaw_DataAugNone_LabelTypeRaw_Crop_faceTrue_BackendY11F_Large_boxFalse_Large_size1.5_Dyamic_DetTrue_det_len30_Median_face_boxTrue_unsupervised/subject28_L2_MO1_E1_S5_GE2_GL2_H2_MA2_label0.npy | /zfsauton/data/straps/MMPD/processed_dataset/MMPD_SizeW72_SizeH72_ClipLength180_DataTypeRaw_DataAugNone_LabelTypeRaw_Crop_faceTrue_BackendY11F_Large_boxFalse_Large_size1.5_Dyamic_DetTrue_det_len30_Median_face_boxTrue_unsupervised/subject28_L2_MO1_E1_S5_GE2_GL2_H2_MA2_input0.npy,
/zfsauton/data/straps/MMPD/subject28/p28_14.mat,28,14,LED-low,Stationary (after exercise),True,5,female,False,False,False,1,1,1,5,2,2,2,2,2,/zfsauton/data/straps/MMPD/processed_dataset/MMPD_SizeW72_SizeH72_ClipLength180_DataTypeRaw_DataAugNone_LabelTypeRaw_Crop_faceTrue_BackendY11F_Large_boxFalse_Large_size1.5_Dyamic_DetTrue_det_len30_Median_face_boxTrue_unsupervised/subject28_L1_MO1_E1_S5_GE2_GL2_H2_MA2_label0.npy | /zfsauton/data/straps/MMPD/processed_dataset/MMPD_SizeW72_SizeH72_ClipLength180_DataTypeRaw_DataAugNone_LabelTypeRaw_Crop_faceTrue_BackendY11F_Large_boxFalse_Large_size1.5_Dyamic_DetTrue_det_len30_Median_face_boxTrue_unsupervised/subject28_L1_MO1_E1_S5_GE2_GL2_H2_MA2_input0.npy,
/zfsauton/data/straps/MMPD/subject28/p28_15.mat,28,15,Nature,Stationary (after exercise),True,5,female,False,False,False,4,1,1,5,2,2,2,2,2,/zfsauton/data/straps/MMPD/processed_dataset/MMPD_SizeW72_SizeH72_ClipLength180_DataTypeRaw_DataAugNone_LabelTypeRaw_Crop_faceTrue_BackendY11F_Large_boxFalse_Large_size1.5_Dyamic_DetTrue_det_len30_Median_face_boxTrue_unsupervised/subject28_L4_MO1_E1_S5_GE2_GL2_H2_MA2_input0.npy | /zfsauton/data/straps/MMPD/processed_dataset/MMPD_SizeW72_SizeH72_ClipLength180_DataTypeRaw_DataAugNone_LabelTypeRaw_Crop_faceTrue_BackendY11F_Large_boxFalse_Large_size1.5_Dyamic_DetTrue_det_len30_Median_face_boxTrue_unsupervised/subject28_L4_MO1_E1_S5_GE2_GL2_H2_MA2_label0.npy,
/zfsauton/data/straps/MMPD/subject28/p28_16.mat,28,16,Nature,Stationary,False,5,female,False,False,False,4,1,2,5,2,2,2,2,2,/zfsauton/data/straps/MMPD/processed_dataset/MMPD_SizeW72_SizeH72_ClipLength180_DataTypeRaw_DataAugNone_LabelTypeRaw_Crop_faceTrue_BackendY11F_Large_boxFalse_Large_size1.5_Dyamic_DetTrue_det_len30_Median_face_boxTrue_unsupervised/subject28_L4_MO1_E2_S5_GE2_GL2_H2_MA2_label0.npy | /zfsauton/data/straps/MMPD/processed_dataset/MMPD_SizeW72_SizeH72_ClipLength180_DataTypeRaw_DataAugNone_LabelTypeRaw_Crop_faceTrue_BackendY11F_Large_boxFalse_Large_size1.5_Dyamic_DetTrue_det_len30_Median_face_boxTrue_unsupervised/subject28_L4_MO1_E2_S5_GE2_GL2_H2_MA2_input0.npy,
/zfsauton/data/straps/MMPD/subject28/p28_17.mat,28,17,Nature,Rotation,False,5,female,False,False,False,4,2,2,5,2,2,2,2,2,/zfsauton/data/straps/MMPD/processed_dataset/MMPD_SizeW72_SizeH72_ClipLength180_DataTypeRaw_DataAugNone_LabelTypeRaw_Crop_faceTrue_BackendY11F_Large_boxFalse_Large_size1.5_Dyamic_DetTrue_det_len30_Median_face_boxTrue_unsupervised/subject28_L4_MO2_E2_S5_GE2_GL2_H2_MA2_label0.npy | /zfsauton/data/straps/MMPD/processed_dataset/MMPD_SizeW72_SizeH72_ClipLength180_DataTypeRaw_DataAugNone_LabelTypeRaw_Crop_faceTrue_BackendY11F_Large_boxFalse_Large_size1.5_Dyamic_DetTrue_det_len30_Median_face_boxTrue_unsupervised/subject28_L4_MO2_E2_S5_GE2_GL2_H2_MA2_input0.npy,
/zfsauton/data/straps/MMPD/subject28/p28_18.mat,28,18,Nature,Talking,False,5,female,False,False,False,4,3,2,5,2,2,2,2,2,/zfsauton/data/straps/MMPD/processed_dataset/MMPD_SizeW72_SizeH72_ClipLength180_DataTypeRaw_DataAugNone_LabelTypeRaw_Crop_faceTrue_BackendY11F_Large_boxFalse_Large_size1.5_Dyamic_DetTrue_det_len30_Median_face_boxTrue_unsupervised/subject28_L4_MO3_E2_S5_GE2_GL2_H2_MA2_label0.npy | /zfsauton/data/straps/MMPD/processed_dataset/MMPD_SizeW72_SizeH72_ClipLength180_DataTypeRaw_DataAugNone_LabelTypeRaw_Crop_faceTrue_BackendY11F_Large_boxFalse_Large_size1.5_Dyamic_DetTrue_det_len30_Median_face_boxTrue_unsupervised/subject28_L4_MO3_E2_S5_GE2_GL2_H2_MA2_input0.npy,
/zfsauton/data/straps/MMPD/subject28/p28_19.mat,28,19,Nature,Walking,False,5,female,False,False,False,4,4,2,5,2,2,2,2,2,/zfsauton/data/straps/MMPD/processed_dataset/MMPD_SizeW72_SizeH72_ClipLength180_DataTypeRaw_DataAugNone_LabelTypeRaw_Crop_faceTrue_BackendY11F_Large_boxFalse_Large_size1.5_Dyamic_DetTrue_det_len30_Median_face_boxTrue_unsupervised/subject28_L4_MO4_E2_S5_GE2_GL2_H2_MA2_input0.npy | /zfsauton/data/straps/MMPD/processed_dataset/MMPD_SizeW72_SizeH72_ClipLength180_DataTypeRaw_DataAugNone_LabelTypeRaw_Crop_faceTrue_BackendY11F_Large_boxFalse_Large_size1.5_Dyamic_DetTrue_det_len30_Median_face_boxTrue_unsupervised/subject28_L4_MO4_E2_S5_GE2_GL2_H2_MA2_label0.npy,
/zfsauton/data/straps/MMPD/subject28/p28_2.mat,28,2,LED-low,Talking,False,5,female,False,False,False,1,3,2,5,2,2,2,2,2,/zfsauton/data/straps/MMPD/processed_dataset/MMPD_SizeW72_SizeH72_ClipLength180_DataTypeRaw_DataAugNone_LabelTypeRaw_Crop_faceTrue_BackendY11F_Large_boxFalse_Large_size1.5_Dyamic_DetTrue_det_len30_Median_face_boxTrue_unsupervised/subject28_L1_MO3_E2_S5_GE2_GL2_H2_MA2_input0.npy | /zfsauton/data/straps/MMPD/processed_dataset/MMPD_SizeW72_SizeH72_ClipLength180_DataTypeRaw_DataAugNone_LabelTypeRaw_Crop_faceTrue_BackendY11F_Large_boxFalse_Large_size1.5_Dyamic_DetTrue_det_len30_Median_face_boxTrue_unsupervised/subject28_L1_MO3_E2_S5_GE2_GL2_H2_MA2_label0.npy,
/zfsauton/data/straps/MMPD/subject28/p28_3.mat,28,3,LED-low,Walking,False,5,female,False,False,False,1,4,2,5,2,2,2,2,2,/zfsauton/data/straps/MMPD/processed_dataset/MMPD_SizeW72_SizeH72_ClipLength180_DataTypeRaw_DataAugNone_LabelTypeRaw_Crop_faceTrue_BackendY11F_Large_boxFalse_Large_size1.5_Dyamic_DetTrue_det_len30_Median_face_boxTrue_unsupervised/subject28_L1_MO4_E2_S5_GE2_GL2_H2_MA2_label0.npy | /zfsauton/data/straps/MMPD/processed_dataset/MMPD_SizeW72_SizeH72_ClipLength180_DataTypeRaw_DataAugNone_LabelTypeRaw_Crop_faceTrue_BackendY11F_Large_boxFalse_Large_size1.5_Dyamic_DetTrue_det_len30_Median_face_boxTrue_unsupervised/subject28_L1_MO4_E2_S5_GE2_GL2_H2_MA2_input0.npy,
/zfsauton/data/straps/MMPD/subject28/p28_4.mat,28,4,LED-high,Stationary,False,5,female,False,False,False,2,1,2,5,2,2,2,2,2,/zfsauton/data/straps/MMPD/processed_dataset/MMPD_SizeW72_SizeH72_ClipLength180_DataTypeRaw_DataAugNone_LabelTypeRaw_Crop_faceTrue_BackendY11F_Large_boxFalse_Large_size1.5_Dyamic_DetTrue_det_len30_Median_face_boxTrue_unsupervised/subject28_L2_MO1_E2_S5_GE2_GL2_H2_MA2_input0.npy | /zfsauton/data/straps/MMPD/processed_dataset/MMPD_SizeW72_SizeH72_ClipLength180_DataTypeRaw_DataAugNone_LabelTypeRaw_Crop_faceTrue_BackendY11F_Large_boxFalse_Large_size1.5_Dyamic_DetTrue_det_len30_Median_face_boxTrue_unsupervised/subject28_L2_MO1_E2_S5_GE2_GL2_H2_MA2_label0.npy,
/zfsauton/data/straps/MMPD/subject28/p28_5.mat,28,5,LED-high,Rotation,False,5,female,False,False,False,2,2,2,5,2,2,2,2,2,/zfsauton/data/straps/MMPD/processed_dataset/MMPD_SizeW72_SizeH72_ClipLength180_DataTypeRaw_DataAugNone_LabelTypeRaw_Crop_faceTrue_BackendY11F_Large_boxFalse_Large_size1.5_Dyamic_DetTrue_det_len30_Median_face_boxTrue_unsupervised/subject28_L2_MO2_E2_S5_GE2_GL2_H2_MA2_input0.npy | /zfsauton/data/straps/MMPD/processed_dataset/MMPD_SizeW72_SizeH72_ClipLength180_DataTypeRaw_DataAugNone_LabelTypeRaw_Crop_faceTrue_BackendY11F_Large_boxFalse_Large_size1.5_Dyamic_DetTrue_det_len30_Median_face_boxTrue_unsupervised/subject28_L2_MO2_E2_S5_GE2_GL2_H2_MA2_label0.npy,
/zfsauton/data/straps/MMPD/subject28/p28_6.mat,28,6,LED-high,Talking,False,5,female,False,False,False,2,3,2,5,2,2,2,2,2,/zfsauton/data/straps/MMPD/processed_dataset/MMPD_SizeW72_SizeH72_ClipLength180_DataTypeRaw_DataAugNone_LabelTypeRaw_Crop_faceTrue_BackendY11F_Large_boxFalse_Large_size1.5_Dyamic_DetTrue_det_len30_Median_face_boxTrue_unsupervised/subject28_L2_MO3_E2_S5_GE2_GL2_H2_MA2_input0.npy | /zfsauton/data/straps/MMPD/processed_dataset/MMPD_SizeW72_SizeH72_ClipLength180_DataTypeRaw_DataAugNone_LabelTypeRaw_Crop_faceTrue_BackendY11F_Large_boxFalse_Large_size1.5_Dyamic_DetTrue_det_len30_Median_face_boxTrue_unsupervised/subject28_L2_MO3_E2_S5_GE2_GL2_H2_MA2_label0.npy,
/zfsauton/data/straps/MMPD/subject28/p28_7.mat,28,7,LED-high,Walking,False,5,female,False,False,False,2,4,2,5,2,2,2,2,2,/zfsauton/data/straps/MMPD/processed_dataset/MMPD_SizeW72_SizeH72_ClipLength180_DataTypeRaw_DataAugNone_LabelTypeRaw_Crop_faceTrue_BackendY11F_Large_boxFalse_Large_size1.5_Dyamic_DetTrue_det_len30_Median_face_boxTrue_unsupervised/subject28_L2_MO4_E2_S5_GE2_GL2_H2_MA2_label0.npy | /zfsauton/data/straps/MMPD/processed_dataset/MMPD_SizeW72_SizeH72_ClipLength180_DataTypeRaw_DataAugNone_LabelTypeRaw_Crop_faceTrue_BackendY11F_Large_boxFalse_Large_size1.5_Dyamic_DetTrue_det_len30_Median_face_boxTrue_unsupervised/subject28_L2_MO4_E2_S5_GE2_GL2_H2_MA2_input0.npy,
/zfsauton/data/straps/MMPD/subject28/p28_8.mat,28,8,Incandescent,Stationary,False,5,female,False,False,False,3,1,2,5,2,2,2,2,2,/zfsauton/data/straps/MMPD/processed_dataset/MMPD_SizeW72_SizeH72_ClipLength180_DataTypeRaw_DataAugNone_LabelTypeRaw_Crop_faceTrue_BackendY11F_Large_boxFalse_Large_size1.5_Dyamic_DetTrue_det_len30_Median_face_boxTrue_unsupervised/subject28_L3_MO1_E2_S5_GE2_GL2_H2_MA2_label0.npy | /zfsauton/data/straps/MMPD/processed_dataset/MMPD_SizeW72_SizeH72_ClipLength180_DataTypeRaw_DataAugNone_LabelTypeRaw_Crop_faceTrue_BackendY11F_Large_boxFalse_Large_size1.5_Dyamic_DetTrue_det_len30_Median_face_boxTrue_unsupervised/subject28_L3_MO1_E2_S5_GE2_GL2_H2_MA2_input0.npy,
/zfsauton/data/straps/MMPD/subject28/p28_9.mat,28,9,Incandescent,Rotation,False,5,female,False,False,False,3,2,2,5,2,2,2,2,2,/zfsauton/data/straps/MMPD/processed_dataset/MMPD_SizeW72_SizeH72_ClipLength180_DataTypeRaw_DataAugNone_LabelTypeRaw_Crop_faceTrue_BackendY11F_Large_boxFalse_Large_size1.5_Dyamic_DetTrue_det_len30_Median_face_boxTrue_unsupervised/subject28_L3_MO2_E2_S5_GE2_GL2_H2_MA2_label0.npy | /zfsauton/data/straps/MMPD/processed_dataset/MMPD_SizeW72_SizeH72_ClipLength180_DataTypeRaw_DataAugNone_LabelTypeRaw_Crop_faceTrue_BackendY11F_Large_boxFalse_Large_size1.5_Dyamic_DetTrue_det_len30_Median_face_boxTrue_unsupervised/subject28_L3_MO2_E2_S5_GE2_GL2_H2_MA2_input0.npy,
/zfsauton/data/straps/MMPD/subject29/p29_0.mat,29,0,LED-low,Stationary,False,3,female,True,True,False,1,1,2,3,2,1,1,2,2,/zfsauton/data/straps/MMPD/processed_dataset/MMPD_SizeW72_SizeH72_ClipLength180_DataTypeRaw_DataAugNone_LabelTypeRaw_Crop_faceTrue_BackendY11F_Large_boxFalse_Large_size1.5_Dyamic_DetTrue_det_len30_Median_face_boxTrue_unsupervised/subject29_L1_MO1_E2_S3_GE2_GL1_H1_MA2_input0.npy | /zfsauton/data/straps/MMPD/processed_dataset/MMPD_SizeW72_SizeH72_ClipLength180_DataTypeRaw_DataAugNone_LabelTypeRaw_Crop_faceTrue_BackendY11F_Large_boxFalse_Large_size1.5_Dyamic_DetTrue_det_len30_Median_face_boxTrue_unsupervised/subject29_L1_MO1_E2_S3_GE2_GL1_H1_MA2_label0.npy,
/zfsauton/data/straps/MMPD/subject29/p29_1.mat,29,1,LED-low,Rotation,False,3,female,True,True,False,1,2,2,3,2,1,1,2,2,/zfsauton/data/straps/MMPD/processed_dataset/MMPD_SizeW72_SizeH72_ClipLength180_DataTypeRaw_DataAugNone_LabelTypeRaw_Crop_faceTrue_BackendY11F_Large_boxFalse_Large_size1.5_Dyamic_DetTrue_det_len30_Median_face_boxTrue_unsupervised/subject29_L1_MO2_E2_S3_GE2_GL1_H1_MA2_input0.npy | /zfsauton/data/straps/MMPD/processed_dataset/MMPD_SizeW72_SizeH72_ClipLength180_DataTypeRaw_DataAugNone_LabelTypeRaw_Crop_faceTrue_BackendY11F_Large_boxFalse_Large_size1.5_Dyamic_DetTrue_det_len30_Median_face_boxTrue_unsupervised/subject29_L1_MO2_E2_S3_GE2_GL1_H1_MA2_label0.npy,
/zfsauton/data/straps/MMPD/subject29/p29_10.mat,29,10,Incandescent,Talking,False,3,female,True,True,False,3,3,2,3,2,1,1,2,2,/zfsauton/data/straps/MMPD/processed_dataset/MMPD_SizeW72_SizeH72_ClipLength180_DataTypeRaw_DataAugNone_LabelTypeRaw_Crop_faceTrue_BackendY11F_Large_boxFalse_Large_size1.5_Dyamic_DetTrue_det_len30_Median_face_boxTrue_unsupervised/subject29_L3_MO3_E2_S3_GE2_GL1_H1_MA2_label0.npy | /zfsauton/data/straps/MMPD/processed_dataset/MMPD_SizeW72_SizeH72_ClipLength180_DataTypeRaw_DataAugNone_LabelTypeRaw_Crop_faceTrue_BackendY11F_Large_boxFalse_Large_size1.5_Dyamic_DetTrue_det_len30_Median_face_boxTrue_unsupervised/subject29_L3_MO3_E2_S3_GE2_GL1_H1_MA2_input0.npy,
/zfsauton/data/straps/MMPD/subject29/p29_11.mat,29,11,Incandescent,Walking,False,3,female,True,True,False,3,4,2,3,2,1,1,2,2,/zfsauton/data/straps/MMPD/processed_dataset/MMPD_SizeW72_SizeH72_ClipLength180_DataTypeRaw_DataAugNone_LabelTypeRaw_Crop_faceTrue_BackendY11F_Large_boxFalse_Large_size1.5_Dyamic_DetTrue_det_len30_Median_face_boxTrue_unsupervised/subject29_L3_MO4_E2_S3_GE2_GL1_H1_MA2_input0.npy | /zfsauton/data/straps/MMPD/processed_dataset/MMPD_SizeW72_SizeH72_ClipLength180_DataTypeRaw_DataAugNone_LabelTypeRaw_Crop_faceTrue_BackendY11F_Large_boxFalse_Large_size1.5_Dyamic_DetTrue_det_len30_Median_face_boxTrue_unsupervised/subject29_L3_MO4_E2_S3_GE2_GL1_H1_MA2_label0.npy,
/zfsauton/data/straps/MMPD/subject29/p29_12.mat,29,12,Incandescent,Stationary (after exercise),True,3,female,True,True,False,3,1,1,3,2,1,1,2,2,/zfsauton/data/straps/MMPD/processed_dataset/MMPD_SizeW72_SizeH72_ClipLength180_DataTypeRaw_DataAugNone_LabelTypeRaw_Crop_faceTrue_BackendY11F_Large_boxFalse_Large_size1.5_Dyamic_DetTrue_det_len30_Median_face_boxTrue_unsupervised/subject29_L3_MO1_E1_S3_GE2_GL1_H1_MA2_input0.npy | /zfsauton/data/straps/MMPD/processed_dataset/MMPD_SizeW72_SizeH72_ClipLength180_DataTypeRaw_DataAugNone_LabelTypeRaw_Crop_faceTrue_BackendY11F_Large_boxFalse_Large_size1.5_Dyamic_DetTrue_det_len30_Median_face_boxTrue_unsupervised/subject29_L3_MO1_E1_S3_GE2_GL1_H1_MA2_label0.npy,
/zfsauton/data/straps/MMPD/subject29/p29_13.mat,29,13,LED-high,Stationary (after exercise),True,3,female,True,True,False,2,1,1,3,2,1,1,2,2,/zfsauton/data/straps/MMPD/processed_dataset/MMPD_SizeW72_SizeH72_ClipLength180_DataTypeRaw_DataAugNone_LabelTypeRaw_Crop_faceTrue_BackendY11F_Large_boxFalse_Large_size1.5_Dyamic_DetTrue_det_len30_Median_face_boxTrue_unsupervised/subject29_L2_MO1_E1_S3_GE2_GL1_H1_MA2_label0.npy | /zfsauton/data/straps/MMPD/processed_dataset/MMPD_SizeW72_SizeH72_ClipLength180_DataTypeRaw_DataAugNone_LabelTypeRaw_Crop_faceTrue_BackendY11F_Large_boxFalse_Large_size1.5_Dyamic_DetTrue_det_len30_Median_face_boxTrue_unsupervised/subject29_L2_MO1_E1_S3_GE2_GL1_H1_MA2_input0.npy,
/zfsauton/data/straps/MMPD/subject29/p29_14.mat,29,14,LED-low,Stationary (after exercise),True,3,female,True,True,False,1,1,1,3,2,1,1,2,2,/zfsauton/data/straps/MMPD/processed_dataset/MMPD_SizeW72_SizeH72_ClipLength180_DataTypeRaw_DataAugNone_LabelTypeRaw_Crop_faceTrue_BackendY11F_Large_boxFalse_Large_size1.5_Dyamic_DetTrue_det_len30_Median_face_boxTrue_unsupervised/subject29_L1_MO1_E1_S3_GE2_GL1_H1_MA2_label0.npy | /zfsauton/data/straps/MMPD/processed_dataset/MMPD_SizeW72_SizeH72_ClipLength180_DataTypeRaw_DataAugNone_LabelTypeRaw_Crop_faceTrue_BackendY11F_Large_boxFalse_Large_size1.5_Dyamic_DetTrue_det_len30_Median_face_boxTrue_unsupervised/subject29_L1_MO1_E1_S3_GE2_GL1_H1_MA2_input0.npy,
/zfsauton/data/straps/MMPD/subject29/p29_15.mat,29,15,Nature,Stationary (after exercise),True,3,female,True,True,False,4,1,1,3,2,1,1,2,2,/zfsauton/data/straps/MMPD/processed_dataset/MMPD_SizeW72_SizeH72_ClipLength180_DataTypeRaw_DataAugNone_LabelTypeRaw_Crop_faceTrue_BackendY11F_Large_boxFalse_Large_size1.5_Dyamic_DetTrue_det_len30_Median_face_boxTrue_unsupervised/subject29_L4_MO1_E1_S3_GE2_GL1_H1_MA2_input0.npy | /zfsauton/data/straps/MMPD/processed_dataset/MMPD_SizeW72_SizeH72_ClipLength180_DataTypeRaw_DataAugNone_LabelTypeRaw_Crop_faceTrue_BackendY11F_Large_boxFalse_Large_size1.5_Dyamic_DetTrue_det_len30_Median_face_boxTrue_unsupervised/subject29_L4_MO1_E1_S3_GE2_GL1_H1_MA2_label0.npy,
/zfsauton/data/straps/MMPD/subject29/p29_16.mat,29,16,Nature,Stationary,False,3,female,True,True,False,4,1,2,3,2,1,1,2,2,/zfsauton/data/straps/MMPD/processed_dataset/MMPD_SizeW72_SizeH72_ClipLength180_DataTypeRaw_DataAugNone_LabelTypeRaw_Crop_faceTrue_BackendY11F_Large_boxFalse_Large_size1.5_Dyamic_DetTrue_det_len30_Median_face_boxTrue_unsupervised/subject29_L4_MO1_E2_S3_GE2_GL1_H1_MA2_label0.npy | /zfsauton/data/straps/MMPD/processed_dataset/MMPD_SizeW72_SizeH72_ClipLength180_DataTypeRaw_DataAugNone_LabelTypeRaw_Crop_faceTrue_BackendY11F_Large_boxFalse_Large_size1.5_Dyamic_DetTrue_det_len30_Median_face_boxTrue_unsupervised/subject29_L4_MO1_E2_S3_GE2_GL1_H1_MA2_input0.npy,
/zfsauton/data/straps/MMPD/subject29/p29_17.mat,29,17,Nature,Rotation,False,3,female,True,True,False,4,2,2,3,2,1,1,2,2,/zfsauton/data/straps/MMPD/processed_dataset/MMPD_SizeW72_SizeH72_ClipLength180_DataTypeRaw_DataAugNone_LabelTypeRaw_Crop_faceTrue_BackendY11F_Large_boxFalse_Large_size1.5_Dyamic_DetTrue_det_len30_Median_face_boxTrue_unsupervised/subject29_L4_MO2_E2_S3_GE2_GL1_H1_MA2_label0.npy | /zfsauton/data/straps/MMPD/processed_dataset/MMPD_SizeW72_SizeH72_ClipLength180_DataTypeRaw_DataAugNone_LabelTypeRaw_Crop_faceTrue_BackendY11F_Large_boxFalse_Large_size1.5_Dyamic_DetTrue_det_len30_Median_face_boxTrue_unsupervised/subject29_L4_MO2_E2_S3_GE2_GL1_H1_MA2_input0.npy,
/zfsauton/data/straps/MMPD/subject29/p29_18.mat,29,18,Nature,Talking,False,3,female,True,True,False,4,3,2,3,2,1,1,2,2,/zfsauton/data/straps/MMPD/processed_dataset/MMPD_SizeW72_SizeH72_ClipLength180_DataTypeRaw_DataAugNone_LabelTypeRaw_Crop_faceTrue_BackendY11F_Large_boxFalse_Large_size1.5_Dyamic_DetTrue_det_len30_Median_face_boxTrue_unsupervised/subject29_L4_MO3_E2_S3_GE2_GL1_H1_MA2_label0.npy | /zfsauton/data/straps/MMPD/processed_dataset/MMPD_SizeW72_SizeH72_ClipLength180_DataTypeRaw_DataAugNone_LabelTypeRaw_Crop_faceTrue_BackendY11F_Large_boxFalse_Large_size1.5_Dyamic_DetTrue_det_len30_Median_face_boxTrue_unsupervised/subject29_L4_MO3_E2_S3_GE2_GL1_H1_MA2_input0.npy,
/zfsauton/data/straps/MMPD/subject29/p29_19.mat,29,19,Nature,Walking,False,3,female,True,True,False,4,4,2,3,2,1,1,2,2,/zfsauton/data/straps/MMPD/processed_dataset/MMPD_SizeW72_SizeH72_ClipLength180_DataTypeRaw_DataAugNone_LabelTypeRaw_Crop_faceTrue_BackendY11F_Large_boxFalse_Large_size1.5_Dyamic_DetTrue_det_len30_Median_face_boxTrue_unsupervised/subject29_L4_MO4_E2_S3_GE2_GL1_H1_MA2_input0.npy | /zfsauton/data/straps/MMPD/processed_dataset/MMPD_SizeW72_SizeH72_ClipLength180_DataTypeRaw_DataAugNone_LabelTypeRaw_Crop_faceTrue_BackendY11F_Large_boxFalse_Large_size1.5_Dyamic_DetTrue_det_len30_Median_face_boxTrue_unsupervised/subject29_L4_MO4_E2_S3_GE2_GL1_H1_MA2_label0.npy,
/zfsauton/data/straps/MMPD/subject29/p29_2.mat,29,2,LED-low,Talking,False,3,female,True,True,False,1,3,2,3,2,1,1,2,2,/zfsauton/data/straps/MMPD/processed_dataset/MMPD_SizeW72_SizeH72_ClipLength180_DataTypeRaw_DataAugNone_LabelTypeRaw_Crop_faceTrue_BackendY11F_Large_boxFalse_Large_size1.5_Dyamic_DetTrue_det_len30_Median_face_boxTrue_unsupervised/subject29_L1_MO3_E2_S3_GE2_GL1_H1_MA2_input0.npy | /zfsauton/data/straps/MMPD/processed_dataset/MMPD_SizeW72_SizeH72_ClipLength180_DataTypeRaw_DataAugNone_LabelTypeRaw_Crop_faceTrue_BackendY11F_Large_boxFalse_Large_size1.5_Dyamic_DetTrue_det_len30_Median_face_boxTrue_unsupervised/subject29_L1_MO3_E2_S3_GE2_GL1_H1_MA2_label0.npy,
/zfsauton/data/straps/MMPD/subject29/p29_3.mat,29,3,LED-low,Walking,False,3,female,True,True,False,1,4,2,3,2,1,1,2,2,/zfsauton/data/straps/MMPD/processed_dataset/MMPD_SizeW72_SizeH72_ClipLength180_DataTypeRaw_DataAugNone_LabelTypeRaw_Crop_faceTrue_BackendY11F_Large_boxFalse_Large_size1.5_Dyamic_DetTrue_det_len30_Median_face_boxTrue_unsupervised/subject29_L1_MO4_E2_S3_GE2_GL1_H1_MA2_label0.npy | /zfsauton/data/straps/MMPD/processed_dataset/MMPD_SizeW72_SizeH72_ClipLength180_DataTypeRaw_DataAugNone_LabelTypeRaw_Crop_faceTrue_BackendY11F_Large_boxFalse_Large_size1.5_Dyamic_DetTrue_det_len30_Median_face_boxTrue_unsupervised/subject29_L1_MO4_E2_S3_GE2_GL1_H1_MA2_input0.npy,
/zfsauton/data/straps/MMPD/subject29/p29_4.mat,29,4,LED-high,Stationary,False,3,female,True,True,False,2,1,2,3,2,1,1,2,2,/zfsauton/data/straps/MMPD/processed_dataset/MMPD_SizeW72_SizeH72_ClipLength180_DataTypeRaw_DataAugNone_LabelTypeRaw_Crop_faceTrue_BackendY11F_Large_boxFalse_Large_size1.5_Dyamic_DetTrue_det_len30_Median_face_boxTrue_unsupervised/subject29_L2_MO1_E2_S3_GE2_GL1_H1_MA2_input0.npy | /zfsauton/data/straps/MMPD/processed_dataset/MMPD_SizeW72_SizeH72_ClipLength180_DataTypeRaw_DataAugNone_LabelTypeRaw_Crop_faceTrue_BackendY11F_Large_boxFalse_Large_size1.5_Dyamic_DetTrue_det_len30_Median_face_boxTrue_unsupervised/subject29_L2_MO1_E2_S3_GE2_GL1_H1_MA2_label0.npy,
/zfsauton/data/straps/MMPD/subject29/p29_5.mat,29,5,LED-high,Rotation,False,3,female,True,True,False,2,2,2,3,2,1,1,2,2,/zfsauton/data/straps/MMPD/processed_dataset/MMPD_SizeW72_SizeH72_ClipLength180_DataTypeRaw_DataAugNone_LabelTypeRaw_Crop_faceTrue_BackendY11F_Large_boxFalse_Large_size1.5_Dyamic_DetTrue_det_len30_Median_face_boxTrue_unsupervised/subject29_L2_MO2_E2_S3_GE2_GL1_H1_MA2_input0.npy | /zfsauton/data/straps/MMPD/processed_dataset/MMPD_SizeW72_SizeH72_ClipLength180_DataTypeRaw_DataAugNone_LabelTypeRaw_Crop_faceTrue_BackendY11F_Large_boxFalse_Large_size1.5_Dyamic_DetTrue_det_len30_Median_face_boxTrue_unsupervised/subject29_L2_MO2_E2_S3_GE2_GL1_H1_MA2_label0.npy,
/zfsauton/data/straps/MMPD/subject29/p29_6.mat,29,6,LED-high,Talking,False,3,female,True,True,False,2,3,2,3,2,1,1,2,2,/zfsauton/data/straps/MMPD/processed_dataset/MMPD_SizeW72_SizeH72_ClipLength180_DataTypeRaw_DataAugNone_LabelTypeRaw_Crop_faceTrue_BackendY11F_Large_boxFalse_Large_size1.5_Dyamic_DetTrue_det_len30_Median_face_boxTrue_unsupervised/subject29_L2_MO3_E2_S3_GE2_GL1_H1_MA2_input0.npy | /zfsauton/data/straps/MMPD/processed_dataset/MMPD_SizeW72_SizeH72_ClipLength180_DataTypeRaw_DataAugNone_LabelTypeRaw_Crop_faceTrue_BackendY11F_Large_boxFalse_Large_size1.5_Dyamic_DetTrue_det_len30_Median_face_boxTrue_unsupervised/subject29_L2_MO3_E2_S3_GE2_GL1_H1_MA2_label0.npy,
/zfsauton/data/straps/MMPD/subject29/p29_7.mat,29,7,LED-high,Walking,False,3,female,True,True,False,2,4,2,3,2,1,1,2,2,/zfsauton/data/straps/MMPD/processed_dataset/MMPD_SizeW72_SizeH72_ClipLength180_DataTypeRaw_DataAugNone_LabelTypeRaw_Crop_faceTrue_BackendY11F_Large_boxFalse_Large_size1.5_Dyamic_DetTrue_det_len30_Median_face_boxTrue_unsupervised/subject29_L2_MO4_E2_S3_GE2_GL1_H1_MA2_label0.npy | /zfsauton/data/straps/MMPD/processed_dataset/MMPD_SizeW72_SizeH72_ClipLength180_DataTypeRaw_DataAugNone_LabelTypeRaw_Crop_faceTrue_BackendY11F_Large_boxFalse_Large_size1.5_Dyamic_DetTrue_det_len30_Median_face_boxTrue_unsupervised/subject29_L2_MO4_E2_S3_GE2_GL1_H1_MA2_input0.npy,
/zfsauton/data/straps/MMPD/subject29/p29_8.mat,29,8,Incandescent,Stationary,False,3,female,True,True,False,3,1,2,3,2,1,1,2,2,/zfsauton/data/straps/MMPD/processed_dataset/MMPD_SizeW72_SizeH72_ClipLength180_DataTypeRaw_DataAugNone_LabelTypeRaw_Crop_faceTrue_BackendY11F_Large_boxFalse_Large_size1.5_Dyamic_DetTrue_det_len30_Median_face_boxTrue_unsupervised/subject29_L3_MO1_E2_S3_GE2_GL1_H1_MA2_label0.npy | /zfsauton/data/straps/MMPD/processed_dataset/MMPD_SizeW72_SizeH72_ClipLength180_DataTypeRaw_DataAugNone_LabelTypeRaw_Crop_faceTrue_BackendY11F_Large_boxFalse_Large_size1.5_Dyamic_DetTrue_det_len30_Median_face_boxTrue_unsupervised/subject29_L3_MO1_E2_S3_GE2_GL1_H1_MA2_input0.npy,
/zfsauton/data/straps/MMPD/subject29/p29_9.mat,29,9,Incandescent,Rotation,False,3,female,True,True,False,3,2,2,3,2,1,1,2,2,/zfsauton/data/straps/MMPD/processed_dataset/MMPD_SizeW72_SizeH72_ClipLength180_DataTypeRaw_DataAugNone_LabelTypeRaw_Crop_faceTrue_BackendY11F_Large_boxFalse_Large_size1.5_Dyamic_DetTrue_det_len30_Median_face_boxTrue_unsupervised/subject29_L3_MO2_E2_S3_GE2_GL1_H1_MA2_label0.npy | /zfsauton/data/straps/MMPD/processed_dataset/MMPD_SizeW72_SizeH72_ClipLength180_DataTypeRaw_DataAugNone_LabelTypeRaw_Crop_faceTrue_BackendY11F_Large_boxFalse_Large_size1.5_Dyamic_DetTrue_det_len30_Median_face_boxTrue_unsupervised/subject29_L3_MO2_E2_S3_GE2_GL1_H1_MA2_input0.npy,
/zfsauton/data/straps/MMPD/subject3/p3_0.mat,3,0,LED-low,Stationary,False,3,male,False,True,False,1,1,2,3,1,2,1,2,2,/zfsauton/data/straps/MMPD/processed_dataset/MMPD_SizeW72_SizeH72_ClipLength180_DataTypeRaw_DataAugNone_LabelTypeRaw_Crop_faceTrue_BackendY11F_Large_boxFalse_Large_size1.5_Dyamic_DetTrue_det_len30_Median_face_boxTrue_unsupervised/subject3_L1_MO1_E2_S3_GE1_GL2_H1_MA2_label0.npy | /zfsauton/data/straps/MMPD/processed_dataset/MMPD_SizeW72_SizeH72_ClipLength180_DataTypeRaw_DataAugNone_LabelTypeRaw_Crop_faceTrue_BackendY11F_Large_boxFalse_Large_size1.5_Dyamic_DetTrue_det_len30_Median_face_boxTrue_unsupervised/subject3_L1_MO1_E2_S3_GE1_GL2_H1_MA2_input0.npy,
/zfsauton/data/straps/MMPD/subject3/p3_1.mat,3,1,LED-low,Rotation,False,3,male,False,True,False,1,2,2,3,1,2,1,2,2,/zfsauton/data/straps/MMPD/processed_dataset/MMPD_SizeW72_SizeH72_ClipLength180_DataTypeRaw_DataAugNone_LabelTypeRaw_Crop_faceTrue_BackendY11F_Large_boxFalse_Large_size1.5_Dyamic_DetTrue_det_len30_Median_face_boxTrue_unsupervised/subject3_L1_MO2_E2_S3_GE1_GL2_H1_MA2_label0.npy | /zfsauton/data/straps/MMPD/processed_dataset/MMPD_SizeW72_SizeH72_ClipLength180_DataTypeRaw_DataAugNone_LabelTypeRaw_Crop_faceTrue_BackendY11F_Large_boxFalse_Large_size1.5_Dyamic_DetTrue_det_len30_Median_face_boxTrue_unsupervised/subject3_L1_MO2_E2_S3_GE1_GL2_H1_MA2_input0.npy,
/zfsauton/data/straps/MMPD/subject3/p3_10.mat,3,10,Incandescent,Talking,False,3,male,False,True,False,3,3,2,3,1,2,1,2,2,/zfsauton/data/straps/MMPD/processed_dataset/MMPD_SizeW72_SizeH72_ClipLength180_DataTypeRaw_DataAugNone_LabelTypeRaw_Crop_faceTrue_BackendY11F_Large_boxFalse_Large_size1.5_Dyamic_DetTrue_det_len30_Median_face_boxTrue_unsupervised/subject3_L3_MO3_E2_S3_GE1_GL2_H1_MA2_input0.npy | /zfsauton/data/straps/MMPD/processed_dataset/MMPD_SizeW72_SizeH72_ClipLength180_DataTypeRaw_DataAugNone_LabelTypeRaw_Crop_faceTrue_BackendY11F_Large_boxFalse_Large_size1.5_Dyamic_DetTrue_det_len30_Median_face_boxTrue_unsupervised/subject3_L3_MO3_E2_S3_GE1_GL2_H1_MA2_label0.npy,
/zfsauton/data/straps/MMPD/subject3/p3_11.mat,3,11,Incandescent,Walking,False,3,male,False,True,False,3,4,2,3,1,2,1,2,2,/zfsauton/data/straps/MMPD/processed_dataset/MMPD_SizeW72_SizeH72_ClipLength180_DataTypeRaw_DataAugNone_LabelTypeRaw_Crop_faceTrue_BackendY11F_Large_boxFalse_Large_size1.5_Dyamic_DetTrue_det_len30_Median_face_boxTrue_unsupervised/subject3_L3_MO4_E2_S3_GE1_GL2_H1_MA2_label0.npy | /zfsauton/data/straps/MMPD/processed_dataset/MMPD_SizeW72_SizeH72_ClipLength180_DataTypeRaw_DataAugNone_LabelTypeRaw_Crop_faceTrue_BackendY11F_Large_boxFalse_Large_size1.5_Dyamic_DetTrue_det_len30_Median_face_boxTrue_unsupervised/subject3_L3_MO4_E2_S3_GE1_GL2_H1_MA2_input0.npy,
/zfsauton/data/straps/MMPD/subject3/p3_12.mat,3,12,Incandescent,Stationary (after exercise),True,3,male,False,True,False,3,1,1,3,1,2,1,2,2,/zfsauton/data/straps/MMPD/processed_dataset/MMPD_SizeW72_SizeH72_ClipLength180_DataTypeRaw_DataAugNone_LabelTypeRaw_Crop_faceTrue_BackendY11F_Large_boxFalse_Large_size1.5_Dyamic_DetTrue_det_len30_Median_face_boxTrue_unsupervised/subject3_L3_MO1_E1_S3_GE1_GL2_H1_MA2_label0.npy | /zfsauton/data/straps/MMPD/processed_dataset/MMPD_SizeW72_SizeH72_ClipLength180_DataTypeRaw_DataAugNone_LabelTypeRaw_Crop_faceTrue_BackendY11F_Large_boxFalse_Large_size1.5_Dyamic_DetTrue_det_len30_Median_face_boxTrue_unsupervised/subject3_L3_MO1_E1_S3_GE1_GL2_H1_MA2_input0.npy,
/zfsauton/data/straps/MMPD/subject3/p3_13.mat,3,13,LED-high,Stationary (after exercise),True,3,male,False,True,False,2,1,1,3,1,2,1,2,2,/zfsauton/data/straps/MMPD/processed_dataset/MMPD_SizeW72_SizeH72_ClipLength180_DataTypeRaw_DataAugNone_LabelTypeRaw_Crop_faceTrue_BackendY11F_Large_boxFalse_Large_size1.5_Dyamic_DetTrue_det_len30_Median_face_boxTrue_unsupervised/subject3_L2_MO1_E1_S3_GE1_GL2_H1_MA2_input0.npy | /zfsauton/data/straps/MMPD/processed_dataset/MMPD_SizeW72_SizeH72_ClipLength180_DataTypeRaw_DataAugNone_LabelTypeRaw_Crop_faceTrue_BackendY11F_Large_boxFalse_Large_size1.5_Dyamic_DetTrue_det_len30_Median_face_boxTrue_unsupervised/subject3_L2_MO1_E1_S3_GE1_GL2_H1_MA2_label0.npy,
/zfsauton/data/straps/MMPD/subject3/p3_14.mat,3,14,LED-low,Stationary (after exercise),True,3,male,False,True,False,1,1,1,3,1,2,1,2,2,/zfsauton/data/straps/MMPD/processed_dataset/MMPD_SizeW72_SizeH72_ClipLength180_DataTypeRaw_DataAugNone_LabelTypeRaw_Crop_faceTrue_BackendY11F_Large_boxFalse_Large_size1.5_Dyamic_DetTrue_det_len30_Median_face_boxTrue_unsupervised/subject3_L1_MO1_E1_S3_GE1_GL2_H1_MA2_input0.npy | /zfsauton/data/straps/MMPD/processed_dataset/MMPD_SizeW72_SizeH72_ClipLength180_DataTypeRaw_DataAugNone_LabelTypeRaw_Crop_faceTrue_BackendY11F_Large_boxFalse_Large_size1.5_Dyamic_DetTrue_det_len30_Median_face_boxTrue_unsupervised/subject3_L1_MO1_E1_S3_GE1_GL2_H1_MA2_label0.npy,
/zfsauton/data/straps/MMPD/subject3/p3_15.mat,3,15,Nature,Stationary (after exercise),True,3,male,False,True,False,4,1,1,3,1,2,1,2,2,/zfsauton/data/straps/MMPD/processed_dataset/MMPD_SizeW72_SizeH72_ClipLength180_DataTypeRaw_DataAugNone_LabelTypeRaw_Crop_faceTrue_BackendY11F_Large_boxFalse_Large_size1.5_Dyamic_DetTrue_det_len30_Median_face_boxTrue_unsupervised/subject3_L4_MO1_E1_S3_GE1_GL2_H1_MA2_label0.npy | /zfsauton/data/straps/MMPD/processed_dataset/MMPD_SizeW72_SizeH72_ClipLength180_DataTypeRaw_DataAugNone_LabelTypeRaw_Crop_faceTrue_BackendY11F_Large_boxFalse_Large_size1.5_Dyamic_DetTrue_det_len30_Median_face_boxTrue_unsupervised/subject3_L4_MO1_E1_S3_GE1_GL2_H1_MA2_input0.npy,
/zfsauton/data/straps/MMPD/subject3/p3_16.mat,3,16,Nature,Stationary,False,3,male,False,True,False,4,1,2,3,1,2,1,2,2,/zfsauton/data/straps/MMPD/processed_dataset/MMPD_SizeW72_SizeH72_ClipLength180_DataTypeRaw_DataAugNone_LabelTypeRaw_Crop_faceTrue_BackendY11F_Large_boxFalse_Large_size1.5_Dyamic_DetTrue_det_len30_Median_face_boxTrue_unsupervised/subject3_L4_MO1_E2_S3_GE1_GL2_H1_MA2_input0.npy | /zfsauton/data/straps/MMPD/processed_dataset/MMPD_SizeW72_SizeH72_ClipLength180_DataTypeRaw_DataAugNone_LabelTypeRaw_Crop_faceTrue_BackendY11F_Large_boxFalse_Large_size1.5_Dyamic_DetTrue_det_len30_Median_face_boxTrue_unsupervised/subject3_L4_MO1_E2_S3_GE1_GL2_H1_MA2_label0.npy,
/zfsauton/data/straps/MMPD/subject3/p3_17.mat,3,17,Nature,Rotation,False,3,male,False,True,False,4,2,2,3,1,2,1,2,2,/zfsauton/data/straps/MMPD/processed_dataset/MMPD_SizeW72_SizeH72_ClipLength180_DataTypeRaw_DataAugNone_LabelTypeRaw_Crop_faceTrue_BackendY11F_Large_boxFalse_Large_size1.5_Dyamic_DetTrue_det_len30_Median_face_boxTrue_unsupervised/subject3_L4_MO2_E2_S3_GE1_GL2_H1_MA2_input0.npy | /zfsauton/data/straps/MMPD/processed_dataset/MMPD_SizeW72_SizeH72_ClipLength180_DataTypeRaw_DataAugNone_LabelTypeRaw_Crop_faceTrue_BackendY11F_Large_boxFalse_Large_size1.5_Dyamic_DetTrue_det_len30_Median_face_boxTrue_unsupervised/subject3_L4_MO2_E2_S3_GE1_GL2_H1_MA2_label0.npy,
/zfsauton/data/straps/MMPD/subject3/p3_18.mat,3,18,Nature,Talking,False,3,male,False,True,False,4,3,2,3,1,2,1,2,2,/zfsauton/data/straps/MMPD/processed_dataset/MMPD_SizeW72_SizeH72_ClipLength180_DataTypeRaw_DataAugNone_LabelTypeRaw_Crop_faceTrue_BackendY11F_Large_boxFalse_Large_size1.5_Dyamic_DetTrue_det_len30_Median_face_boxTrue_unsupervised/subject3_L4_MO3_E2_S3_GE1_GL2_H1_MA2_input0.npy | /zfsauton/data/straps/MMPD/processed_dataset/MMPD_SizeW72_SizeH72_ClipLength180_DataTypeRaw_DataAugNone_LabelTypeRaw_Crop_faceTrue_BackendY11F_Large_boxFalse_Large_size1.5_Dyamic_DetTrue_det_len30_Median_face_boxTrue_unsupervised/subject3_L4_MO3_E2_S3_GE1_GL2_H1_MA2_label0.npy,
/zfsauton/data/straps/MMPD/subject3/p3_19.mat,3,19,Nature,Walking,False,3,male,False,True,False,4,4,2,3,1,2,1,2,2,/zfsauton/data/straps/MMPD/processed_dataset/MMPD_SizeW72_SizeH72_ClipLength180_DataTypeRaw_DataAugNone_LabelTypeRaw_Crop_faceTrue_BackendY11F_Large_boxFalse_Large_size1.5_Dyamic_DetTrue_det_len30_Median_face_boxTrue_unsupervised/subject3_L4_MO4_E2_S3_GE1_GL2_H1_MA2_label0.npy | /zfsauton/data/straps/MMPD/processed_dataset/MMPD_SizeW72_SizeH72_ClipLength180_DataTypeRaw_DataAugNone_LabelTypeRaw_Crop_faceTrue_BackendY11F_Large_boxFalse_Large_size1.5_Dyamic_DetTrue_det_len30_Median_face_boxTrue_unsupervised/subject3_L4_MO4_E2_S3_GE1_GL2_H1_MA2_input0.npy,
/zfsauton/data/straps/MMPD/subject3/p3_2.mat,3,2,LED-low,Talking,False,3,male,False,True,False,1,3,2,3,1,2,1,2,2,/zfsauton/data/straps/MMPD/processed_dataset/MMPD_SizeW72_SizeH72_ClipLength180_DataTypeRaw_DataAugNone_LabelTypeRaw_Crop_faceTrue_BackendY11F_Large_boxFalse_Large_size1.5_Dyamic_DetTrue_det_len30_Median_face_boxTrue_unsupervised/subject3_L1_MO3_E2_S3_GE1_GL2_H1_MA2_label0.npy | /zfsauton/data/straps/MMPD/processed_dataset/MMPD_SizeW72_SizeH72_ClipLength180_DataTypeRaw_DataAugNone_LabelTypeRaw_Crop_faceTrue_BackendY11F_Large_boxFalse_Large_size1.5_Dyamic_DetTrue_det_len30_Median_face_boxTrue_unsupervised/subject3_L1_MO3_E2_S3_GE1_GL2_H1_MA2_input0.npy,
/zfsauton/data/straps/MMPD/subject3/p3_3.mat,3,3,LED-low,Walking,False,3,male,False,True,False,1,4,2,3,1,2,1,2,2,/zfsauton/data/straps/MMPD/processed_dataset/MMPD_SizeW72_SizeH72_ClipLength180_DataTypeRaw_DataAugNone_LabelTypeRaw_Crop_faceTrue_BackendY11F_Large_boxFalse_Large_size1.5_Dyamic_DetTrue_det_len30_Median_face_boxTrue_unsupervised/subject3_L1_MO4_E2_S3_GE1_GL2_H1_MA2_input0.npy | /zfsauton/data/straps/MMPD/processed_dataset/MMPD_SizeW72_SizeH72_ClipLength180_DataTypeRaw_DataAugNone_LabelTypeRaw_Crop_faceTrue_BackendY11F_Large_boxFalse_Large_size1.5_Dyamic_DetTrue_det_len30_Median_face_boxTrue_unsupervised/subject3_L1_MO4_E2_S3_GE1_GL2_H1_MA2_label0.npy,
/zfsauton/data/straps/MMPD/subject3/p3_4.mat,3,4,LED-high,Stationary,False,3,male,False,True,False,2,1,2,3,1,2,1,2,2,/zfsauton/data/straps/MMPD/processed_dataset/MMPD_SizeW72_SizeH72_ClipLength180_DataTypeRaw_DataAugNone_LabelTypeRaw_Crop_faceTrue_BackendY11F_Large_boxFalse_Large_size1.5_Dyamic_DetTrue_det_len30_Median_face_boxTrue_unsupervised/subject3_L2_MO1_E2_S3_GE1_GL2_H1_MA2_label0.npy | /zfsauton/data/straps/MMPD/processed_dataset/MMPD_SizeW72_SizeH72_ClipLength180_DataTypeRaw_DataAugNone_LabelTypeRaw_Crop_faceTrue_BackendY11F_Large_boxFalse_Large_size1.5_Dyamic_DetTrue_det_len30_Median_face_boxTrue_unsupervised/subject3_L2_MO1_E2_S3_GE1_GL2_H1_MA2_input0.npy,
/zfsauton/data/straps/MMPD/subject3/p3_5.mat,3,5,LED-high,Rotation,False,3,male,False,True,False,2,2,2,3,1,2,1,2,2,/zfsauton/data/straps/MMPD/processed_dataset/MMPD_SizeW72_SizeH72_ClipLength180_DataTypeRaw_DataAugNone_LabelTypeRaw_Crop_faceTrue_BackendY11F_Large_boxFalse_Large_size1.5_Dyamic_DetTrue_det_len30_Median_face_boxTrue_unsupervised/subject3_L2_MO2_E2_S3_GE1_GL2_H1_MA2_label0.npy | /zfsauton/data/straps/MMPD/processed_dataset/MMPD_SizeW72_SizeH72_ClipLength180_DataTypeRaw_DataAugNone_LabelTypeRaw_Crop_faceTrue_BackendY11F_Large_boxFalse_Large_size1.5_Dyamic_DetTrue_det_len30_Median_face_boxTrue_unsupervised/subject3_L2_MO2_E2_S3_GE1_GL2_H1_MA2_input0.npy,
/zfsauton/data/straps/MMPD/subject3/p3_6.mat,3,6,LED-high,Talking,False,3,male,False,True,False,2,3,2,3,1,2,1,2,2,/zfsauton/data/straps/MMPD/processed_dataset/MMPD_SizeW72_SizeH72_ClipLength180_DataTypeRaw_DataAugNone_LabelTypeRaw_Crop_faceTrue_BackendY11F_Large_boxFalse_Large_size1.5_Dyamic_DetTrue_det_len30_Median_face_boxTrue_unsupervised/subject3_L2_MO3_E2_S3_GE1_GL2_H1_MA2_label0.npy | /zfsauton/data/straps/MMPD/processed_dataset/MMPD_SizeW72_SizeH72_ClipLength180_DataTypeRaw_DataAugNone_LabelTypeRaw_Crop_faceTrue_BackendY11F_Large_boxFalse_Large_size1.5_Dyamic_DetTrue_det_len30_Median_face_boxTrue_unsupervised/subject3_L2_MO3_E2_S3_GE1_GL2_H1_MA2_input0.npy,
/zfsauton/data/straps/MMPD/subject3/p3_7.mat,3,7,LED-high,Walking,False,3,male,False,True,False,2,4,2,3,1,2,1,2,2,/zfsauton/data/straps/MMPD/processed_dataset/MMPD_SizeW72_SizeH72_ClipLength180_DataTypeRaw_DataAugNone_LabelTypeRaw_Crop_faceTrue_BackendY11F_Large_boxFalse_Large_size1.5_Dyamic_DetTrue_det_len30_Median_face_boxTrue_unsupervised/subject3_L2_MO4_E2_S3_GE1_GL2_H1_MA2_input0.npy | /zfsauton/data/straps/MMPD/processed_dataset/MMPD_SizeW72_SizeH72_ClipLength180_DataTypeRaw_DataAugNone_LabelTypeRaw_Crop_faceTrue_BackendY11F_Large_boxFalse_Large_size1.5_Dyamic_DetTrue_det_len30_Median_face_boxTrue_unsupervised/subject3_L2_MO4_E2_S3_GE1_GL2_H1_MA2_label0.npy,
/zfsauton/data/straps/MMPD/subject3/p3_8.mat,3,8,Incandescent,Stationary,False,3,male,False,True,False,3,1,2,3,1,2,1,2,2,/zfsauton/data/straps/MMPD/processed_dataset/MMPD_SizeW72_SizeH72_ClipLength180_DataTypeRaw_DataAugNone_LabelTypeRaw_Crop_faceTrue_BackendY11F_Large_boxFalse_Large_size1.5_Dyamic_DetTrue_det_len30_Median_face_boxTrue_unsupervised/subject3_L3_MO1_E2_S3_GE1_GL2_H1_MA2_input0.npy | /zfsauton/data/straps/MMPD/processed_dataset/MMPD_SizeW72_SizeH72_ClipLength180_DataTypeRaw_DataAugNone_LabelTypeRaw_Crop_faceTrue_BackendY11F_Large_boxFalse_Large_size1.5_Dyamic_DetTrue_det_len30_Median_face_boxTrue_unsupervised/subject3_L3_MO1_E2_S3_GE1_GL2_H1_MA2_label0.npy,
/zfsauton/data/straps/MMPD/subject3/p3_9.mat,3,9,Incandescent,Rotation,False,3,male,False,True,False,3,2,2,3,1,2,1,2,2,/zfsauton/data/straps/MMPD/processed_dataset/MMPD_SizeW72_SizeH72_ClipLength180_DataTypeRaw_DataAugNone_LabelTypeRaw_Crop_faceTrue_BackendY11F_Large_boxFalse_Large_size1.5_Dyamic_DetTrue_det_len30_Median_face_boxTrue_unsupervised/subject3_L3_MO2_E2_S3_GE1_GL2_H1_MA2_input0.npy | /zfsauton/data/straps/MMPD/processed_dataset/MMPD_SizeW72_SizeH72_ClipLength180_DataTypeRaw_DataAugNone_LabelTypeRaw_Crop_faceTrue_BackendY11F_Large_boxFalse_Large_size1.5_Dyamic_DetTrue_det_len30_Median_face_boxTrue_unsupervised/subject3_L3_MO2_E2_S3_GE1_GL2_H1_MA2_label0.npy,
/zfsauton/data/straps/MMPD/subject30/p30_0.mat,30,0,LED-low,Stationary,False,6,male,False,False,False,1,1,2,6,1,2,2,2,2,/zfsauton/data/straps/MMPD/processed_dataset/MMPD_SizeW72_SizeH72_ClipLength180_DataTypeRaw_DataAugNone_LabelTypeRaw_Crop_faceTrue_BackendY11F_Large_boxFalse_Large_size1.5_Dyamic_DetTrue_det_len30_Median_face_boxTrue_unsupervised/subject30_L1_MO1_E2_S6_GE1_GL2_H2_MA2_label0.npy | /zfsauton/data/straps/MMPD/processed_dataset/MMPD_SizeW72_SizeH72_ClipLength180_DataTypeRaw_DataAugNone_LabelTypeRaw_Crop_faceTrue_BackendY11F_Large_boxFalse_Large_size1.5_Dyamic_DetTrue_det_len30_Median_face_boxTrue_unsupervised/subject30_L1_MO1_E2_S6_GE1_GL2_H2_MA2_input0.npy,
/zfsauton/data/straps/MMPD/subject30/p30_1.mat,30,1,LED-low,Rotation,False,6,male,False,False,False,1,2,2,6,1,2,2,2,2,/zfsauton/data/straps/MMPD/processed_dataset/MMPD_SizeW72_SizeH72_ClipLength180_DataTypeRaw_DataAugNone_LabelTypeRaw_Crop_faceTrue_BackendY11F_Large_boxFalse_Large_size1.5_Dyamic_DetTrue_det_len30_Median_face_boxTrue_unsupervised/subject30_L1_MO2_E2_S6_GE1_GL2_H2_MA2_label0.npy | /zfsauton/data/straps/MMPD/processed_dataset/MMPD_SizeW72_SizeH72_ClipLength180_DataTypeRaw_DataAugNone_LabelTypeRaw_Crop_faceTrue_BackendY11F_Large_boxFalse_Large_size1.5_Dyamic_DetTrue_det_len30_Median_face_boxTrue_unsupervised/subject30_L1_MO2_E2_S6_GE1_GL2_H2_MA2_input0.npy,
/zfsauton/data/straps/MMPD/subject30/p30_10.mat,30,10,Incandescent,Talking,False,6,male,False,False,False,3,3,2,6,1,2,2,2,2,/zfsauton/data/straps/MMPD/processed_dataset/MMPD_SizeW72_SizeH72_ClipLength180_DataTypeRaw_DataAugNone_LabelTypeRaw_Crop_faceTrue_BackendY11F_Large_boxFalse_Large_size1.5_Dyamic_DetTrue_det_len30_Median_face_boxTrue_unsupervised/subject30_L3_MO3_E2_S6_GE1_GL2_H2_MA2_input0.npy | /zfsauton/data/straps/MMPD/processed_dataset/MMPD_SizeW72_SizeH72_ClipLength180_DataTypeRaw_DataAugNone_LabelTypeRaw_Crop_faceTrue_BackendY11F_Large_boxFalse_Large_size1.5_Dyamic_DetTrue_det_len30_Median_face_boxTrue_unsupervised/subject30_L3_MO3_E2_S6_GE1_GL2_H2_MA2_label0.npy,
/zfsauton/data/straps/MMPD/subject30/p30_11.mat,30,11,Incandescent,Walking,False,6,male,False,False,False,3,4,2,6,1,2,2,2,2,/zfsauton/data/straps/MMPD/processed_dataset/MMPD_SizeW72_SizeH72_ClipLength180_DataTypeRaw_DataAugNone_LabelTypeRaw_Crop_faceTrue_BackendY11F_Large_boxFalse_Large_size1.5_Dyamic_DetTrue_det_len30_Median_face_boxTrue_unsupervised/subject30_L3_MO4_E2_S6_GE1_GL2_H2_MA2_label0.npy | /zfsauton/data/straps/MMPD/processed_dataset/MMPD_SizeW72_SizeH72_ClipLength180_DataTypeRaw_DataAugNone_LabelTypeRaw_Crop_faceTrue_BackendY11F_Large_boxFalse_Large_size1.5_Dyamic_DetTrue_det_len30_Median_face_boxTrue_unsupervised/subject30_L3_MO4_E2_S6_GE1_GL2_H2_MA2_input0.npy,
/zfsauton/data/straps/MMPD/subject30/p30_12.mat,30,12,Incandescent,Stationary (after exercise),True,6,male,False,False,False,3,1,1,6,1,2,2,2,2,/zfsauton/data/straps/MMPD/processed_dataset/MMPD_SizeW72_SizeH72_ClipLength180_DataTypeRaw_DataAugNone_LabelTypeRaw_Crop_faceTrue_BackendY11F_Large_boxFalse_Large_size1.5_Dyamic_DetTrue_det_len30_Median_face_boxTrue_unsupervised/subject30_L3_MO1_E1_S6_GE1_GL2_H2_MA2_label0.npy | /zfsauton/data/straps/MMPD/processed_dataset/MMPD_SizeW72_SizeH72_ClipLength180_DataTypeRaw_DataAugNone_LabelTypeRaw_Crop_faceTrue_BackendY11F_Large_boxFalse_Large_size1.5_Dyamic_DetTrue_det_len30_Median_face_boxTrue_unsupervised/subject30_L3_MO1_E1_S6_GE1_GL2_H2_MA2_input0.npy,
/zfsauton/data/straps/MMPD/subject30/p30_13.mat,30,13,LED-high,Stationary (after exercise),True,6,male,False,False,False,2,1,1,6,1,2,2,2,2,/zfsauton/data/straps/MMPD/processed_dataset/MMPD_SizeW72_SizeH72_ClipLength180_DataTypeRaw_DataAugNone_LabelTypeRaw_Crop_faceTrue_BackendY11F_Large_boxFalse_Large_size1.5_Dyamic_DetTrue_det_len30_Median_face_boxTrue_unsupervised/subject30_L2_MO1_E1_S6_GE1_GL2_H2_MA2_input0.npy | /zfsauton/data/straps/MMPD/processed_dataset/MMPD_SizeW72_SizeH72_ClipLength180_DataTypeRaw_DataAugNone_LabelTypeRaw_Crop_faceTrue_BackendY11F_Large_boxFalse_Large_size1.5_Dyamic_DetTrue_det_len30_Median_face_boxTrue_unsupervised/subject30_L2_MO1_E1_S6_GE1_GL2_H2_MA2_label0.npy,
/zfsauton/data/straps/MMPD/subject30/p30_14.mat,30,14,LED-low,Stationary (after exercise),True,6,male,False,False,False,1,1,1,6,1,2,2,2,2,/zfsauton/data/straps/MMPD/processed_dataset/MMPD_SizeW72_SizeH72_ClipLength180_DataTypeRaw_DataAugNone_LabelTypeRaw_Crop_faceTrue_BackendY11F_Large_boxFalse_Large_size1.5_Dyamic_DetTrue_det_len30_Median_face_boxTrue_unsupervised/subject30_L1_MO1_E1_S6_GE1_GL2_H2_MA2_input0.npy | /zfsauton/data/straps/MMPD/processed_dataset/MMPD_SizeW72_SizeH72_ClipLength180_DataTypeRaw_DataAugNone_LabelTypeRaw_Crop_faceTrue_BackendY11F_Large_boxFalse_Large_size1.5_Dyamic_DetTrue_det_len30_Median_face_boxTrue_unsupervised/subject30_L1_MO1_E1_S6_GE1_GL2_H2_MA2_label0.npy,
/zfsauton/data/straps/MMPD/subject30/p30_15.mat,30,15,Nature,Stationary (after exercise),True,6,male,False,False,False,4,1,1,6,1,2,2,2,2,/zfsauton/data/straps/MMPD/processed_dataset/MMPD_SizeW72_SizeH72_ClipLength180_DataTypeRaw_DataAugNone_LabelTypeRaw_Crop_faceTrue_BackendY11F_Large_boxFalse_Large_size1.5_Dyamic_DetTrue_det_len30_Median_face_boxTrue_unsupervised/subject30_L4_MO1_E1_S6_GE1_GL2_H2_MA2_label0.npy | /zfsauton/data/straps/MMPD/processed_dataset/MMPD_SizeW72_SizeH72_ClipLength180_DataTypeRaw_DataAugNone_LabelTypeRaw_Crop_faceTrue_BackendY11F_Large_boxFalse_Large_size1.5_Dyamic_DetTrue_det_len30_Median_face_boxTrue_unsupervised/subject30_L4_MO1_E1_S6_GE1_GL2_H2_MA2_input0.npy,
/zfsauton/data/straps/MMPD/subject30/p30_16.mat,30,16,Nature,Stationary,False,6,male,False,False,False,4,1,2,6,1,2,2,2,2,/zfsauton/data/straps/MMPD/processed_dataset/MMPD_SizeW72_SizeH72_ClipLength180_DataTypeRaw_DataAugNone_LabelTypeRaw_Crop_faceTrue_BackendY11F_Large_boxFalse_Large_size1.5_Dyamic_DetTrue_det_len30_Median_face_boxTrue_unsupervised/subject30_L4_MO1_E2_S6_GE1_GL2_H2_MA2_input0.npy | /zfsauton/data/straps/MMPD/processed_dataset/MMPD_SizeW72_SizeH72_ClipLength180_DataTypeRaw_DataAugNone_LabelTypeRaw_Crop_faceTrue_BackendY11F_Large_boxFalse_Large_size1.5_Dyamic_DetTrue_det_len30_Median_face_boxTrue_unsupervised/subject30_L4_MO1_E2_S6_GE1_GL2_H2_MA2_label0.npy,
/zfsauton/data/straps/MMPD/subject30/p30_17.mat,30,17,Nature,Rotation,False,6,male,False,False,False,4,2,2,6,1,2,2,2,2,/zfsauton/data/straps/MMPD/processed_dataset/MMPD_SizeW72_SizeH72_ClipLength180_DataTypeRaw_DataAugNone_LabelTypeRaw_Crop_faceTrue_BackendY11F_Large_boxFalse_Large_size1.5_Dyamic_DetTrue_det_len30_Median_face_boxTrue_unsupervised/subject30_L4_MO2_E2_S6_GE1_GL2_H2_MA2_input0.npy | /zfsauton/data/straps/MMPD/processed_dataset/MMPD_SizeW72_SizeH72_ClipLength180_DataTypeRaw_DataAugNone_LabelTypeRaw_Crop_faceTrue_BackendY11F_Large_boxFalse_Large_size1.5_Dyamic_DetTrue_det_len30_Median_face_boxTrue_unsupervised/subject30_L4_MO2_E2_S6_GE1_GL2_H2_MA2_label0.npy,
/zfsauton/data/straps/MMPD/subject30/p30_18.mat,30,18,Nature,Talking,False,6,male,False,False,False,4,3,2,6,1,2,2,2,2,/zfsauton/data/straps/MMPD/processed_dataset/MMPD_SizeW72_SizeH72_ClipLength180_DataTypeRaw_DataAugNone_LabelTypeRaw_Crop_faceTrue_BackendY11F_Large_boxFalse_Large_size1.5_Dyamic_DetTrue_det_len30_Median_face_boxTrue_unsupervised/subject30_L4_MO3_E2_S6_GE1_GL2_H2_MA2_input0.npy | /zfsauton/data/straps/MMPD/processed_dataset/MMPD_SizeW72_SizeH72_ClipLength180_DataTypeRaw_DataAugNone_LabelTypeRaw_Crop_faceTrue_BackendY11F_Large_boxFalse_Large_size1.5_Dyamic_DetTrue_det_len30_Median_face_boxTrue_unsupervised/subject30_L4_MO3_E2_S6_GE1_GL2_H2_MA2_label0.npy,
/zfsauton/data/straps/MMPD/subject30/p30_19.mat,30,19,Nature,Walking,False,6,male,False,False,False,4,4,2,6,1,2,2,2,2,/zfsauton/data/straps/MMPD/processed_dataset/MMPD_SizeW72_SizeH72_ClipLength180_DataTypeRaw_DataAugNone_LabelTypeRaw_Crop_faceTrue_BackendY11F_Large_boxFalse_Large_size1.5_Dyamic_DetTrue_det_len30_Median_face_boxTrue_unsupervised/subject30_L4_MO4_E2_S6_GE1_GL2_H2_MA2_label0.npy | /zfsauton/data/straps/MMPD/processed_dataset/MMPD_SizeW72_SizeH72_ClipLength180_DataTypeRaw_DataAugNone_LabelTypeRaw_Crop_faceTrue_BackendY11F_Large_boxFalse_Large_size1.5_Dyamic_DetTrue_det_len30_Median_face_boxTrue_unsupervised/subject30_L4_MO4_E2_S6_GE1_GL2_H2_MA2_input0.npy,
/zfsauton/data/straps/MMPD/subject30/p30_2.mat,30,2,LED-low,Talking,False,6,male,False,False,False,1,3,2,6,1,2,2,2,2,/zfsauton/data/straps/MMPD/processed_dataset/MMPD_SizeW72_SizeH72_ClipLength180_DataTypeRaw_DataAugNone_LabelTypeRaw_Crop_faceTrue_BackendY11F_Large_boxFalse_Large_size1.5_Dyamic_DetTrue_det_len30_Median_face_boxTrue_unsupervised/subject30_L1_MO3_E2_S6_GE1_GL2_H2_MA2_label0.npy | /zfsauton/data/straps/MMPD/processed_dataset/MMPD_SizeW72_SizeH72_ClipLength180_DataTypeRaw_DataAugNone_LabelTypeRaw_Crop_faceTrue_BackendY11F_Large_boxFalse_Large_size1.5_Dyamic_DetTrue_det_len30_Median_face_boxTrue_unsupervised/subject30_L1_MO3_E2_S6_GE1_GL2_H2_MA2_input0.npy,
/zfsauton/data/straps/MMPD/subject30/p30_3.mat,30,3,LED-low,Walking,False,6,male,False,False,False,1,4,2,6,1,2,2,2,2,/zfsauton/data/straps/MMPD/processed_dataset/MMPD_SizeW72_SizeH72_ClipLength180_DataTypeRaw_DataAugNone_LabelTypeRaw_Crop_faceTrue_BackendY11F_Large_boxFalse_Large_size1.5_Dyamic_DetTrue_det_len30_Median_face_boxTrue_unsupervised/subject30_L1_MO4_E2_S6_GE1_GL2_H2_MA2_input0.npy | /zfsauton/data/straps/MMPD/processed_dataset/MMPD_SizeW72_SizeH72_ClipLength180_DataTypeRaw_DataAugNone_LabelTypeRaw_Crop_faceTrue_BackendY11F_Large_boxFalse_Large_size1.5_Dyamic_DetTrue_det_len30_Median_face_boxTrue_unsupervised/subject30_L1_MO4_E2_S6_GE1_GL2_H2_MA2_label0.npy,
/zfsauton/data/straps/MMPD/subject30/p30_4.mat,30,4,LED-high,Stationary,False,6,male,False,False,False,2,1,2,6,1,2,2,2,2,/zfsauton/data/straps/MMPD/processed_dataset/MMPD_SizeW72_SizeH72_ClipLength180_DataTypeRaw_DataAugNone_LabelTypeRaw_Crop_faceTrue_BackendY11F_Large_boxFalse_Large_size1.5_Dyamic_DetTrue_det_len30_Median_face_boxTrue_unsupervised/subject30_L2_MO1_E2_S6_GE1_GL2_H2_MA2_label0.npy | /zfsauton/data/straps/MMPD/processed_dataset/MMPD_SizeW72_SizeH72_ClipLength180_DataTypeRaw_DataAugNone_LabelTypeRaw_Crop_faceTrue_BackendY11F_Large_boxFalse_Large_size1.5_Dyamic_DetTrue_det_len30_Median_face_boxTrue_unsupervised/subject30_L2_MO1_E2_S6_GE1_GL2_H2_MA2_input0.npy,
/zfsauton/data/straps/MMPD/subject30/p30_5.mat,30,5,LED-high,Rotation,False,6,male,False,False,False,2,2,2,6,1,2,2,2,2,/zfsauton/data/straps/MMPD/processed_dataset/MMPD_SizeW72_SizeH72_ClipLength180_DataTypeRaw_DataAugNone_LabelTypeRaw_Crop_faceTrue_BackendY11F_Large_boxFalse_Large_size1.5_Dyamic_DetTrue_det_len30_Median_face_boxTrue_unsupervised/subject30_L2_MO2_E2_S6_GE1_GL2_H2_MA2_label0.npy | /zfsauton/data/straps/MMPD/processed_dataset/MMPD_SizeW72_SizeH72_ClipLength180_DataTypeRaw_DataAugNone_LabelTypeRaw_Crop_faceTrue_BackendY11F_Large_boxFalse_Large_size1.5_Dyamic_DetTrue_det_len30_Median_face_boxTrue_unsupervised/subject30_L2_MO2_E2_S6_GE1_GL2_H2_MA2_input0.npy,
/zfsauton/data/straps/MMPD/subject30/p30_6.mat,30,6,LED-high,Talking,False,6,male,False,False,False,2,3,2,6,1,2,2,2,2,/zfsauton/data/straps/MMPD/processed_dataset/MMPD_SizeW72_SizeH72_ClipLength180_DataTypeRaw_DataAugNone_LabelTypeRaw_Crop_faceTrue_BackendY11F_Large_boxFalse_Large_size1.5_Dyamic_DetTrue_det_len30_Median_face_boxTrue_unsupervised/subject30_L2_MO3_E2_S6_GE1_GL2_H2_MA2_label0.npy | /zfsauton/data/straps/MMPD/processed_dataset/MMPD_SizeW72_SizeH72_ClipLength180_DataTypeRaw_DataAugNone_LabelTypeRaw_Crop_faceTrue_BackendY11F_Large_boxFalse_Large_size1.5_Dyamic_DetTrue_det_len30_Median_face_boxTrue_unsupervised/subject30_L2_MO3_E2_S6_GE1_GL2_H2_MA2_input0.npy,
/zfsauton/data/straps/MMPD/subject30/p30_7.mat,30,7,LED-high,Walking,False,6,male,False,False,False,2,4,2,6,1,2,2,2,2,/zfsauton/data/straps/MMPD/processed_dataset/MMPD_SizeW72_SizeH72_ClipLength180_DataTypeRaw_DataAugNone_LabelTypeRaw_Crop_faceTrue_BackendY11F_Large_boxFalse_Large_size1.5_Dyamic_DetTrue_det_len30_Median_face_boxTrue_unsupervised/subject30_L2_MO4_E2_S6_GE1_GL2_H2_MA2_input0.npy | /zfsauton/data/straps/MMPD/processed_dataset/MMPD_SizeW72_SizeH72_ClipLength180_DataTypeRaw_DataAugNone_LabelTypeRaw_Crop_faceTrue_BackendY11F_Large_boxFalse_Large_size1.5_Dyamic_DetTrue_det_len30_Median_face_boxTrue_unsupervised/subject30_L2_MO4_E2_S6_GE1_GL2_H2_MA2_label0.npy,
/zfsauton/data/straps/MMPD/subject30/p30_8.mat,30,8,Incandescent,Stationary,False,6,male,False,False,False,3,1,2,6,1,2,2,2,2,/zfsauton/data/straps/MMPD/processed_dataset/MMPD_SizeW72_SizeH72_ClipLength180_DataTypeRaw_DataAugNone_LabelTypeRaw_Crop_faceTrue_BackendY11F_Large_boxFalse_Large_size1.5_Dyamic_DetTrue_det_len30_Median_face_boxTrue_unsupervised/subject30_L3_MO1_E2_S6_GE1_GL2_H2_MA2_input0.npy | /zfsauton/data/straps/MMPD/processed_dataset/MMPD_SizeW72_SizeH72_ClipLength180_DataTypeRaw_DataAugNone_LabelTypeRaw_Crop_faceTrue_BackendY11F_Large_boxFalse_Large_size1.5_Dyamic_DetTrue_det_len30_Median_face_boxTrue_unsupervised/subject30_L3_MO1_E2_S6_GE1_GL2_H2_MA2_label0.npy,
/zfsauton/data/straps/MMPD/subject30/p30_9.mat,30,9,Incandescent,Rotation,False,6,male,False,False,False,3,2,2,6,1,2,2,2,2,/zfsauton/data/straps/MMPD/processed_dataset/MMPD_SizeW72_SizeH72_ClipLength180_DataTypeRaw_DataAugNone_LabelTypeRaw_Crop_faceTrue_BackendY11F_Large_boxFalse_Large_size1.5_Dyamic_DetTrue_det_len30_Median_face_boxTrue_unsupervised/subject30_L3_MO2_E2_S6_GE1_GL2_H2_MA2_input0.npy | /zfsauton/data/straps/MMPD/processed_dataset/MMPD_SizeW72_SizeH72_ClipLength180_DataTypeRaw_DataAugNone_LabelTypeRaw_Crop_faceTrue_BackendY11F_Large_boxFalse_Large_size1.5_Dyamic_DetTrue_det_len30_Median_face_boxTrue_unsupervised/subject30_L3_MO2_E2_S6_GE1_GL2_H2_MA2_label0.npy,
/zfsauton/data/straps/MMPD/subject31/p31_0.mat,31,0,LED-low,Stationary,False,5,male,False,False,False,1,1,2,5,1,2,2,2,2,/zfsauton/data/straps/MMPD/processed_dataset/MMPD_SizeW72_SizeH72_ClipLength180_DataTypeRaw_DataAugNone_LabelTypeRaw_Crop_faceTrue_BackendY11F_Large_boxFalse_Large_size1.5_Dyamic_DetTrue_det_len30_Median_face_boxTrue_unsupervised/subject31_L1_MO1_E2_S5_GE1_GL2_H2_MA2_input0.npy | /zfsauton/data/straps/MMPD/processed_dataset/MMPD_SizeW72_SizeH72_ClipLength180_DataTypeRaw_DataAugNone_LabelTypeRaw_Crop_faceTrue_BackendY11F_Large_boxFalse_Large_size1.5_Dyamic_DetTrue_det_len30_Median_face_boxTrue_unsupervised/subject31_L1_MO1_E2_S5_GE1_GL2_H2_MA2_label0.npy,
/zfsauton/data/straps/MMPD/subject31/p31_1.mat,31,1,LED-low,Rotation,False,5,male,False,False,False,1,2,2,5,1,2,2,2,2,/zfsauton/data/straps/MMPD/processed_dataset/MMPD_SizeW72_SizeH72_ClipLength180_DataTypeRaw_DataAugNone_LabelTypeRaw_Crop_faceTrue_BackendY11F_Large_boxFalse_Large_size1.5_Dyamic_DetTrue_det_len30_Median_face_boxTrue_unsupervised/subject31_L1_MO2_E2_S5_GE1_GL2_H2_MA2_input0.npy | /zfsauton/data/straps/MMPD/processed_dataset/MMPD_SizeW72_SizeH72_ClipLength180_DataTypeRaw_DataAugNone_LabelTypeRaw_Crop_faceTrue_BackendY11F_Large_boxFalse_Large_size1.5_Dyamic_DetTrue_det_len30_Median_face_boxTrue_unsupervised/subject31_L1_MO2_E2_S5_GE1_GL2_H2_MA2_label0.npy,
/zfsauton/data/straps/MMPD/subject31/p31_10.mat,31,10,Incandescent,Talking,False,5,male,False,False,False,3,3,2,5,1,2,2,2,2,/zfsauton/data/straps/MMPD/processed_dataset/MMPD_SizeW72_SizeH72_ClipLength180_DataTypeRaw_DataAugNone_LabelTypeRaw_Crop_faceTrue_BackendY11F_Large_boxFalse_Large_size1.5_Dyamic_DetTrue_det_len30_Median_face_boxTrue_unsupervised/subject31_L3_MO3_E2_S5_GE1_GL2_H2_MA2_label0.npy | /zfsauton/data/straps/MMPD/processed_dataset/MMPD_SizeW72_SizeH72_ClipLength180_DataTypeRaw_DataAugNone_LabelTypeRaw_Crop_faceTrue_BackendY11F_Large_boxFalse_Large_size1.5_Dyamic_DetTrue_det_len30_Median_face_boxTrue_unsupervised/subject31_L3_MO3_E2_S5_GE1_GL2_H2_MA2_input0.npy,
/zfsauton/data/straps/MMPD/subject31/p31_11.mat,31,11,Incandescent,Walking,False,5,male,False,False,False,3,4,2,5,1,2,2,2,2,/zfsauton/data/straps/MMPD/processed_dataset/MMPD_SizeW72_SizeH72_ClipLength180_DataTypeRaw_DataAugNone_LabelTypeRaw_Crop_faceTrue_BackendY11F_Large_boxFalse_Large_size1.5_Dyamic_DetTrue_det_len30_Median_face_boxTrue_unsupervised/subject31_L3_MO4_E2_S5_GE1_GL2_H2_MA2_input0.npy | /zfsauton/data/straps/MMPD/processed_dataset/MMPD_SizeW72_SizeH72_ClipLength180_DataTypeRaw_DataAugNone_LabelTypeRaw_Crop_faceTrue_BackendY11F_Large_boxFalse_Large_size1.5_Dyamic_DetTrue_det_len30_Median_face_boxTrue_unsupervised/subject31_L3_MO4_E2_S5_GE1_GL2_H2_MA2_label0.npy,
/zfsauton/data/straps/MMPD/subject31/p31_12.mat,31,12,Incandescent,Stationary (after exercise),True,5,male,False,False,False,3,1,1,5,1,2,2,2,2,/zfsauton/data/straps/MMPD/processed_dataset/MMPD_SizeW72_SizeH72_ClipLength180_DataTypeRaw_DataAugNone_LabelTypeRaw_Crop_faceTrue_BackendY11F_Large_boxFalse_Large_size1.5_Dyamic_DetTrue_det_len30_Median_face_boxTrue_unsupervised/subject31_L3_MO1_E1_S5_GE1_GL2_H2_MA2_input0.npy | /zfsauton/data/straps/MMPD/processed_dataset/MMPD_SizeW72_SizeH72_ClipLength180_DataTypeRaw_DataAugNone_LabelTypeRaw_Crop_faceTrue_BackendY11F_Large_boxFalse_Large_size1.5_Dyamic_DetTrue_det_len30_Median_face_boxTrue_unsupervised/subject31_L3_MO1_E1_S5_GE1_GL2_H2_MA2_label0.npy,
/zfsauton/data/straps/MMPD/subject31/p31_13.mat,31,13,LED-high,Stationary (after exercise),True,5,male,False,False,False,2,1,1,5,1,2,2,2,2,/zfsauton/data/straps/MMPD/processed_dataset/MMPD_SizeW72_SizeH72_ClipLength180_DataTypeRaw_DataAugNone_LabelTypeRaw_Crop_faceTrue_BackendY11F_Large_boxFalse_Large_size1.5_Dyamic_DetTrue_det_len30_Median_face_boxTrue_unsupervised/subject31_L2_MO1_E1_S5_GE1_GL2_H2_MA2_label0.npy | /zfsauton/data/straps/MMPD/processed_dataset/MMPD_SizeW72_SizeH72_ClipLength180_DataTypeRaw_DataAugNone_LabelTypeRaw_Crop_faceTrue_BackendY11F_Large_boxFalse_Large_size1.5_Dyamic_DetTrue_det_len30_Median_face_boxTrue_unsupervised/subject31_L2_MO1_E1_S5_GE1_GL2_H2_MA2_input0.npy,
/zfsauton/data/straps/MMPD/subject31/p31_14.mat,31,14,LED-low,Stationary (after exercise),True,5,male,False,False,False,1,1,1,5,1,2,2,2,2,/zfsauton/data/straps/MMPD/processed_dataset/MMPD_SizeW72_SizeH72_ClipLength180_DataTypeRaw_DataAugNone_LabelTypeRaw_Crop_faceTrue_BackendY11F_Large_boxFalse_Large_size1.5_Dyamic_DetTrue_det_len30_Median_face_boxTrue_unsupervised/subject31_L1_MO1_E1_S5_GE1_GL2_H2_MA2_label0.npy | /zfsauton/data/straps/MMPD/processed_dataset/MMPD_SizeW72_SizeH72_ClipLength180_DataTypeRaw_DataAugNone_LabelTypeRaw_Crop_faceTrue_BackendY11F_Large_boxFalse_Large_size1.5_Dyamic_DetTrue_det_len30_Median_face_boxTrue_unsupervised/subject31_L1_MO1_E1_S5_GE1_GL2_H2_MA2_input0.npy,
/zfsauton/data/straps/MMPD/subject31/p31_15.mat,31,15,Nature,Stationary (after exercise),True,5,male,False,False,False,4,1,1,5,1,2,2,2,2,/zfsauton/data/straps/MMPD/processed_dataset/MMPD_SizeW72_SizeH72_ClipLength180_DataTypeRaw_DataAugNone_LabelTypeRaw_Crop_faceTrue_BackendY11F_Large_boxFalse_Large_size1.5_Dyamic_DetTrue_det_len30_Median_face_boxTrue_unsupervised/subject31_L4_MO1_E1_S5_GE1_GL2_H2_MA2_input0.npy | /zfsauton/data/straps/MMPD/processed_dataset/MMPD_SizeW72_SizeH72_ClipLength180_DataTypeRaw_DataAugNone_LabelTypeRaw_Crop_faceTrue_BackendY11F_Large_boxFalse_Large_size1.5_Dyamic_DetTrue_det_len30_Median_face_boxTrue_unsupervised/subject31_L4_MO1_E1_S5_GE1_GL2_H2_MA2_label0.npy,
/zfsauton/data/straps/MMPD/subject31/p31_16.mat,31,16,Nature,Stationary,False,5,male,False,False,False,4,1,2,5,1,2,2,2,2,/zfsauton/data/straps/MMPD/processed_dataset/MMPD_SizeW72_SizeH72_ClipLength180_DataTypeRaw_DataAugNone_LabelTypeRaw_Crop_faceTrue_BackendY11F_Large_boxFalse_Large_size1.5_Dyamic_DetTrue_det_len30_Median_face_boxTrue_unsupervised/subject31_L4_MO1_E2_S5_GE1_GL2_H2_MA2_label0.npy | /zfsauton/data/straps/MMPD/processed_dataset/MMPD_SizeW72_SizeH72_ClipLength180_DataTypeRaw_DataAugNone_LabelTypeRaw_Crop_faceTrue_BackendY11F_Large_boxFalse_Large_size1.5_Dyamic_DetTrue_det_len30_Median_face_boxTrue_unsupervised/subject31_L4_MO1_E2_S5_GE1_GL2_H2_MA2_input0.npy,
/zfsauton/data/straps/MMPD/subject31/p31_17.mat,31,17,Nature,Rotation,False,5,male,False,False,False,4,2,2,5,1,2,2,2,2,/zfsauton/data/straps/MMPD/processed_dataset/MMPD_SizeW72_SizeH72_ClipLength180_DataTypeRaw_DataAugNone_LabelTypeRaw_Crop_faceTrue_BackendY11F_Large_boxFalse_Large_size1.5_Dyamic_DetTrue_det_len30_Median_face_boxTrue_unsupervised/subject31_L4_MO2_E2_S5_GE1_GL2_H2_MA2_label0.npy | /zfsauton/data/straps/MMPD/processed_dataset/MMPD_SizeW72_SizeH72_ClipLength180_DataTypeRaw_DataAugNone_LabelTypeRaw_Crop_faceTrue_BackendY11F_Large_boxFalse_Large_size1.5_Dyamic_DetTrue_det_len30_Median_face_boxTrue_unsupervised/subject31_L4_MO2_E2_S5_GE1_GL2_H2_MA2_input0.npy,
/zfsauton/data/straps/MMPD/subject31/p31_18.mat,31,18,Nature,Talking,False,5,male,False,False,False,4,3,2,5,1,2,2,2,2,/zfsauton/data/straps/MMPD/processed_dataset/MMPD_SizeW72_SizeH72_ClipLength180_DataTypeRaw_DataAugNone_LabelTypeRaw_Crop_faceTrue_BackendY11F_Large_boxFalse_Large_size1.5_Dyamic_DetTrue_det_len30_Median_face_boxTrue_unsupervised/subject31_L4_MO3_E2_S5_GE1_GL2_H2_MA2_label0.npy | /zfsauton/data/straps/MMPD/processed_dataset/MMPD_SizeW72_SizeH72_ClipLength180_DataTypeRaw_DataAugNone_LabelTypeRaw_Crop_faceTrue_BackendY11F_Large_boxFalse_Large_size1.5_Dyamic_DetTrue_det_len30_Median_face_boxTrue_unsupervised/subject31_L4_MO3_E2_S5_GE1_GL2_H2_MA2_input0.npy,
/zfsauton/data/straps/MMPD/subject31/p31_19.mat,31,19,Nature,Walking,False,5,male,False,False,False,4,4,2,5,1,2,2,2,2,/zfsauton/data/straps/MMPD/processed_dataset/MMPD_SizeW72_SizeH72_ClipLength180_DataTypeRaw_DataAugNone_LabelTypeRaw_Crop_faceTrue_BackendY11F_Large_boxFalse_Large_size1.5_Dyamic_DetTrue_det_len30_Median_face_boxTrue_unsupervised/subject31_L4_MO4_E2_S5_GE1_GL2_H2_MA2_input0.npy | /zfsauton/data/straps/MMPD/processed_dataset/MMPD_SizeW72_SizeH72_ClipLength180_DataTypeRaw_DataAugNone_LabelTypeRaw_Crop_faceTrue_BackendY11F_Large_boxFalse_Large_size1.5_Dyamic_DetTrue_det_len30_Median_face_boxTrue_unsupervised/subject31_L4_MO4_E2_S5_GE1_GL2_H2_MA2_label0.npy,
/zfsauton/data/straps/MMPD/subject31/p31_2.mat,31,2,LED-low,Talking,False,5,male,False,False,False,1,3,2,5,1,2,2,2,2,/zfsauton/data/straps/MMPD/processed_dataset/MMPD_SizeW72_SizeH72_ClipLength180_DataTypeRaw_DataAugNone_LabelTypeRaw_Crop_faceTrue_BackendY11F_Large_boxFalse_Large_size1.5_Dyamic_DetTrue_det_len30_Median_face_boxTrue_unsupervised/subject31_L1_MO3_E2_S5_GE1_GL2_H2_MA2_input0.npy | /zfsauton/data/straps/MMPD/processed_dataset/MMPD_SizeW72_SizeH72_ClipLength180_DataTypeRaw_DataAugNone_LabelTypeRaw_Crop_faceTrue_BackendY11F_Large_boxFalse_Large_size1.5_Dyamic_DetTrue_det_len30_Median_face_boxTrue_unsupervised/subject31_L1_MO3_E2_S5_GE1_GL2_H2_MA2_label0.npy,
/zfsauton/data/straps/MMPD/subject31/p31_3.mat,31,3,LED-low,Walking,False,5,male,False,False,False,1,4,2,5,1,2,2,2,2,/zfsauton/data/straps/MMPD/processed_dataset/MMPD_SizeW72_SizeH72_ClipLength180_DataTypeRaw_DataAugNone_LabelTypeRaw_Crop_faceTrue_BackendY11F_Large_boxFalse_Large_size1.5_Dyamic_DetTrue_det_len30_Median_face_boxTrue_unsupervised/subject31_L1_MO4_E2_S5_GE1_GL2_H2_MA2_label0.npy | /zfsauton/data/straps/MMPD/processed_dataset/MMPD_SizeW72_SizeH72_ClipLength180_DataTypeRaw_DataAugNone_LabelTypeRaw_Crop_faceTrue_BackendY11F_Large_boxFalse_Large_size1.5_Dyamic_DetTrue_det_len30_Median_face_boxTrue_unsupervised/subject31_L1_MO4_E2_S5_GE1_GL2_H2_MA2_input0.npy,
/zfsauton/data/straps/MMPD/subject31/p31_4.mat,31,4,LED-high,Stationary,False,5,male,False,False,False,2,1,2,5,1,2,2,2,2,/zfsauton/data/straps/MMPD/processed_dataset/MMPD_SizeW72_SizeH72_ClipLength180_DataTypeRaw_DataAugNone_LabelTypeRaw_Crop_faceTrue_BackendY11F_Large_boxFalse_Large_size1.5_Dyamic_DetTrue_det_len30_Median_face_boxTrue_unsupervised/subject31_L2_MO1_E2_S5_GE1_GL2_H2_MA2_input0.npy | /zfsauton/data/straps/MMPD/processed_dataset/MMPD_SizeW72_SizeH72_ClipLength180_DataTypeRaw_DataAugNone_LabelTypeRaw_Crop_faceTrue_BackendY11F_Large_boxFalse_Large_size1.5_Dyamic_DetTrue_det_len30_Median_face_boxTrue_unsupervised/subject31_L2_MO1_E2_S5_GE1_GL2_H2_MA2_label0.npy,
/zfsauton/data/straps/MMPD/subject31/p31_5.mat,31,5,LED-high,Rotation,False,5,male,False,False,False,2,2,2,5,1,2,2,2,2,/zfsauton/data/straps/MMPD/processed_dataset/MMPD_SizeW72_SizeH72_ClipLength180_DataTypeRaw_DataAugNone_LabelTypeRaw_Crop_faceTrue_BackendY11F_Large_boxFalse_Large_size1.5_Dyamic_DetTrue_det_len30_Median_face_boxTrue_unsupervised/subject31_L2_MO2_E2_S5_GE1_GL2_H2_MA2_input0.npy | /zfsauton/data/straps/MMPD/processed_dataset/MMPD_SizeW72_SizeH72_ClipLength180_DataTypeRaw_DataAugNone_LabelTypeRaw_Crop_faceTrue_BackendY11F_Large_boxFalse_Large_size1.5_Dyamic_DetTrue_det_len30_Median_face_boxTrue_unsupervised/subject31_L2_MO2_E2_S5_GE1_GL2_H2_MA2_label0.npy,
/zfsauton/data/straps/MMPD/subject31/p31_6.mat,31,6,LED-high,Talking,False,5,male,False,False,False,2,3,2,5,1,2,2,2,2,/zfsauton/data/straps/MMPD/processed_dataset/MMPD_SizeW72_SizeH72_ClipLength180_DataTypeRaw_DataAugNone_LabelTypeRaw_Crop_faceTrue_BackendY11F_Large_boxFalse_Large_size1.5_Dyamic_DetTrue_det_len30_Median_face_boxTrue_unsupervised/subject31_L2_MO3_E2_S5_GE1_GL2_H2_MA2_input0.npy | /zfsauton/data/straps/MMPD/processed_dataset/MMPD_SizeW72_SizeH72_ClipLength180_DataTypeRaw_DataAugNone_LabelTypeRaw_Crop_faceTrue_BackendY11F_Large_boxFalse_Large_size1.5_Dyamic_DetTrue_det_len30_Median_face_boxTrue_unsupervised/subject31_L2_MO3_E2_S5_GE1_GL2_H2_MA2_label0.npy,
/zfsauton/data/straps/MMPD/subject31/p31_7.mat,31,7,LED-high,Walking,False,5,male,False,False,False,2,4,2,5,1,2,2,2,2,/zfsauton/data/straps/MMPD/processed_dataset/MMPD_SizeW72_SizeH72_ClipLength180_DataTypeRaw_DataAugNone_LabelTypeRaw_Crop_faceTrue_BackendY11F_Large_boxFalse_Large_size1.5_Dyamic_DetTrue_det_len30_Median_face_boxTrue_unsupervised/subject31_L2_MO4_E2_S5_GE1_GL2_H2_MA2_label0.npy | /zfsauton/data/straps/MMPD/processed_dataset/MMPD_SizeW72_SizeH72_ClipLength180_DataTypeRaw_DataAugNone_LabelTypeRaw_Crop_faceTrue_BackendY11F_Large_boxFalse_Large_size1.5_Dyamic_DetTrue_det_len30_Median_face_boxTrue_unsupervised/subject31_L2_MO4_E2_S5_GE1_GL2_H2_MA2_input0.npy,
/zfsauton/data/straps/MMPD/subject31/p31_8.mat,31,8,Incandescent,Stationary,False,5,male,False,False,False,3,1,2,5,1,2,2,2,2,/zfsauton/data/straps/MMPD/processed_dataset/MMPD_SizeW72_SizeH72_ClipLength180_DataTypeRaw_DataAugNone_LabelTypeRaw_Crop_faceTrue_BackendY11F_Large_boxFalse_Large_size1.5_Dyamic_DetTrue_det_len30_Median_face_boxTrue_unsupervised/subject31_L3_MO1_E2_S5_GE1_GL2_H2_MA2_label0.npy | /zfsauton/data/straps/MMPD/processed_dataset/MMPD_SizeW72_SizeH72_ClipLength180_DataTypeRaw_DataAugNone_LabelTypeRaw_Crop_faceTrue_BackendY11F_Large_boxFalse_Large_size1.5_Dyamic_DetTrue_det_len30_Median_face_boxTrue_unsupervised/subject31_L3_MO1_E2_S5_GE1_GL2_H2_MA2_input0.npy,
/zfsauton/data/straps/MMPD/subject31/p31_9.mat,31,9,Incandescent,Rotation,False,5,male,False,False,False,3,2,2,5,1,2,2,2,2,/zfsauton/data/straps/MMPD/processed_dataset/MMPD_SizeW72_SizeH72_ClipLength180_DataTypeRaw_DataAugNone_LabelTypeRaw_Crop_faceTrue_BackendY11F_Large_boxFalse_Large_size1.5_Dyamic_DetTrue_det_len30_Median_face_boxTrue_unsupervised/subject31_L3_MO2_E2_S5_GE1_GL2_H2_MA2_label0.npy | /zfsauton/data/straps/MMPD/processed_dataset/MMPD_SizeW72_SizeH72_ClipLength180_DataTypeRaw_DataAugNone_LabelTypeRaw_Crop_faceTrue_BackendY11F_Large_boxFalse_Large_size1.5_Dyamic_DetTrue_det_len30_Median_face_boxTrue_unsupervised/subject31_L3_MO2_E2_S5_GE1_GL2_H2_MA2_input0.npy,
/zfsauton/data/straps/MMPD/subject32/p32_0.mat,32,0,LED-low,Stationary,False,3,female,False,False,False,1,1,2,3,2,2,2,2,2,/zfsauton/data/straps/MMPD/processed_dataset/MMPD_SizeW72_SizeH72_ClipLength180_DataTypeRaw_DataAugNone_LabelTypeRaw_Crop_faceTrue_BackendY11F_Large_boxFalse_Large_size1.5_Dyamic_DetTrue_det_len30_Median_face_boxTrue_unsupervised/subject32_L1_MO1_E2_S3_GE2_GL2_H2_MA2_label0.npy | /zfsauton/data/straps/MMPD/processed_dataset/MMPD_SizeW72_SizeH72_ClipLength180_DataTypeRaw_DataAugNone_LabelTypeRaw_Crop_faceTrue_BackendY11F_Large_boxFalse_Large_size1.5_Dyamic_DetTrue_det_len30_Median_face_boxTrue_unsupervised/subject32_L1_MO1_E2_S3_GE2_GL2_H2_MA2_input0.npy,
/zfsauton/data/straps/MMPD/subject32/p32_1.mat,32,1,LED-low,Rotation,False,3,female,False,False,False,1,2,2,3,2,2,2,2,2,/zfsauton/data/straps/MMPD/processed_dataset/MMPD_SizeW72_SizeH72_ClipLength180_DataTypeRaw_DataAugNone_LabelTypeRaw_Crop_faceTrue_BackendY11F_Large_boxFalse_Large_size1.5_Dyamic_DetTrue_det_len30_Median_face_boxTrue_unsupervised/subject32_L1_MO2_E2_S3_GE2_GL2_H2_MA2_label0.npy | /zfsauton/data/straps/MMPD/processed_dataset/MMPD_SizeW72_SizeH72_ClipLength180_DataTypeRaw_DataAugNone_LabelTypeRaw_Crop_faceTrue_BackendY11F_Large_boxFalse_Large_size1.5_Dyamic_DetTrue_det_len30_Median_face_boxTrue_unsupervised/subject32_L1_MO2_E2_S3_GE2_GL2_H2_MA2_input0.npy,
/zfsauton/data/straps/MMPD/subject32/p32_10.mat,32,10,Incandescent,Talking,False,3,female,False,False,False,3,3,2,3,2,2,2,2,2,/zfsauton/data/straps/MMPD/processed_dataset/MMPD_SizeW72_SizeH72_ClipLength180_DataTypeRaw_DataAugNone_LabelTypeRaw_Crop_faceTrue_BackendY11F_Large_boxFalse_Large_size1.5_Dyamic_DetTrue_det_len30_Median_face_boxTrue_unsupervised/subject32_L3_MO3_E2_S3_GE2_GL2_H2_MA2_input0.npy | /zfsauton/data/straps/MMPD/processed_dataset/MMPD_SizeW72_SizeH72_ClipLength180_DataTypeRaw_DataAugNone_LabelTypeRaw_Crop_faceTrue_BackendY11F_Large_boxFalse_Large_size1.5_Dyamic_DetTrue_det_len30_Median_face_boxTrue_unsupervised/subject32_L3_MO3_E2_S3_GE2_GL2_H2_MA2_label0.npy,
/zfsauton/data/straps/MMPD/subject32/p32_11.mat,32,11,Incandescent,Walking,False,3,female,False,False,False,3,4,2,3,2,2,2,2,2,/zfsauton/data/straps/MMPD/processed_dataset/MMPD_SizeW72_SizeH72_ClipLength180_DataTypeRaw_DataAugNone_LabelTypeRaw_Crop_faceTrue_BackendY11F_Large_boxFalse_Large_size1.5_Dyamic_DetTrue_det_len30_Median_face_boxTrue_unsupervised/subject32_L3_MO4_E2_S3_GE2_GL2_H2_MA2_label0.npy | /zfsauton/data/straps/MMPD/processed_dataset/MMPD_SizeW72_SizeH72_ClipLength180_DataTypeRaw_DataAugNone_LabelTypeRaw_Crop_faceTrue_BackendY11F_Large_boxFalse_Large_size1.5_Dyamic_DetTrue_det_len30_Median_face_boxTrue_unsupervised/subject32_L3_MO4_E2_S3_GE2_GL2_H2_MA2_input0.npy,
/zfsauton/data/straps/MMPD/subject32/p32_12.mat,32,12,Incandescent,Stationary (after exercise),True,3,female,False,False,False,3,1,1,3,2,2,2,2,2,/zfsauton/data/straps/MMPD/processed_dataset/MMPD_SizeW72_SizeH72_ClipLength180_DataTypeRaw_DataAugNone_LabelTypeRaw_Crop_faceTrue_BackendY11F_Large_boxFalse_Large_size1.5_Dyamic_DetTrue_det_len30_Median_face_boxTrue_unsupervised/subject32_L3_MO1_E1_S3_GE2_GL2_H2_MA2_label0.npy | /zfsauton/data/straps/MMPD/processed_dataset/MMPD_SizeW72_SizeH72_ClipLength180_DataTypeRaw_DataAugNone_LabelTypeRaw_Crop_faceTrue_BackendY11F_Large_boxFalse_Large_size1.5_Dyamic_DetTrue_det_len30_Median_face_boxTrue_unsupervised/subject32_L3_MO1_E1_S3_GE2_GL2_H2_MA2_input0.npy,
/zfsauton/data/straps/MMPD/subject32/p32_13.mat,32,13,LED-high,Stationary (after exercise),True,3,female,False,False,False,2,1,1,3,2,2,2,2,2,/zfsauton/data/straps/MMPD/processed_dataset/MMPD_SizeW72_SizeH72_ClipLength180_DataTypeRaw_DataAugNone_LabelTypeRaw_Crop_faceTrue_BackendY11F_Large_boxFalse_Large_size1.5_Dyamic_DetTrue_det_len30_Median_face_boxTrue_unsupervised/subject32_L2_MO1_E1_S3_GE2_GL2_H2_MA2_input0.npy | /zfsauton/data/straps/MMPD/processed_dataset/MMPD_SizeW72_SizeH72_ClipLength180_DataTypeRaw_DataAugNone_LabelTypeRaw_Crop_faceTrue_BackendY11F_Large_boxFalse_Large_size1.5_Dyamic_DetTrue_det_len30_Median_face_boxTrue_unsupervised/subject32_L2_MO1_E1_S3_GE2_GL2_H2_MA2_label0.npy,
/zfsauton/data/straps/MMPD/subject32/p32_14.mat,32,14,LED-low,Stationary (after exercise),True,3,female,False,False,False,1,1,1,3,2,2,2,2,2,/zfsauton/data/straps/MMPD/processed_dataset/MMPD_SizeW72_SizeH72_ClipLength180_DataTypeRaw_DataAugNone_LabelTypeRaw_Crop_faceTrue_BackendY11F_Large_boxFalse_Large_size1.5_Dyamic_DetTrue_det_len30_Median_face_boxTrue_unsupervised/subject32_L1_MO1_E1_S3_GE2_GL2_H2_MA2_input0.npy | /zfsauton/data/straps/MMPD/processed_dataset/MMPD_SizeW72_SizeH72_ClipLength180_DataTypeRaw_DataAugNone_LabelTypeRaw_Crop_faceTrue_BackendY11F_Large_boxFalse_Large_size1.5_Dyamic_DetTrue_det_len30_Median_face_boxTrue_unsupervised/subject32_L1_MO1_E1_S3_GE2_GL2_H2_MA2_label0.npy,
/zfsauton/data/straps/MMPD/subject32/p32_15.mat,32,15,Nature,Stationary (after exercise),True,3,female,False,False,False,4,1,1,3,2,2,2,2,2,/zfsauton/data/straps/MMPD/processed_dataset/MMPD_SizeW72_SizeH72_ClipLength180_DataTypeRaw_DataAugNone_LabelTypeRaw_Crop_faceTrue_BackendY11F_Large_boxFalse_Large_size1.5_Dyamic_DetTrue_det_len30_Median_face_boxTrue_unsupervised/subject32_L4_MO1_E1_S3_GE2_GL2_H2_MA2_label0.npy | /zfsauton/data/straps/MMPD/processed_dataset/MMPD_SizeW72_SizeH72_ClipLength180_DataTypeRaw_DataAugNone_LabelTypeRaw_Crop_faceTrue_BackendY11F_Large_boxFalse_Large_size1.5_Dyamic_DetTrue_det_len30_Median_face_boxTrue_unsupervised/subject32_L4_MO1_E1_S3_GE2_GL2_H2_MA2_input0.npy,
/zfsauton/data/straps/MMPD/subject32/p32_16.mat,32,16,Nature,Stationary,False,3,female,False,False,False,4,1,2,3,2,2,2,2,2,/zfsauton/data/straps/MMPD/processed_dataset/MMPD_SizeW72_SizeH72_ClipLength180_DataTypeRaw_DataAugNone_LabelTypeRaw_Crop_faceTrue_BackendY11F_Large_boxFalse_Large_size1.5_Dyamic_DetTrue_det_len30_Median_face_boxTrue_unsupervised/subject32_L4_MO1_E2_S3_GE2_GL2_H2_MA2_input0.npy | /zfsauton/data/straps/MMPD/processed_dataset/MMPD_SizeW72_SizeH72_ClipLength180_DataTypeRaw_DataAugNone_LabelTypeRaw_Crop_faceTrue_BackendY11F_Large_boxFalse_Large_size1.5_Dyamic_DetTrue_det_len30_Median_face_boxTrue_unsupervised/subject32_L4_MO1_E2_S3_GE2_GL2_H2_MA2_label0.npy,
/zfsauton/data/straps/MMPD/subject32/p32_17.mat,32,17,Nature,Rotation,False,3,female,False,False,False,4,2,2,3,2,2,2,2,2,/zfsauton/data/straps/MMPD/processed_dataset/MMPD_SizeW72_SizeH72_ClipLength180_DataTypeRaw_DataAugNone_LabelTypeRaw_Crop_faceTrue_BackendY11F_Large_boxFalse_Large_size1.5_Dyamic_DetTrue_det_len30_Median_face_boxTrue_unsupervised/subject32_L4_MO2_E2_S3_GE2_GL2_H2_MA2_input0.npy | /zfsauton/data/straps/MMPD/processed_dataset/MMPD_SizeW72_SizeH72_ClipLength180_DataTypeRaw_DataAugNone_LabelTypeRaw_Crop_faceTrue_BackendY11F_Large_boxFalse_Large_size1.5_Dyamic_DetTrue_det_len30_Median_face_boxTrue_unsupervised/subject32_L4_MO2_E2_S3_GE2_GL2_H2_MA2_label0.npy,
/zfsauton/data/straps/MMPD/subject32/p32_18.mat,32,18,Nature,Talking,False,3,female,False,False,False,4,3,2,3,2,2,2,2,2,/zfsauton/data/straps/MMPD/processed_dataset/MMPD_SizeW72_SizeH72_ClipLength180_DataTypeRaw_DataAugNone_LabelTypeRaw_Crop_faceTrue_BackendY11F_Large_boxFalse_Large_size1.5_Dyamic_DetTrue_det_len30_Median_face_boxTrue_unsupervised/subject32_L4_MO3_E2_S3_GE2_GL2_H2_MA2_input0.npy | /zfsauton/data/straps/MMPD/processed_dataset/MMPD_SizeW72_SizeH72_ClipLength180_DataTypeRaw_DataAugNone_LabelTypeRaw_Crop_faceTrue_BackendY11F_Large_boxFalse_Large_size1.5_Dyamic_DetTrue_det_len30_Median_face_boxTrue_unsupervised/subject32_L4_MO3_E2_S3_GE2_GL2_H2_MA2_label0.npy,
/zfsauton/data/straps/MMPD/subject32/p32_19.mat,32,19,Nature,Walking,False,3,female,False,False,False,4,4,2,3,2,2,2,2,2,/zfsauton/data/straps/MMPD/processed_dataset/MMPD_SizeW72_SizeH72_ClipLength180_DataTypeRaw_DataAugNone_LabelTypeRaw_Crop_faceTrue_BackendY11F_Large_boxFalse_Large_size1.5_Dyamic_DetTrue_det_len30_Median_face_boxTrue_unsupervised/subject32_L4_MO4_E2_S3_GE2_GL2_H2_MA2_label0.npy | /zfsauton/data/straps/MMPD/processed_dataset/MMPD_SizeW72_SizeH72_ClipLength180_DataTypeRaw_DataAugNone_LabelTypeRaw_Crop_faceTrue_BackendY11F_Large_boxFalse_Large_size1.5_Dyamic_DetTrue_det_len30_Median_face_boxTrue_unsupervised/subject32_L4_MO4_E2_S3_GE2_GL2_H2_MA2_input0.npy,
/zfsauton/data/straps/MMPD/subject32/p32_2.mat,32,2,LED-low,Talking,False,3,female,False,False,False,1,3,2,3,2,2,2,2,2,/zfsauton/data/straps/MMPD/processed_dataset/MMPD_SizeW72_SizeH72_ClipLength180_DataTypeRaw_DataAugNone_LabelTypeRaw_Crop_faceTrue_BackendY11F_Large_boxFalse_Large_size1.5_Dyamic_DetTrue_det_len30_Median_face_boxTrue_unsupervised/subject32_L1_MO3_E2_S3_GE2_GL2_H2_MA2_label0.npy | /zfsauton/data/straps/MMPD/processed_dataset/MMPD_SizeW72_SizeH72_ClipLength180_DataTypeRaw_DataAugNone_LabelTypeRaw_Crop_faceTrue_BackendY11F_Large_boxFalse_Large_size1.5_Dyamic_DetTrue_det_len30_Median_face_boxTrue_unsupervised/subject32_L1_MO3_E2_S3_GE2_GL2_H2_MA2_input0.npy,
/zfsauton/data/straps/MMPD/subject32/p32_3.mat,32,3,LED-low,Walking,False,3,female,False,False,False,1,4,2,3,2,2,2,2,2,/zfsauton/data/straps/MMPD/processed_dataset/MMPD_SizeW72_SizeH72_ClipLength180_DataTypeRaw_DataAugNone_LabelTypeRaw_Crop_faceTrue_BackendY11F_Large_boxFalse_Large_size1.5_Dyamic_DetTrue_det_len30_Median_face_boxTrue_unsupervised/subject32_L1_MO4_E2_S3_GE2_GL2_H2_MA2_input0.npy | /zfsauton/data/straps/MMPD/processed_dataset/MMPD_SizeW72_SizeH72_ClipLength180_DataTypeRaw_DataAugNone_LabelTypeRaw_Crop_faceTrue_BackendY11F_Large_boxFalse_Large_size1.5_Dyamic_DetTrue_det_len30_Median_face_boxTrue_unsupervised/subject32_L1_MO4_E2_S3_GE2_GL2_H2_MA2_label0.npy,
/zfsauton/data/straps/MMPD/subject32/p32_4.mat,32,4,LED-high,Stationary,False,3,female,False,False,False,2,1,2,3,2,2,2,2,2,/zfsauton/data/straps/MMPD/processed_dataset/MMPD_SizeW72_SizeH72_ClipLength180_DataTypeRaw_DataAugNone_LabelTypeRaw_Crop_faceTrue_BackendY11F_Large_boxFalse_Large_size1.5_Dyamic_DetTrue_det_len30_Median_face_boxTrue_unsupervised/subject32_L2_MO1_E2_S3_GE2_GL2_H2_MA2_label0.npy | /zfsauton/data/straps/MMPD/processed_dataset/MMPD_SizeW72_SizeH72_ClipLength180_DataTypeRaw_DataAugNone_LabelTypeRaw_Crop_faceTrue_BackendY11F_Large_boxFalse_Large_size1.5_Dyamic_DetTrue_det_len30_Median_face_boxTrue_unsupervised/subject32_L2_MO1_E2_S3_GE2_GL2_H2_MA2_input0.npy,
/zfsauton/data/straps/MMPD/subject32/p32_5.mat,32,5,LED-high,Rotation,False,3,female,False,False,False,2,2,2,3,2,2,2,2,2,/zfsauton/data/straps/MMPD/processed_dataset/MMPD_SizeW72_SizeH72_ClipLength180_DataTypeRaw_DataAugNone_LabelTypeRaw_Crop_faceTrue_BackendY11F_Large_boxFalse_Large_size1.5_Dyamic_DetTrue_det_len30_Median_face_boxTrue_unsupervised/subject32_L2_MO2_E2_S3_GE2_GL2_H2_MA2_label0.npy | /zfsauton/data/straps/MMPD/processed_dataset/MMPD_SizeW72_SizeH72_ClipLength180_DataTypeRaw_DataAugNone_LabelTypeRaw_Crop_faceTrue_BackendY11F_Large_boxFalse_Large_size1.5_Dyamic_DetTrue_det_len30_Median_face_boxTrue_unsupervised/subject32_L2_MO2_E2_S3_GE2_GL2_H2_MA2_input0.npy,
/zfsauton/data/straps/MMPD/subject32/p32_6.mat,32,6,LED-high,Talking,False,3,female,False,False,False,2,3,2,3,2,2,2,2,2,/zfsauton/data/straps/MMPD/processed_dataset/MMPD_SizeW72_SizeH72_ClipLength180_DataTypeRaw_DataAugNone_LabelTypeRaw_Crop_faceTrue_BackendY11F_Large_boxFalse_Large_size1.5_Dyamic_DetTrue_det_len30_Median_face_boxTrue_unsupervised/subject32_L2_MO3_E2_S3_GE2_GL2_H2_MA2_label0.npy | /zfsauton/data/straps/MMPD/processed_dataset/MMPD_SizeW72_SizeH72_ClipLength180_DataTypeRaw_DataAugNone_LabelTypeRaw_Crop_faceTrue_BackendY11F_Large_boxFalse_Large_size1.5_Dyamic_DetTrue_det_len30_Median_face_boxTrue_unsupervised/subject32_L2_MO3_E2_S3_GE2_GL2_H2_MA2_input0.npy,
/zfsauton/data/straps/MMPD/subject32/p32_7.mat,32,7,LED-high,Walking,False,3,female,False,False,False,2,4,2,3,2,2,2,2,2,/zfsauton/data/straps/MMPD/processed_dataset/MMPD_SizeW72_SizeH72_ClipLength180_DataTypeRaw_DataAugNone_LabelTypeRaw_Crop_faceTrue_BackendY11F_Large_boxFalse_Large_size1.5_Dyamic_DetTrue_det_len30_Median_face_boxTrue_unsupervised/subject32_L2_MO4_E2_S3_GE2_GL2_H2_MA2_input0.npy | /zfsauton/data/straps/MMPD/processed_dataset/MMPD_SizeW72_SizeH72_ClipLength180_DataTypeRaw_DataAugNone_LabelTypeRaw_Crop_faceTrue_BackendY11F_Large_boxFalse_Large_size1.5_Dyamic_DetTrue_det_len30_Median_face_boxTrue_unsupervised/subject32_L2_MO4_E2_S3_GE2_GL2_H2_MA2_label0.npy,
/zfsauton/data/straps/MMPD/subject32/p32_8.mat,32,8,Incandescent,Stationary,False,3,female,False,False,False,3,1,2,3,2,2,2,2,2,/zfsauton/data/straps/MMPD/processed_dataset/MMPD_SizeW72_SizeH72_ClipLength180_DataTypeRaw_DataAugNone_LabelTypeRaw_Crop_faceTrue_BackendY11F_Large_boxFalse_Large_size1.5_Dyamic_DetTrue_det_len30_Median_face_boxTrue_unsupervised/subject32_L3_MO1_E2_S3_GE2_GL2_H2_MA2_input0.npy | /zfsauton/data/straps/MMPD/processed_dataset/MMPD_SizeW72_SizeH72_ClipLength180_DataTypeRaw_DataAugNone_LabelTypeRaw_Crop_faceTrue_BackendY11F_Large_boxFalse_Large_size1.5_Dyamic_DetTrue_det_len30_Median_face_boxTrue_unsupervised/subject32_L3_MO1_E2_S3_GE2_GL2_H2_MA2_label0.npy,
/zfsauton/data/straps/MMPD/subject32/p32_9.mat,32,9,Incandescent,Rotation,False,3,female,False,False,False,3,2,2,3,2,2,2,2,2,/zfsauton/data/straps/MMPD/processed_dataset/MMPD_SizeW72_SizeH72_ClipLength180_DataTypeRaw_DataAugNone_LabelTypeRaw_Crop_faceTrue_BackendY11F_Large_boxFalse_Large_size1.5_Dyamic_DetTrue_det_len30_Median_face_boxTrue_unsupervised/subject32_L3_MO2_E2_S3_GE2_GL2_H2_MA2_input0.npy | /zfsauton/data/straps/MMPD/processed_dataset/MMPD_SizeW72_SizeH72_ClipLength180_DataTypeRaw_DataAugNone_LabelTypeRaw_Crop_faceTrue_BackendY11F_Large_boxFalse_Large_size1.5_Dyamic_DetTrue_det_len30_Median_face_boxTrue_unsupervised/subject32_L3_MO2_E2_S3_GE2_GL2_H2_MA2_label0.npy,
/zfsauton/data/straps/MMPD/subject33/p33_0.mat,33,0,LED-low,Stationary,False,3,female,False,False,False,1,1,2,3,2,2,2,2,2,/zfsauton/data/straps/MMPD/processed_dataset/MMPD_SizeW72_SizeH72_ClipLength180_DataTypeRaw_DataAugNone_LabelTypeRaw_Crop_faceTrue_BackendY11F_Large_boxFalse_Large_size1.5_Dyamic_DetTrue_det_len30_Median_face_boxTrue_unsupervised/subject33_L1_MO1_E2_S3_GE2_GL2_H2_MA2_input0.npy | /zfsauton/data/straps/MMPD/processed_dataset/MMPD_SizeW72_SizeH72_ClipLength180_DataTypeRaw_DataAugNone_LabelTypeRaw_Crop_faceTrue_BackendY11F_Large_boxFalse_Large_size1.5_Dyamic_DetTrue_det_len30_Median_face_boxTrue_unsupervised/subject33_L1_MO1_E2_S3_GE2_GL2_H2_MA2_label0.npy,
/zfsauton/data/straps/MMPD/subject33/p33_1.mat,33,1,LED-low,Rotation,False,3,female,False,False,False,1,2,2,3,2,2,2,2,2,/zfsauton/data/straps/MMPD/processed_dataset/MMPD_SizeW72_SizeH72_ClipLength180_DataTypeRaw_DataAugNone_LabelTypeRaw_Crop_faceTrue_BackendY11F_Large_boxFalse_Large_size1.5_Dyamic_DetTrue_det_len30_Median_face_boxTrue_unsupervised/subject33_L1_MO2_E2_S3_GE2_GL2_H2_MA2_input0.npy | /zfsauton/data/straps/MMPD/processed_dataset/MMPD_SizeW72_SizeH72_ClipLength180_DataTypeRaw_DataAugNone_LabelTypeRaw_Crop_faceTrue_BackendY11F_Large_boxFalse_Large_size1.5_Dyamic_DetTrue_det_len30_Median_face_boxTrue_unsupervised/subject33_L1_MO2_E2_S3_GE2_GL2_H2_MA2_label0.npy,
/zfsauton/data/straps/MMPD/subject33/p33_10.mat,33,10,Incandescent,Talking,False,3,female,False,False,False,3,3,2,3,2,2,2,2,2,/zfsauton/data/straps/MMPD/processed_dataset/MMPD_SizeW72_SizeH72_ClipLength180_DataTypeRaw_DataAugNone_LabelTypeRaw_Crop_faceTrue_BackendY11F_Large_boxFalse_Large_size1.5_Dyamic_DetTrue_det_len30_Median_face_boxTrue_unsupervised/subject33_L3_MO3_E2_S3_GE2_GL2_H2_MA2_label0.npy | /zfsauton/data/straps/MMPD/processed_dataset/MMPD_SizeW72_SizeH72_ClipLength180_DataTypeRaw_DataAugNone_LabelTypeRaw_Crop_faceTrue_BackendY11F_Large_boxFalse_Large_size1.5_Dyamic_DetTrue_det_len30_Median_face_boxTrue_unsupervised/subject33_L3_MO3_E2_S3_GE2_GL2_H2_MA2_input0.npy,
/zfsauton/data/straps/MMPD/subject33/p33_11.mat,33,11,Incandescent,Walking,False,3,female,False,False,False,3,4,2,3,2,2,2,2,2,/zfsauton/data/straps/MMPD/processed_dataset/MMPD_SizeW72_SizeH72_ClipLength180_DataTypeRaw_DataAugNone_LabelTypeRaw_Crop_faceTrue_BackendY11F_Large_boxFalse_Large_size1.5_Dyamic_DetTrue_det_len30_Median_face_boxTrue_unsupervised/subject33_L3_MO4_E2_S3_GE2_GL2_H2_MA2_input0.npy | /zfsauton/data/straps/MMPD/processed_dataset/MMPD_SizeW72_SizeH72_ClipLength180_DataTypeRaw_DataAugNone_LabelTypeRaw_Crop_faceTrue_BackendY11F_Large_boxFalse_Large_size1.5_Dyamic_DetTrue_det_len30_Median_face_boxTrue_unsupervised/subject33_L3_MO4_E2_S3_GE2_GL2_H2_MA2_label0.npy,
/zfsauton/data/straps/MMPD/subject33/p33_12.mat,33,12,Incandescent,Stationary (after exercise),True,3,female,False,False,False,3,1,1,3,2,2,2,2,2,/zfsauton/data/straps/MMPD/processed_dataset/MMPD_SizeW72_SizeH72_ClipLength180_DataTypeRaw_DataAugNone_LabelTypeRaw_Crop_faceTrue_BackendY11F_Large_boxFalse_Large_size1.5_Dyamic_DetTrue_det_len30_Median_face_boxTrue_unsupervised/subject33_L3_MO1_E1_S3_GE2_GL2_H2_MA2_input0.npy | /zfsauton/data/straps/MMPD/processed_dataset/MMPD_SizeW72_SizeH72_ClipLength180_DataTypeRaw_DataAugNone_LabelTypeRaw_Crop_faceTrue_BackendY11F_Large_boxFalse_Large_size1.5_Dyamic_DetTrue_det_len30_Median_face_boxTrue_unsupervised/subject33_L3_MO1_E1_S3_GE2_GL2_H2_MA2_label0.npy,
/zfsauton/data/straps/MMPD/subject33/p33_13.mat,33,13,LED-high,Stationary (after exercise),True,3,female,False,False,False,2,1,1,3,2,2,2,2,2,/zfsauton/data/straps/MMPD/processed_dataset/MMPD_SizeW72_SizeH72_ClipLength180_DataTypeRaw_DataAugNone_LabelTypeRaw_Crop_faceTrue_BackendY11F_Large_boxFalse_Large_size1.5_Dyamic_DetTrue_det_len30_Median_face_boxTrue_unsupervised/subject33_L2_MO1_E1_S3_GE2_GL2_H2_MA2_label0.npy | /zfsauton/data/straps/MMPD/processed_dataset/MMPD_SizeW72_SizeH72_ClipLength180_DataTypeRaw_DataAugNone_LabelTypeRaw_Crop_faceTrue_BackendY11F_Large_boxFalse_Large_size1.5_Dyamic_DetTrue_det_len30_Median_face_boxTrue_unsupervised/subject33_L2_MO1_E1_S3_GE2_GL2_H2_MA2_input0.npy,
/zfsauton/data/straps/MMPD/subject33/p33_14.mat,33,14,LED-low,Stationary (after exercise),True,3,female,False,False,False,1,1,1,3,2,2,2,2,2,/zfsauton/data/straps/MMPD/processed_dataset/MMPD_SizeW72_SizeH72_ClipLength180_DataTypeRaw_DataAugNone_LabelTypeRaw_Crop_faceTrue_BackendY11F_Large_boxFalse_Large_size1.5_Dyamic_DetTrue_det_len30_Median_face_boxTrue_unsupervised/subject33_L1_MO1_E1_S3_GE2_GL2_H2_MA2_label0.npy | /zfsauton/data/straps/MMPD/processed_dataset/MMPD_SizeW72_SizeH72_ClipLength180_DataTypeRaw_DataAugNone_LabelTypeRaw_Crop_faceTrue_BackendY11F_Large_boxFalse_Large_size1.5_Dyamic_DetTrue_det_len30_Median_face_boxTrue_unsupervised/subject33_L1_MO1_E1_S3_GE2_GL2_H2_MA2_input0.npy,
/zfsauton/data/straps/MMPD/subject33/p33_15.mat,33,15,Nature,Stationary (after exercise),True,3,female,False,False,False,4,1,1,3,2,2,2,2,2,/zfsauton/data/straps/MMPD/processed_dataset/MMPD_SizeW72_SizeH72_ClipLength180_DataTypeRaw_DataAugNone_LabelTypeRaw_Crop_faceTrue_BackendY11F_Large_boxFalse_Large_size1.5_Dyamic_DetTrue_det_len30_Median_face_boxTrue_unsupervised/subject33_L4_MO1_E1_S3_GE2_GL2_H2_MA2_input0.npy | /zfsauton/data/straps/MMPD/processed_dataset/MMPD_SizeW72_SizeH72_ClipLength180_DataTypeRaw_DataAugNone_LabelTypeRaw_Crop_faceTrue_BackendY11F_Large_boxFalse_Large_size1.5_Dyamic_DetTrue_det_len30_Median_face_boxTrue_unsupervised/subject33_L4_MO1_E1_S3_GE2_GL2_H2_MA2_label0.npy,
/zfsauton/data/straps/MMPD/subject33/p33_16.mat,33,16,Nature,Stationary,False,3,female,False,False,False,4,1,2,3,2,2,2,2,2,/zfsauton/data/straps/MMPD/processed_dataset/MMPD_SizeW72_SizeH72_ClipLength180_DataTypeRaw_DataAugNone_LabelTypeRaw_Crop_faceTrue_BackendY11F_Large_boxFalse_Large_size1.5_Dyamic_DetTrue_det_len30_Median_face_boxTrue_unsupervised/subject33_L4_MO1_E2_S3_GE2_GL2_H2_MA2_label0.npy | /zfsauton/data/straps/MMPD/processed_dataset/MMPD_SizeW72_SizeH72_ClipLength180_DataTypeRaw_DataAugNone_LabelTypeRaw_Crop_faceTrue_BackendY11F_Large_boxFalse_Large_size1.5_Dyamic_DetTrue_det_len30_Median_face_boxTrue_unsupervised/subject33_L4_MO1_E2_S3_GE2_GL2_H2_MA2_input0.npy,
/zfsauton/data/straps/MMPD/subject33/p33_17.mat,33,17,Nature,Rotation,False,3,female,False,False,False,4,2,2,3,2,2,2,2,2,/zfsauton/data/straps/MMPD/processed_dataset/MMPD_SizeW72_SizeH72_ClipLength180_DataTypeRaw_DataAugNone_LabelTypeRaw_Crop_faceTrue_BackendY11F_Large_boxFalse_Large_size1.5_Dyamic_DetTrue_det_len30_Median_face_boxTrue_unsupervised/subject33_L4_MO2_E2_S3_GE2_GL2_H2_MA2_label0.npy | /zfsauton/data/straps/MMPD/processed_dataset/MMPD_SizeW72_SizeH72_ClipLength180_DataTypeRaw_DataAugNone_LabelTypeRaw_Crop_faceTrue_BackendY11F_Large_boxFalse_Large_size1.5_Dyamic_DetTrue_det_len30_Median_face_boxTrue_unsupervised/subject33_L4_MO2_E2_S3_GE2_GL2_H2_MA2_input0.npy,
/zfsauton/data/straps/MMPD/subject33/p33_18.mat,33,18,Nature,Talking,False,3,female,False,False,False,4,3,2,3,2,2,2,2,2,/zfsauton/data/straps/MMPD/processed_dataset/MMPD_SizeW72_SizeH72_ClipLength180_DataTypeRaw_DataAugNone_LabelTypeRaw_Crop_faceTrue_BackendY11F_Large_boxFalse_Large_size1.5_Dyamic_DetTrue_det_len30_Median_face_boxTrue_unsupervised/subject33_L4_MO3_E2_S3_GE2_GL2_H2_MA2_label0.npy | /zfsauton/data/straps/MMPD/processed_dataset/MMPD_SizeW72_SizeH72_ClipLength180_DataTypeRaw_DataAugNone_LabelTypeRaw_Crop_faceTrue_BackendY11F_Large_boxFalse_Large_size1.5_Dyamic_DetTrue_det_len30_Median_face_boxTrue_unsupervised/subject33_L4_MO3_E2_S3_GE2_GL2_H2_MA2_input0.npy,
/zfsauton/data/straps/MMPD/subject33/p33_19.mat,33,19,Nature,Walking,False,3,female,False,False,False,4,4,2,3,2,2,2,2,2,/zfsauton/data/straps/MMPD/processed_dataset/MMPD_SizeW72_SizeH72_ClipLength180_DataTypeRaw_DataAugNone_LabelTypeRaw_Crop_faceTrue_BackendY11F_Large_boxFalse_Large_size1.5_Dyamic_DetTrue_det_len30_Median_face_boxTrue_unsupervised/subject33_L4_MO4_E2_S3_GE2_GL2_H2_MA2_input0.npy | /zfsauton/data/straps/MMPD/processed_dataset/MMPD_SizeW72_SizeH72_ClipLength180_DataTypeRaw_DataAugNone_LabelTypeRaw_Crop_faceTrue_BackendY11F_Large_boxFalse_Large_size1.5_Dyamic_DetTrue_det_len30_Median_face_boxTrue_unsupervised/subject33_L4_MO4_E2_S3_GE2_GL2_H2_MA2_label0.npy,
/zfsauton/data/straps/MMPD/subject33/p33_2.mat,33,2,LED-low,Talking,False,3,female,False,False,False,1,3,2,3,2,2,2,2,2,/zfsauton/data/straps/MMPD/processed_dataset/MMPD_SizeW72_SizeH72_ClipLength180_DataTypeRaw_DataAugNone_LabelTypeRaw_Crop_faceTrue_BackendY11F_Large_boxFalse_Large_size1.5_Dyamic_DetTrue_det_len30_Median_face_boxTrue_unsupervised/subject33_L1_MO3_E2_S3_GE2_GL2_H2_MA2_input0.npy | /zfsauton/data/straps/MMPD/processed_dataset/MMPD_SizeW72_SizeH72_ClipLength180_DataTypeRaw_DataAugNone_LabelTypeRaw_Crop_faceTrue_BackendY11F_Large_boxFalse_Large_size1.5_Dyamic_DetTrue_det_len30_Median_face_boxTrue_unsupervised/subject33_L1_MO3_E2_S3_GE2_GL2_H2_MA2_label0.npy,
/zfsauton/data/straps/MMPD/subject33/p33_3.mat,33,3,LED-low,Walking,False,3,female,False,False,False,1,4,2,3,2,2,2,2,2,/zfsauton/data/straps/MMPD/processed_dataset/MMPD_SizeW72_SizeH72_ClipLength180_DataTypeRaw_DataAugNone_LabelTypeRaw_Crop_faceTrue_BackendY11F_Large_boxFalse_Large_size1.5_Dyamic_DetTrue_det_len30_Median_face_boxTrue_unsupervised/subject33_L1_MO4_E2_S3_GE2_GL2_H2_MA2_label0.npy | /zfsauton/data/straps/MMPD/processed_dataset/MMPD_SizeW72_SizeH72_ClipLength180_DataTypeRaw_DataAugNone_LabelTypeRaw_Crop_faceTrue_BackendY11F_Large_boxFalse_Large_size1.5_Dyamic_DetTrue_det_len30_Median_face_boxTrue_unsupervised/subject33_L1_MO4_E2_S3_GE2_GL2_H2_MA2_input0.npy,
/zfsauton/data/straps/MMPD/subject33/p33_4.mat,33,4,LED-high,Stationary,False,3,female,False,False,False,2,1,2,3,2,2,2,2,2,/zfsauton/data/straps/MMPD/processed_dataset/MMPD_SizeW72_SizeH72_ClipLength180_DataTypeRaw_DataAugNone_LabelTypeRaw_Crop_faceTrue_BackendY11F_Large_boxFalse_Large_size1.5_Dyamic_DetTrue_det_len30_Median_face_boxTrue_unsupervised/subject33_L2_MO1_E2_S3_GE2_GL2_H2_MA2_input0.npy | /zfsauton/data/straps/MMPD/processed_dataset/MMPD_SizeW72_SizeH72_ClipLength180_DataTypeRaw_DataAugNone_LabelTypeRaw_Crop_faceTrue_BackendY11F_Large_boxFalse_Large_size1.5_Dyamic_DetTrue_det_len30_Median_face_boxTrue_unsupervised/subject33_L2_MO1_E2_S3_GE2_GL2_H2_MA2_label0.npy,
/zfsauton/data/straps/MMPD/subject33/p33_5.mat,33,5,LED-high,Rotation,False,3,female,False,False,False,2,2,2,3,2,2,2,2,2,/zfsauton/data/straps/MMPD/processed_dataset/MMPD_SizeW72_SizeH72_ClipLength180_DataTypeRaw_DataAugNone_LabelTypeRaw_Crop_faceTrue_BackendY11F_Large_boxFalse_Large_size1.5_Dyamic_DetTrue_det_len30_Median_face_boxTrue_unsupervised/subject33_L2_MO2_E2_S3_GE2_GL2_H2_MA2_input0.npy | /zfsauton/data/straps/MMPD/processed_dataset/MMPD_SizeW72_SizeH72_ClipLength180_DataTypeRaw_DataAugNone_LabelTypeRaw_Crop_faceTrue_BackendY11F_Large_boxFalse_Large_size1.5_Dyamic_DetTrue_det_len30_Median_face_boxTrue_unsupervised/subject33_L2_MO2_E2_S3_GE2_GL2_H2_MA2_label0.npy,
/zfsauton/data/straps/MMPD/subject33/p33_6.mat,33,6,LED-high,Talking,False,3,female,False,False,False,2,3,2,3,2,2,2,2,2,/zfsauton/data/straps/MMPD/processed_dataset/MMPD_SizeW72_SizeH72_ClipLength180_DataTypeRaw_DataAugNone_LabelTypeRaw_Crop_faceTrue_BackendY11F_Large_boxFalse_Large_size1.5_Dyamic_DetTrue_det_len30_Median_face_boxTrue_unsupervised/subject33_L2_MO3_E2_S3_GE2_GL2_H2_MA2_input0.npy | /zfsauton/data/straps/MMPD/processed_dataset/MMPD_SizeW72_SizeH72_ClipLength180_DataTypeRaw_DataAugNone_LabelTypeRaw_Crop_faceTrue_BackendY11F_Large_boxFalse_Large_size1.5_Dyamic_DetTrue_det_len30_Median_face_boxTrue_unsupervised/subject33_L2_MO3_E2_S3_GE2_GL2_H2_MA2_label0.npy,
/zfsauton/data/straps/MMPD/subject33/p33_7.mat,33,7,LED-high,Walking,False,3,female,False,False,False,2,4,2,3,2,2,2,2,2,/zfsauton/data/straps/MMPD/processed_dataset/MMPD_SizeW72_SizeH72_ClipLength180_DataTypeRaw_DataAugNone_LabelTypeRaw_Crop_faceTrue_BackendY11F_Large_boxFalse_Large_size1.5_Dyamic_DetTrue_det_len30_Median_face_boxTrue_unsupervised/subject33_L2_MO4_E2_S3_GE2_GL2_H2_MA2_label0.npy | /zfsauton/data/straps/MMPD/processed_dataset/MMPD_SizeW72_SizeH72_ClipLength180_DataTypeRaw_DataAugNone_LabelTypeRaw_Crop_faceTrue_BackendY11F_Large_boxFalse_Large_size1.5_Dyamic_DetTrue_det_len30_Median_face_boxTrue_unsupervised/subject33_L2_MO4_E2_S3_GE2_GL2_H2_MA2_input0.npy,
/zfsauton/data/straps/MMPD/subject33/p33_8.mat,33,8,Incandescent,Stationary,False,3,female,False,False,False,3,1,2,3,2,2,2,2,2,/zfsauton/data/straps/MMPD/processed_dataset/MMPD_SizeW72_SizeH72_ClipLength180_DataTypeRaw_DataAugNone_LabelTypeRaw_Crop_faceTrue_BackendY11F_Large_boxFalse_Large_size1.5_Dyamic_DetTrue_det_len30_Median_face_boxTrue_unsupervised/subject33_L3_MO1_E2_S3_GE2_GL2_H2_MA2_label0.npy | /zfsauton/data/straps/MMPD/processed_dataset/MMPD_SizeW72_SizeH72_ClipLength180_DataTypeRaw_DataAugNone_LabelTypeRaw_Crop_faceTrue_BackendY11F_Large_boxFalse_Large_size1.5_Dyamic_DetTrue_det_len30_Median_face_boxTrue_unsupervised/subject33_L3_MO1_E2_S3_GE2_GL2_H2_MA2_input0.npy,
/zfsauton/data/straps/MMPD/subject33/p33_9.mat,33,9,Incandescent,Rotation,False,3,female,False,False,False,3,2,2,3,2,2,2,2,2,/zfsauton/data/straps/MMPD/processed_dataset/MMPD_SizeW72_SizeH72_ClipLength180_DataTypeRaw_DataAugNone_LabelTypeRaw_Crop_faceTrue_BackendY11F_Large_boxFalse_Large_size1.5_Dyamic_DetTrue_det_len30_Median_face_boxTrue_unsupervised/subject33_L3_MO2_E2_S3_GE2_GL2_H2_MA2_label0.npy | /zfsauton/data/straps/MMPD/processed_dataset/MMPD_SizeW72_SizeH72_ClipLength180_DataTypeRaw_DataAugNone_LabelTypeRaw_Crop_faceTrue_BackendY11F_Large_boxFalse_Large_size1.5_Dyamic_DetTrue_det_len30_Median_face_boxTrue_unsupervised/subject33_L3_MO2_E2_S3_GE2_GL2_H2_MA2_input0.npy,
/zfsauton/data/straps/MMPD/subject4/p4_0.mat,4,0,LED-low,Stationary,False,3,male,False,True,False,1,1,2,3,1,2,1,2,2,/zfsauton/data/straps/MMPD/processed_dataset/MMPD_SizeW72_SizeH72_ClipLength180_DataTypeRaw_DataAugNone_LabelTypeRaw_Crop_faceTrue_BackendY11F_Large_boxFalse_Large_size1.5_Dyamic_DetTrue_det_len30_Median_face_boxTrue_unsupervised/subject4_L1_MO1_E2_S3_GE1_GL2_H1_MA2_label0.npy | /zfsauton/data/straps/MMPD/processed_dataset/MMPD_SizeW72_SizeH72_ClipLength180_DataTypeRaw_DataAugNone_LabelTypeRaw_Crop_faceTrue_BackendY11F_Large_boxFalse_Large_size1.5_Dyamic_DetTrue_det_len30_Median_face_boxTrue_unsupervised/subject4_L1_MO1_E2_S3_GE1_GL2_H1_MA2_input0.npy,
/zfsauton/data/straps/MMPD/subject4/p4_1.mat,4,1,LED-low,Rotation,False,3,male,False,True,False,1,2,2,3,1,2,1,2,2,/zfsauton/data/straps/MMPD/processed_dataset/MMPD_SizeW72_SizeH72_ClipLength180_DataTypeRaw_DataAugNone_LabelTypeRaw_Crop_faceTrue_BackendY11F_Large_boxFalse_Large_size1.5_Dyamic_DetTrue_det_len30_Median_face_boxTrue_unsupervised/subject4_L1_MO2_E2_S3_GE1_GL2_H1_MA2_label0.npy | /zfsauton/data/straps/MMPD/processed_dataset/MMPD_SizeW72_SizeH72_ClipLength180_DataTypeRaw_DataAugNone_LabelTypeRaw_Crop_faceTrue_BackendY11F_Large_boxFalse_Large_size1.5_Dyamic_DetTrue_det_len30_Median_face_boxTrue_unsupervised/subject4_L1_MO2_E2_S3_GE1_GL2_H1_MA2_input0.npy,
/zfsauton/data/straps/MMPD/subject4/p4_10.mat,4,10,Incandescent,Talking,False,3,male,False,True,False,3,3,2,3,1,2,1,2,2,/zfsauton/data/straps/MMPD/processed_dataset/MMPD_SizeW72_SizeH72_ClipLength180_DataTypeRaw_DataAugNone_LabelTypeRaw_Crop_faceTrue_BackendY11F_Large_boxFalse_Large_size1.5_Dyamic_DetTrue_det_len30_Median_face_boxTrue_unsupervised/subject4_L3_MO3_E2_S3_GE1_GL2_H1_MA2_input0.npy | /zfsauton/data/straps/MMPD/processed_dataset/MMPD_SizeW72_SizeH72_ClipLength180_DataTypeRaw_DataAugNone_LabelTypeRaw_Crop_faceTrue_BackendY11F_Large_boxFalse_Large_size1.5_Dyamic_DetTrue_det_len30_Median_face_boxTrue_unsupervised/subject4_L3_MO3_E2_S3_GE1_GL2_H1_MA2_label0.npy,
/zfsauton/data/straps/MMPD/subject4/p4_11.mat,4,11,Incandescent,Walking,False,3,male,False,True,False,3,4,2,3,1,2,1,2,2,/zfsauton/data/straps/MMPD/processed_dataset/MMPD_SizeW72_SizeH72_ClipLength180_DataTypeRaw_DataAugNone_LabelTypeRaw_Crop_faceTrue_BackendY11F_Large_boxFalse_Large_size1.5_Dyamic_DetTrue_det_len30_Median_face_boxTrue_unsupervised/subject4_L3_MO4_E2_S3_GE1_GL2_H1_MA2_label0.npy | /zfsauton/data/straps/MMPD/processed_dataset/MMPD_SizeW72_SizeH72_ClipLength180_DataTypeRaw_DataAugNone_LabelTypeRaw_Crop_faceTrue_BackendY11F_Large_boxFalse_Large_size1.5_Dyamic_DetTrue_det_len30_Median_face_boxTrue_unsupervised/subject4_L3_MO4_E2_S3_GE1_GL2_H1_MA2_input0.npy,
/zfsauton/data/straps/MMPD/subject4/p4_12.mat,4,12,Incandescent,Stationary (after exercise),True,3,male,False,True,False,3,1,1,3,1,2,1,2,2,/zfsauton/data/straps/MMPD/processed_dataset/MMPD_SizeW72_SizeH72_ClipLength180_DataTypeRaw_DataAugNone_LabelTypeRaw_Crop_faceTrue_BackendY11F_Large_boxFalse_Large_size1.5_Dyamic_DetTrue_det_len30_Median_face_boxTrue_unsupervised/subject4_L3_MO1_E1_S3_GE1_GL2_H1_MA2_label0.npy | /zfsauton/data/straps/MMPD/processed_dataset/MMPD_SizeW72_SizeH72_ClipLength180_DataTypeRaw_DataAugNone_LabelTypeRaw_Crop_faceTrue_BackendY11F_Large_boxFalse_Large_size1.5_Dyamic_DetTrue_det_len30_Median_face_boxTrue_unsupervised/subject4_L3_MO1_E1_S3_GE1_GL2_H1_MA2_input0.npy,
/zfsauton/data/straps/MMPD/subject4/p4_13.mat,4,13,LED-high,Stationary (after exercise),True,3,male,False,True,False,2,1,1,3,1,2,1,2,2,/zfsauton/data/straps/MMPD/processed_dataset/MMPD_SizeW72_SizeH72_ClipLength180_DataTypeRaw_DataAugNone_LabelTypeRaw_Crop_faceTrue_BackendY11F_Large_boxFalse_Large_size1.5_Dyamic_DetTrue_det_len30_Median_face_boxTrue_unsupervised/subject4_L2_MO1_E1_S3_GE1_GL2_H1_MA2_input0.npy | /zfsauton/data/straps/MMPD/processed_dataset/MMPD_SizeW72_SizeH72_ClipLength180_DataTypeRaw_DataAugNone_LabelTypeRaw_Crop_faceTrue_BackendY11F_Large_boxFalse_Large_size1.5_Dyamic_DetTrue_det_len30_Median_face_boxTrue_unsupervised/subject4_L2_MO1_E1_S3_GE1_GL2_H1_MA2_label0.npy,
/zfsauton/data/straps/MMPD/subject4/p4_14.mat,4,14,LED-low,Stationary (after exercise),True,3,male,False,True,False,1,1,1,3,1,2,1,2,2,/zfsauton/data/straps/MMPD/processed_dataset/MMPD_SizeW72_SizeH72_ClipLength180_DataTypeRaw_DataAugNone_LabelTypeRaw_Crop_faceTrue_BackendY11F_Large_boxFalse_Large_size1.5_Dyamic_DetTrue_det_len30_Median_face_boxTrue_unsupervised/subject4_L1_MO1_E1_S3_GE1_GL2_H1_MA2_input0.npy | /zfsauton/data/straps/MMPD/processed_dataset/MMPD_SizeW72_SizeH72_ClipLength180_DataTypeRaw_DataAugNone_LabelTypeRaw_Crop_faceTrue_BackendY11F_Large_boxFalse_Large_size1.5_Dyamic_DetTrue_det_len30_Median_face_boxTrue_unsupervised/subject4_L1_MO1_E1_S3_GE1_GL2_H1_MA2_label0.npy,
/zfsauton/data/straps/MMPD/subject4/p4_15.mat,4,15,Nature,Stationary (after exercise),True,3,male,False,True,False,4,1,1,3,1,2,1,2,2,/zfsauton/data/straps/MMPD/processed_dataset/MMPD_SizeW72_SizeH72_ClipLength180_DataTypeRaw_DataAugNone_LabelTypeRaw_Crop_faceTrue_BackendY11F_Large_boxFalse_Large_size1.5_Dyamic_DetTrue_det_len30_Median_face_boxTrue_unsupervised/subject4_L4_MO1_E1_S3_GE1_GL2_H1_MA2_label0.npy | /zfsauton/data/straps/MMPD/processed_dataset/MMPD_SizeW72_SizeH72_ClipLength180_DataTypeRaw_DataAugNone_LabelTypeRaw_Crop_faceTrue_BackendY11F_Large_boxFalse_Large_size1.5_Dyamic_DetTrue_det_len30_Median_face_boxTrue_unsupervised/subject4_L4_MO1_E1_S3_GE1_GL2_H1_MA2_input0.npy,
/zfsauton/data/straps/MMPD/subject4/p4_16.mat,4,16,Nature,Stationary,False,3,male,False,True,False,4,1,2,3,1,2,1,2,2,/zfsauton/data/straps/MMPD/processed_dataset/MMPD_SizeW72_SizeH72_ClipLength180_DataTypeRaw_DataAugNone_LabelTypeRaw_Crop_faceTrue_BackendY11F_Large_boxFalse_Large_size1.5_Dyamic_DetTrue_det_len30_Median_face_boxTrue_unsupervised/subject4_L4_MO1_E2_S3_GE1_GL2_H1_MA2_input0.npy | /zfsauton/data/straps/MMPD/processed_dataset/MMPD_SizeW72_SizeH72_ClipLength180_DataTypeRaw_DataAugNone_LabelTypeRaw_Crop_faceTrue_BackendY11F_Large_boxFalse_Large_size1.5_Dyamic_DetTrue_det_len30_Median_face_boxTrue_unsupervised/subject4_L4_MO1_E2_S3_GE1_GL2_H1_MA2_label0.npy,
/zfsauton/data/straps/MMPD/subject4/p4_17.mat,4,17,Nature,Rotation,False,3,male,False,True,False,4,2,2,3,1,2,1,2,2,/zfsauton/data/straps/MMPD/processed_dataset/MMPD_SizeW72_SizeH72_ClipLength180_DataTypeRaw_DataAugNone_LabelTypeRaw_Crop_faceTrue_BackendY11F_Large_boxFalse_Large_size1.5_Dyamic_DetTrue_det_len30_Median_face_boxTrue_unsupervised/subject4_L4_MO2_E2_S3_GE1_GL2_H1_MA2_input0.npy | /zfsauton/data/straps/MMPD/processed_dataset/MMPD_SizeW72_SizeH72_ClipLength180_DataTypeRaw_DataAugNone_LabelTypeRaw_Crop_faceTrue_BackendY11F_Large_boxFalse_Large_size1.5_Dyamic_DetTrue_det_len30_Median_face_boxTrue_unsupervised/subject4_L4_MO2_E2_S3_GE1_GL2_H1_MA2_label0.npy,
/zfsauton/data/straps/MMPD/subject4/p4_18.mat,4,18,Nature,Talking,False,3,male,False,True,False,4,3,2,3,1,2,1,2,2,/zfsauton/data/straps/MMPD/processed_dataset/MMPD_SizeW72_SizeH72_ClipLength180_DataTypeRaw_DataAugNone_LabelTypeRaw_Crop_faceTrue_BackendY11F_Large_boxFalse_Large_size1.5_Dyamic_DetTrue_det_len30_Median_face_boxTrue_unsupervised/subject4_L4_MO3_E2_S3_GE1_GL2_H1_MA2_input0.npy | /zfsauton/data/straps/MMPD/processed_dataset/MMPD_SizeW72_SizeH72_ClipLength180_DataTypeRaw_DataAugNone_LabelTypeRaw_Crop_faceTrue_BackendY11F_Large_boxFalse_Large_size1.5_Dyamic_DetTrue_det_len30_Median_face_boxTrue_unsupervised/subject4_L4_MO3_E2_S3_GE1_GL2_H1_MA2_label0.npy,
/zfsauton/data/straps/MMPD/subject4/p4_19.mat,4,19,Nature,Walking,False,3,male,False,True,False,4,4,2,3,1,2,1,2,2,/zfsauton/data/straps/MMPD/processed_dataset/MMPD_SizeW72_SizeH72_ClipLength180_DataTypeRaw_DataAugNone_LabelTypeRaw_Crop_faceTrue_BackendY11F_Large_boxFalse_Large_size1.5_Dyamic_DetTrue_det_len30_Median_face_boxTrue_unsupervised/subject4_L4_MO4_E2_S3_GE1_GL2_H1_MA2_label0.npy | /zfsauton/data/straps/MMPD/processed_dataset/MMPD_SizeW72_SizeH72_ClipLength180_DataTypeRaw_DataAugNone_LabelTypeRaw_Crop_faceTrue_BackendY11F_Large_boxFalse_Large_size1.5_Dyamic_DetTrue_det_len30_Median_face_boxTrue_unsupervised/subject4_L4_MO4_E2_S3_GE1_GL2_H1_MA2_input0.npy,
/zfsauton/data/straps/MMPD/subject4/p4_2.mat,4,2,LED-low,Talking,False,3,male,False,True,False,1,3,2,3,1,2,1,2,2,/zfsauton/data/straps/MMPD/processed_dataset/MMPD_SizeW72_SizeH72_ClipLength180_DataTypeRaw_DataAugNone_LabelTypeRaw_Crop_faceTrue_BackendY11F_Large_boxFalse_Large_size1.5_Dyamic_DetTrue_det_len30_Median_face_boxTrue_unsupervised/subject4_L1_MO3_E2_S3_GE1_GL2_H1_MA2_label0.npy | /zfsauton/data/straps/MMPD/processed_dataset/MMPD_SizeW72_SizeH72_ClipLength180_DataTypeRaw_DataAugNone_LabelTypeRaw_Crop_faceTrue_BackendY11F_Large_boxFalse_Large_size1.5_Dyamic_DetTrue_det_len30_Median_face_boxTrue_unsupervised/subject4_L1_MO3_E2_S3_GE1_GL2_H1_MA2_input0.npy,
/zfsauton/data/straps/MMPD/subject4/p4_3.mat,4,3,LED-low,Walking,False,3,male,False,True,False,1,4,2,3,1,2,1,2,2,/zfsauton/data/straps/MMPD/processed_dataset/MMPD_SizeW72_SizeH72_ClipLength180_DataTypeRaw_DataAugNone_LabelTypeRaw_Crop_faceTrue_BackendY11F_Large_boxFalse_Large_size1.5_Dyamic_DetTrue_det_len30_Median_face_boxTrue_unsupervised/subject4_L1_MO4_E2_S3_GE1_GL2_H1_MA2_input0.npy | /zfsauton/data/straps/MMPD/processed_dataset/MMPD_SizeW72_SizeH72_ClipLength180_DataTypeRaw_DataAugNone_LabelTypeRaw_Crop_faceTrue_BackendY11F_Large_boxFalse_Large_size1.5_Dyamic_DetTrue_det_len30_Median_face_boxTrue_unsupervised/subject4_L1_MO4_E2_S3_GE1_GL2_H1_MA2_label0.npy,
/zfsauton/data/straps/MMPD/subject4/p4_4.mat,4,4,LED-high,Stationary,False,3,male,False,True,False,2,1,2,3,1,2,1,2,2,/zfsauton/data/straps/MMPD/processed_dataset/MMPD_SizeW72_SizeH72_ClipLength180_DataTypeRaw_DataAugNone_LabelTypeRaw_Crop_faceTrue_BackendY11F_Large_boxFalse_Large_size1.5_Dyamic_DetTrue_det_len30_Median_face_boxTrue_unsupervised/subject4_L2_MO1_E2_S3_GE1_GL2_H1_MA2_label0.npy | /zfsauton/data/straps/MMPD/processed_dataset/MMPD_SizeW72_SizeH72_ClipLength180_DataTypeRaw_DataAugNone_LabelTypeRaw_Crop_faceTrue_BackendY11F_Large_boxFalse_Large_size1.5_Dyamic_DetTrue_det_len30_Median_face_boxTrue_unsupervised/subject4_L2_MO1_E2_S3_GE1_GL2_H1_MA2_input0.npy,
/zfsauton/data/straps/MMPD/subject4/p4_5.mat,4,5,LED-high,Rotation,False,3,male,False,True,False,2,2,2,3,1,2,1,2,2,/zfsauton/data/straps/MMPD/processed_dataset/MMPD_SizeW72_SizeH72_ClipLength180_DataTypeRaw_DataAugNone_LabelTypeRaw_Crop_faceTrue_BackendY11F_Large_boxFalse_Large_size1.5_Dyamic_DetTrue_det_len30_Median_face_boxTrue_unsupervised/subject4_L2_MO2_E2_S3_GE1_GL2_H1_MA2_label0.npy | /zfsauton/data/straps/MMPD/processed_dataset/MMPD_SizeW72_SizeH72_ClipLength180_DataTypeRaw_DataAugNone_LabelTypeRaw_Crop_faceTrue_BackendY11F_Large_boxFalse_Large_size1.5_Dyamic_DetTrue_det_len30_Median_face_boxTrue_unsupervised/subject4_L2_MO2_E2_S3_GE1_GL2_H1_MA2_input0.npy,
/zfsauton/data/straps/MMPD/subject4/p4_6.mat,4,6,LED-high,Talking,False,3,male,False,True,False,2,3,2,3,1,2,1,2,2,/zfsauton/data/straps/MMPD/processed_dataset/MMPD_SizeW72_SizeH72_ClipLength180_DataTypeRaw_DataAugNone_LabelTypeRaw_Crop_faceTrue_BackendY11F_Large_boxFalse_Large_size1.5_Dyamic_DetTrue_det_len30_Median_face_boxTrue_unsupervised/subject4_L2_MO3_E2_S3_GE1_GL2_H1_MA2_label0.npy | /zfsauton/data/straps/MMPD/processed_dataset/MMPD_SizeW72_SizeH72_ClipLength180_DataTypeRaw_DataAugNone_LabelTypeRaw_Crop_faceTrue_BackendY11F_Large_boxFalse_Large_size1.5_Dyamic_DetTrue_det_len30_Median_face_boxTrue_unsupervised/subject4_L2_MO3_E2_S3_GE1_GL2_H1_MA2_input0.npy,
/zfsauton/data/straps/MMPD/subject4/p4_7.mat,4,7,LED-high,Walking,False,3,male,False,True,False,2,4,2,3,1,2,1,2,2,/zfsauton/data/straps/MMPD/processed_dataset/MMPD_SizeW72_SizeH72_ClipLength180_DataTypeRaw_DataAugNone_LabelTypeRaw_Crop_faceTrue_BackendY11F_Large_boxFalse_Large_size1.5_Dyamic_DetTrue_det_len30_Median_face_boxTrue_unsupervised/subject4_L2_MO4_E2_S3_GE1_GL2_H1_MA2_input0.npy | /zfsauton/data/straps/MMPD/processed_dataset/MMPD_SizeW72_SizeH72_ClipLength180_DataTypeRaw_DataAugNone_LabelTypeRaw_Crop_faceTrue_BackendY11F_Large_boxFalse_Large_size1.5_Dyamic_DetTrue_det_len30_Median_face_boxTrue_unsupervised/subject4_L2_MO4_E2_S3_GE1_GL2_H1_MA2_label0.npy,
/zfsauton/data/straps/MMPD/subject4/p4_8.mat,4,8,Incandescent,Stationary,False,3,male,False,True,False,3,1,2,3,1,2,1,2,2,/zfsauton/data/straps/MMPD/processed_dataset/MMPD_SizeW72_SizeH72_ClipLength180_DataTypeRaw_DataAugNone_LabelTypeRaw_Crop_faceTrue_BackendY11F_Large_boxFalse_Large_size1.5_Dyamic_DetTrue_det_len30_Median_face_boxTrue_unsupervised/subject4_L3_MO1_E2_S3_GE1_GL2_H1_MA2_input0.npy | /zfsauton/data/straps/MMPD/processed_dataset/MMPD_SizeW72_SizeH72_ClipLength180_DataTypeRaw_DataAugNone_LabelTypeRaw_Crop_faceTrue_BackendY11F_Large_boxFalse_Large_size1.5_Dyamic_DetTrue_det_len30_Median_face_boxTrue_unsupervised/subject4_L3_MO1_E2_S3_GE1_GL2_H1_MA2_label0.npy,
/zfsauton/data/straps/MMPD/subject4/p4_9.mat,4,9,Incandescent,Rotation,False,3,male,False,True,False,3,2,2,3,1,2,1,2,2,/zfsauton/data/straps/MMPD/processed_dataset/MMPD_SizeW72_SizeH72_ClipLength180_DataTypeRaw_DataAugNone_LabelTypeRaw_Crop_faceTrue_BackendY11F_Large_boxFalse_Large_size1.5_Dyamic_DetTrue_det_len30_Median_face_boxTrue_unsupervised/subject4_L3_MO2_E2_S3_GE1_GL2_H1_MA2_input0.npy | /zfsauton/data/straps/MMPD/processed_dataset/MMPD_SizeW72_SizeH72_ClipLength180_DataTypeRaw_DataAugNone_LabelTypeRaw_Crop_faceTrue_BackendY11F_Large_boxFalse_Large_size1.5_Dyamic_DetTrue_det_len30_Median_face_boxTrue_unsupervised/subject4_L3_MO2_E2_S3_GE1_GL2_H1_MA2_label0.npy,
/zfsauton/data/straps/MMPD/subject5/p5_0.mat,5,0,LED-low,Stationary,False,3,female,True,True,True,1,1,2,3,2,1,1,1,2,/zfsauton/data/straps/MMPD/processed_dataset/MMPD_SizeW72_SizeH72_ClipLength180_DataTypeRaw_DataAugNone_LabelTypeRaw_Crop_faceTrue_BackendY11F_Large_boxFalse_Large_size1.5_Dyamic_DetTrue_det_len30_Median_face_boxTrue_unsupervised/subject5_L1_MO1_E2_S3_GE2_GL1_H1_MA1_input0.npy | /zfsauton/data/straps/MMPD/processed_dataset/MMPD_SizeW72_SizeH72_ClipLength180_DataTypeRaw_DataAugNone_LabelTypeRaw_Crop_faceTrue_BackendY11F_Large_boxFalse_Large_size1.5_Dyamic_DetTrue_det_len30_Median_face_boxTrue_unsupervised/subject5_L1_MO1_E2_S3_GE2_GL1_H1_MA1_label0.npy,
/zfsauton/data/straps/MMPD/subject5/p5_1.mat,5,1,LED-low,Rotation,False,3,female,True,True,True,1,2,2,3,2,1,1,1,2,/zfsauton/data/straps/MMPD/processed_dataset/MMPD_SizeW72_SizeH72_ClipLength180_DataTypeRaw_DataAugNone_LabelTypeRaw_Crop_faceTrue_BackendY11F_Large_boxFalse_Large_size1.5_Dyamic_DetTrue_det_len30_Median_face_boxTrue_unsupervised/subject5_L1_MO2_E2_S3_GE2_GL1_H1_MA1_input0.npy | /zfsauton/data/straps/MMPD/processed_dataset/MMPD_SizeW72_SizeH72_ClipLength180_DataTypeRaw_DataAugNone_LabelTypeRaw_Crop_faceTrue_BackendY11F_Large_boxFalse_Large_size1.5_Dyamic_DetTrue_det_len30_Median_face_boxTrue_unsupervised/subject5_L1_MO2_E2_S3_GE2_GL1_H1_MA1_label0.npy,
/zfsauton/data/straps/MMPD/subject5/p5_10.mat,5,10,Incandescent,Talking,False,3,female,True,True,True,3,3,2,3,2,1,1,1,2,/zfsauton/data/straps/MMPD/processed_dataset/MMPD_SizeW72_SizeH72_ClipLength180_DataTypeRaw_DataAugNone_LabelTypeRaw_Crop_faceTrue_BackendY11F_Large_boxFalse_Large_size1.5_Dyamic_DetTrue_det_len30_Median_face_boxTrue_unsupervised/subject5_L3_MO3_E2_S3_GE2_GL1_H1_MA1_label0.npy | /zfsauton/data/straps/MMPD/processed_dataset/MMPD_SizeW72_SizeH72_ClipLength180_DataTypeRaw_DataAugNone_LabelTypeRaw_Crop_faceTrue_BackendY11F_Large_boxFalse_Large_size1.5_Dyamic_DetTrue_det_len30_Median_face_boxTrue_unsupervised/subject5_L3_MO3_E2_S3_GE2_GL1_H1_MA1_input0.npy,
/zfsauton/data/straps/MMPD/subject5/p5_11.mat,5,11,Incandescent,Walking,False,3,female,True,True,True,3,4,2,3,2,1,1,1,2,/zfsauton/data/straps/MMPD/processed_dataset/MMPD_SizeW72_SizeH72_ClipLength180_DataTypeRaw_DataAugNone_LabelTypeRaw_Crop_faceTrue_BackendY11F_Large_boxFalse_Large_size1.5_Dyamic_DetTrue_det_len30_Median_face_boxTrue_unsupervised/subject5_L3_MO4_E2_S3_GE2_GL1_H1_MA1_input0.npy | /zfsauton/data/straps/MMPD/processed_dataset/MMPD_SizeW72_SizeH72_ClipLength180_DataTypeRaw_DataAugNone_LabelTypeRaw_Crop_faceTrue_BackendY11F_Large_boxFalse_Large_size1.5_Dyamic_DetTrue_det_len30_Median_face_boxTrue_unsupervised/subject5_L3_MO4_E2_S3_GE2_GL1_H1_MA1_label0.npy,
/zfsauton/data/straps/MMPD/subject5/p5_12.mat,5,12,Incandescent,Stationary (after exercise),True,3,female,True,True,True,3,1,1,3,2,1,1,1,2,/zfsauton/data/straps/MMPD/processed_dataset/MMPD_SizeW72_SizeH72_ClipLength180_DataTypeRaw_DataAugNone_LabelTypeRaw_Crop_faceTrue_BackendY11F_Large_boxFalse_Large_size1.5_Dyamic_DetTrue_det_len30_Median_face_boxTrue_unsupervised/subject5_L3_MO1_E1_S3_GE2_GL1_H1_MA1_input0.npy | /zfsauton/data/straps/MMPD/processed_dataset/MMPD_SizeW72_SizeH72_ClipLength180_DataTypeRaw_DataAugNone_LabelTypeRaw_Crop_faceTrue_BackendY11F_Large_boxFalse_Large_size1.5_Dyamic_DetTrue_det_len30_Median_face_boxTrue_unsupervised/subject5_L3_MO1_E1_S3_GE2_GL1_H1_MA1_label0.npy,
/zfsauton/data/straps/MMPD/subject5/p5_13.mat,5,13,LED-high,Stationary (after exercise),True,3,female,True,True,True,2,1,1,3,2,1,1,1,2,/zfsauton/data/straps/MMPD/processed_dataset/MMPD_SizeW72_SizeH72_ClipLength180_DataTypeRaw_DataAugNone_LabelTypeRaw_Crop_faceTrue_BackendY11F_Large_boxFalse_Large_size1.5_Dyamic_DetTrue_det_len30_Median_face_boxTrue_unsupervised/subject5_L2_MO1_E1_S3_GE2_GL1_H1_MA1_label0.npy | /zfsauton/data/straps/MMPD/processed_dataset/MMPD_SizeW72_SizeH72_ClipLength180_DataTypeRaw_DataAugNone_LabelTypeRaw_Crop_faceTrue_BackendY11F_Large_boxFalse_Large_size1.5_Dyamic_DetTrue_det_len30_Median_face_boxTrue_unsupervised/subject5_L2_MO1_E1_S3_GE2_GL1_H1_MA1_input0.npy,
/zfsauton/data/straps/MMPD/subject5/p5_14.mat,5,14,LED-low,Stationary (after exercise),True,3,female,True,True,True,1,1,1,3,2,1,1,1,2,/zfsauton/data/straps/MMPD/processed_dataset/MMPD_SizeW72_SizeH72_ClipLength180_DataTypeRaw_DataAugNone_LabelTypeRaw_Crop_faceTrue_BackendY11F_Large_boxFalse_Large_size1.5_Dyamic_DetTrue_det_len30_Median_face_boxTrue_unsupervised/subject5_L1_MO1_E1_S3_GE2_GL1_H1_MA1_label0.npy | /zfsauton/data/straps/MMPD/processed_dataset/MMPD_SizeW72_SizeH72_ClipLength180_DataTypeRaw_DataAugNone_LabelTypeRaw_Crop_faceTrue_BackendY11F_Large_boxFalse_Large_size1.5_Dyamic_DetTrue_det_len30_Median_face_boxTrue_unsupervised/subject5_L1_MO1_E1_S3_GE2_GL1_H1_MA1_input0.npy,
/zfsauton/data/straps/MMPD/subject5/p5_15.mat,5,15,Nature,Stationary (after exercise),True,3,female,True,True,True,4,1,1,3,2,1,1,1,2,/zfsauton/data/straps/MMPD/processed_dataset/MMPD_SizeW72_SizeH72_ClipLength180_DataTypeRaw_DataAugNone_LabelTypeRaw_Crop_faceTrue_BackendY11F_Large_boxFalse_Large_size1.5_Dyamic_DetTrue_det_len30_Median_face_boxTrue_unsupervised/subject5_L4_MO1_E1_S3_GE2_GL1_H1_MA1_input0.npy | /zfsauton/data/straps/MMPD/processed_dataset/MMPD_SizeW72_SizeH72_ClipLength180_DataTypeRaw_DataAugNone_LabelTypeRaw_Crop_faceTrue_BackendY11F_Large_boxFalse_Large_size1.5_Dyamic_DetTrue_det_len30_Median_face_boxTrue_unsupervised/subject5_L4_MO1_E1_S3_GE2_GL1_H1_MA1_label0.npy,
/zfsauton/data/straps/MMPD/subject5/p5_16.mat,5,16,Nature,Stationary,False,3,female,True,True,True,4,1,2,3,2,1,1,1,2,/zfsauton/data/straps/MMPD/processed_dataset/MMPD_SizeW72_SizeH72_ClipLength180_DataTypeRaw_DataAugNone_LabelTypeRaw_Crop_faceTrue_BackendY11F_Large_boxFalse_Large_size1.5_Dyamic_DetTrue_det_len30_Median_face_boxTrue_unsupervised/subject5_L4_MO1_E2_S3_GE2_GL1_H1_MA1_label0.npy | /zfsauton/data/straps/MMPD/processed_dataset/MMPD_SizeW72_SizeH72_ClipLength180_DataTypeRaw_DataAugNone_LabelTypeRaw_Crop_faceTrue_BackendY11F_Large_boxFalse_Large_size1.5_Dyamic_DetTrue_det_len30_Median_face_boxTrue_unsupervised/subject5_L4_MO1_E2_S3_GE2_GL1_H1_MA1_input0.npy,
/zfsauton/data/straps/MMPD/subject5/p5_17.mat,5,17,Nature,Rotation,False,3,female,True,True,True,4,2,2,3,2,1,1,1,2,/zfsauton/data/straps/MMPD/processed_dataset/MMPD_SizeW72_SizeH72_ClipLength180_DataTypeRaw_DataAugNone_LabelTypeRaw_Crop_faceTrue_BackendY11F_Large_boxFalse_Large_size1.5_Dyamic_DetTrue_det_len30_Median_face_boxTrue_unsupervised/subject5_L4_MO2_E2_S3_GE2_GL1_H1_MA1_label0.npy | /zfsauton/data/straps/MMPD/processed_dataset/MMPD_SizeW72_SizeH72_ClipLength180_DataTypeRaw_DataAugNone_LabelTypeRaw_Crop_faceTrue_BackendY11F_Large_boxFalse_Large_size1.5_Dyamic_DetTrue_det_len30_Median_face_boxTrue_unsupervised/subject5_L4_MO2_E2_S3_GE2_GL1_H1_MA1_input0.npy,
/zfsauton/data/straps/MMPD/subject5/p5_18.mat,5,18,Nature,Talking,False,3,female,True,True,True,4,3,2,3,2,1,1,1,2,/zfsauton/data/straps/MMPD/processed_dataset/MMPD_SizeW72_SizeH72_ClipLength180_DataTypeRaw_DataAugNone_LabelTypeRaw_Crop_faceTrue_BackendY11F_Large_boxFalse_Large_size1.5_Dyamic_DetTrue_det_len30_Median_face_boxTrue_unsupervised/subject5_L4_MO3_E2_S3_GE2_GL1_H1_MA1_label0.npy | /zfsauton/data/straps/MMPD/processed_dataset/MMPD_SizeW72_SizeH72_ClipLength180_DataTypeRaw_DataAugNone_LabelTypeRaw_Crop_faceTrue_BackendY11F_Large_boxFalse_Large_size1.5_Dyamic_DetTrue_det_len30_Median_face_boxTrue_unsupervised/subject5_L4_MO3_E2_S3_GE2_GL1_H1_MA1_input0.npy,
/zfsauton/data/straps/MMPD/subject5/p5_19.mat,5,19,Nature,Walking,False,3,female,True,True,True,4,4,2,3,2,1,1,1,2,/zfsauton/data/straps/MMPD/processed_dataset/MMPD_SizeW72_SizeH72_ClipLength180_DataTypeRaw_DataAugNone_LabelTypeRaw_Crop_faceTrue_BackendY11F_Large_boxFalse_Large_size1.5_Dyamic_DetTrue_det_len30_Median_face_boxTrue_unsupervised/subject5_L4_MO4_E2_S3_GE2_GL1_H1_MA1_input0.npy | /zfsauton/data/straps/MMPD/processed_dataset/MMPD_SizeW72_SizeH72_ClipLength180_DataTypeRaw_DataAugNone_LabelTypeRaw_Crop_faceTrue_BackendY11F_Large_boxFalse_Large_size1.5_Dyamic_DetTrue_det_len30_Median_face_boxTrue_unsupervised/subject5_L4_MO4_E2_S3_GE2_GL1_H1_MA1_label0.npy,
/zfsauton/data/straps/MMPD/subject5/p5_2.mat,5,2,LED-low,Talking,False,3,female,True,True,True,1,3,2,3,2,1,1,1,2,/zfsauton/data/straps/MMPD/processed_dataset/MMPD_SizeW72_SizeH72_ClipLength180_DataTypeRaw_DataAugNone_LabelTypeRaw_Crop_faceTrue_BackendY11F_Large_boxFalse_Large_size1.5_Dyamic_DetTrue_det_len30_Median_face_boxTrue_unsupervised/subject5_L1_MO3_E2_S3_GE2_GL1_H1_MA1_input0.npy | /zfsauton/data/straps/MMPD/processed_dataset/MMPD_SizeW72_SizeH72_ClipLength180_DataTypeRaw_DataAugNone_LabelTypeRaw_Crop_faceTrue_BackendY11F_Large_boxFalse_Large_size1.5_Dyamic_DetTrue_det_len30_Median_face_boxTrue_unsupervised/subject5_L1_MO3_E2_S3_GE2_GL1_H1_MA1_label0.npy,
/zfsauton/data/straps/MMPD/subject5/p5_3.mat,5,3,LED-low,Walking,False,3,female,True,True,True,1,4,2,3,2,1,1,1,2,/zfsauton/data/straps/MMPD/processed_dataset/MMPD_SizeW72_SizeH72_ClipLength180_DataTypeRaw_DataAugNone_LabelTypeRaw_Crop_faceTrue_BackendY11F_Large_boxFalse_Large_size1.5_Dyamic_DetTrue_det_len30_Median_face_boxTrue_unsupervised/subject5_L1_MO4_E2_S3_GE2_GL1_H1_MA1_label0.npy | /zfsauton/data/straps/MMPD/processed_dataset/MMPD_SizeW72_SizeH72_ClipLength180_DataTypeRaw_DataAugNone_LabelTypeRaw_Crop_faceTrue_BackendY11F_Large_boxFalse_Large_size1.5_Dyamic_DetTrue_det_len30_Median_face_boxTrue_unsupervised/subject5_L1_MO4_E2_S3_GE2_GL1_H1_MA1_input0.npy,
/zfsauton/data/straps/MMPD/subject5/p5_4.mat,5,4,LED-high,Stationary,False,3,female,True,True,True,2,1,2,3,2,1,1,1,2,/zfsauton/data/straps/MMPD/processed_dataset/MMPD_SizeW72_SizeH72_ClipLength180_DataTypeRaw_DataAugNone_LabelTypeRaw_Crop_faceTrue_BackendY11F_Large_boxFalse_Large_size1.5_Dyamic_DetTrue_det_len30_Median_face_boxTrue_unsupervised/subject5_L2_MO1_E2_S3_GE2_GL1_H1_MA1_input0.npy | /zfsauton/data/straps/MMPD/processed_dataset/MMPD_SizeW72_SizeH72_ClipLength180_DataTypeRaw_DataAugNone_LabelTypeRaw_Crop_faceTrue_BackendY11F_Large_boxFalse_Large_size1.5_Dyamic_DetTrue_det_len30_Median_face_boxTrue_unsupervised/subject5_L2_MO1_E2_S3_GE2_GL1_H1_MA1_label0.npy,
/zfsauton/data/straps/MMPD/subject5/p5_5.mat,5,5,LED-high,Rotation,False,3,female,True,True,True,2,2,2,3,2,1,1,1,2,/zfsauton/data/straps/MMPD/processed_dataset/MMPD_SizeW72_SizeH72_ClipLength180_DataTypeRaw_DataAugNone_LabelTypeRaw_Crop_faceTrue_BackendY11F_Large_boxFalse_Large_size1.5_Dyamic_DetTrue_det_len30_Median_face_boxTrue_unsupervised/subject5_L2_MO2_E2_S3_GE2_GL1_H1_MA1_input0.npy | /zfsauton/data/straps/MMPD/processed_dataset/MMPD_SizeW72_SizeH72_ClipLength180_DataTypeRaw_DataAugNone_LabelTypeRaw_Crop_faceTrue_BackendY11F_Large_boxFalse_Large_size1.5_Dyamic_DetTrue_det_len30_Median_face_boxTrue_unsupervised/subject5_L2_MO2_E2_S3_GE2_GL1_H1_MA1_label0.npy,
/zfsauton/data/straps/MMPD/subject5/p5_6.mat,5,6,LED-high,Talking,False,3,female,True,True,True,2,3,2,3,2,1,1,1,2,/zfsauton/data/straps/MMPD/processed_dataset/MMPD_SizeW72_SizeH72_ClipLength180_DataTypeRaw_DataAugNone_LabelTypeRaw_Crop_faceTrue_BackendY11F_Large_boxFalse_Large_size1.5_Dyamic_DetTrue_det_len30_Median_face_boxTrue_unsupervised/subject5_L2_MO3_E2_S3_GE2_GL1_H1_MA1_input0.npy | /zfsauton/data/straps/MMPD/processed_dataset/MMPD_SizeW72_SizeH72_ClipLength180_DataTypeRaw_DataAugNone_LabelTypeRaw_Crop_faceTrue_BackendY11F_Large_boxFalse_Large_size1.5_Dyamic_DetTrue_det_len30_Median_face_boxTrue_unsupervised/subject5_L2_MO3_E2_S3_GE2_GL1_H1_MA1_label0.npy,
/zfsauton/data/straps/MMPD/subject5/p5_7.mat,5,7,LED-high,Walking,False,3,female,True,True,True,2,4,2,3,2,1,1,1,2,/zfsauton/data/straps/MMPD/processed_dataset/MMPD_SizeW72_SizeH72_ClipLength180_DataTypeRaw_DataAugNone_LabelTypeRaw_Crop_faceTrue_BackendY11F_Large_boxFalse_Large_size1.5_Dyamic_DetTrue_det_len30_Median_face_boxTrue_unsupervised/subject5_L2_MO4_E2_S3_GE2_GL1_H1_MA1_label0.npy | /zfsauton/data/straps/MMPD/processed_dataset/MMPD_SizeW72_SizeH72_ClipLength180_DataTypeRaw_DataAugNone_LabelTypeRaw_Crop_faceTrue_BackendY11F_Large_boxFalse_Large_size1.5_Dyamic_DetTrue_det_len30_Median_face_boxTrue_unsupervised/subject5_L2_MO4_E2_S3_GE2_GL1_H1_MA1_input0.npy,
/zfsauton/data/straps/MMPD/subject5/p5_8.mat,5,8,Incandescent,Stationary,False,3,female,True,True,True,3,1,2,3,2,1,1,1,2,/zfsauton/data/straps/MMPD/processed_dataset/MMPD_SizeW72_SizeH72_ClipLength180_DataTypeRaw_DataAugNone_LabelTypeRaw_Crop_faceTrue_BackendY11F_Large_boxFalse_Large_size1.5_Dyamic_DetTrue_det_len30_Median_face_boxTrue_unsupervised/subject5_L3_MO1_E2_S3_GE2_GL1_H1_MA1_label0.npy | /zfsauton/data/straps/MMPD/processed_dataset/MMPD_SizeW72_SizeH72_ClipLength180_DataTypeRaw_DataAugNone_LabelTypeRaw_Crop_faceTrue_BackendY11F_Large_boxFalse_Large_size1.5_Dyamic_DetTrue_det_len30_Median_face_boxTrue_unsupervised/subject5_L3_MO1_E2_S3_GE2_GL1_H1_MA1_input0.npy,
/zfsauton/data/straps/MMPD/subject5/p5_9.mat,5,9,Incandescent,Rotation,False,3,female,True,True,True,3,2,2,3,2,1,1,1,2,/zfsauton/data/straps/MMPD/processed_dataset/MMPD_SizeW72_SizeH72_ClipLength180_DataTypeRaw_DataAugNone_LabelTypeRaw_Crop_faceTrue_BackendY11F_Large_boxFalse_Large_size1.5_Dyamic_DetTrue_det_len30_Median_face_boxTrue_unsupervised/subject5_L3_MO2_E2_S3_GE2_GL1_H1_MA1_label0.npy | /zfsauton/data/straps/MMPD/processed_dataset/MMPD_SizeW72_SizeH72_ClipLength180_DataTypeRaw_DataAugNone_LabelTypeRaw_Crop_faceTrue_BackendY11F_Large_boxFalse_Large_size1.5_Dyamic_DetTrue_det_len30_Median_face_boxTrue_unsupervised/subject5_L3_MO2_E2_S3_GE2_GL1_H1_MA1_input0.npy,
/zfsauton/data/straps/MMPD/subject6/p6_0.mat,6,0,LED-low,Stationary,False,3,male,False,False,False,1,1,2,3,1,2,2,2,2,/zfsauton/data/straps/MMPD/processed_dataset/MMPD_SizeW72_SizeH72_ClipLength180_DataTypeRaw_DataAugNone_LabelTypeRaw_Crop_faceTrue_BackendY11F_Large_boxFalse_Large_size1.5_Dyamic_DetTrue_det_len30_Median_face_boxTrue_unsupervised/subject6_L1_MO1_E2_S3_GE1_GL2_H2_MA2_input0.npy | /zfsauton/data/straps/MMPD/processed_dataset/MMPD_SizeW72_SizeH72_ClipLength180_DataTypeRaw_DataAugNone_LabelTypeRaw_Crop_faceTrue_BackendY11F_Large_boxFalse_Large_size1.5_Dyamic_DetTrue_det_len30_Median_face_boxTrue_unsupervised/subject6_L1_MO1_E2_S3_GE1_GL2_H2_MA2_label0.npy,
/zfsauton/data/straps/MMPD/subject6/p6_1.mat,6,1,LED-low,Rotation,False,3,male,False,False,False,1,2,2,3,1,2,2,2,2,/zfsauton/data/straps/MMPD/processed_dataset/MMPD_SizeW72_SizeH72_ClipLength180_DataTypeRaw_DataAugNone_LabelTypeRaw_Crop_faceTrue_BackendY11F_Large_boxFalse_Large_size1.5_Dyamic_DetTrue_det_len30_Median_face_boxTrue_unsupervised/subject6_L1_MO2_E2_S3_GE1_GL2_H2_MA2_input0.npy | /zfsauton/data/straps/MMPD/processed_dataset/MMPD_SizeW72_SizeH72_ClipLength180_DataTypeRaw_DataAugNone_LabelTypeRaw_Crop_faceTrue_BackendY11F_Large_boxFalse_Large_size1.5_Dyamic_DetTrue_det_len30_Median_face_boxTrue_unsupervised/subject6_L1_MO2_E2_S3_GE1_GL2_H2_MA2_label0.npy,
/zfsauton/data/straps/MMPD/subject6/p6_10.mat,6,10,Incandescent,Talking,False,3,male,False,False,False,3,3,2,3,1,2,2,2,2,/zfsauton/data/straps/MMPD/processed_dataset/MMPD_SizeW72_SizeH72_ClipLength180_DataTypeRaw_DataAugNone_LabelTypeRaw_Crop_faceTrue_BackendY11F_Large_boxFalse_Large_size1.5_Dyamic_DetTrue_det_len30_Median_face_boxTrue_unsupervised/subject6_L3_MO3_E2_S3_GE1_GL2_H2_MA2_label0.npy | /zfsauton/data/straps/MMPD/processed_dataset/MMPD_SizeW72_SizeH72_ClipLength180_DataTypeRaw_DataAugNone_LabelTypeRaw_Crop_faceTrue_BackendY11F_Large_boxFalse_Large_size1.5_Dyamic_DetTrue_det_len30_Median_face_boxTrue_unsupervised/subject6_L3_MO3_E2_S3_GE1_GL2_H2_MA2_input0.npy,
/zfsauton/data/straps/MMPD/subject6/p6_11.mat,6,11,Incandescent,Walking,False,3,male,False,False,False,3,4,2,3,1,2,2,2,2,/zfsauton/data/straps/MMPD/processed_dataset/MMPD_SizeW72_SizeH72_ClipLength180_DataTypeRaw_DataAugNone_LabelTypeRaw_Crop_faceTrue_BackendY11F_Large_boxFalse_Large_size1.5_Dyamic_DetTrue_det_len30_Median_face_boxTrue_unsupervised/subject6_L3_MO4_E2_S3_GE1_GL2_H2_MA2_input0.npy | /zfsauton/data/straps/MMPD/processed_dataset/MMPD_SizeW72_SizeH72_ClipLength180_DataTypeRaw_DataAugNone_LabelTypeRaw_Crop_faceTrue_BackendY11F_Large_boxFalse_Large_size1.5_Dyamic_DetTrue_det_len30_Median_face_boxTrue_unsupervised/subject6_L3_MO4_E2_S3_GE1_GL2_H2_MA2_label0.npy,
/zfsauton/data/straps/MMPD/subject6/p6_12.mat,6,12,Incandescent,Stationary (after exercise),True,3,male,False,False,False,3,1,1,3,1,2,2,2,2,/zfsauton/data/straps/MMPD/processed_dataset/MMPD_SizeW72_SizeH72_ClipLength180_DataTypeRaw_DataAugNone_LabelTypeRaw_Crop_faceTrue_BackendY11F_Large_boxFalse_Large_size1.5_Dyamic_DetTrue_det_len30_Median_face_boxTrue_unsupervised/subject6_L3_MO1_E1_S3_GE1_GL2_H2_MA2_input0.npy | /zfsauton/data/straps/MMPD/processed_dataset/MMPD_SizeW72_SizeH72_ClipLength180_DataTypeRaw_DataAugNone_LabelTypeRaw_Crop_faceTrue_BackendY11F_Large_boxFalse_Large_size1.5_Dyamic_DetTrue_det_len30_Median_face_boxTrue_unsupervised/subject6_L3_MO1_E1_S3_GE1_GL2_H2_MA2_label0.npy,
/zfsauton/data/straps/MMPD/subject6/p6_13.mat,6,13,LED-high,Stationary (after exercise),True,3,male,False,False,False,2,1,1,3,1,2,2,2,2,/zfsauton/data/straps/MMPD/processed_dataset/MMPD_SizeW72_SizeH72_ClipLength180_DataTypeRaw_DataAugNone_LabelTypeRaw_Crop_faceTrue_BackendY11F_Large_boxFalse_Large_size1.5_Dyamic_DetTrue_det_len30_Median_face_boxTrue_unsupervised/subject6_L2_MO1_E1_S3_GE1_GL2_H2_MA2_label0.npy | /zfsauton/data/straps/MMPD/processed_dataset/MMPD_SizeW72_SizeH72_ClipLength180_DataTypeRaw_DataAugNone_LabelTypeRaw_Crop_faceTrue_BackendY11F_Large_boxFalse_Large_size1.5_Dyamic_DetTrue_det_len30_Median_face_boxTrue_unsupervised/subject6_L2_MO1_E1_S3_GE1_GL2_H2_MA2_input0.npy,
/zfsauton/data/straps/MMPD/subject6/p6_14.mat,6,14,LED-low,Stationary (after exercise),True,3,male,False,False,False,1,1,1,3,1,2,2,2,2,/zfsauton/data/straps/MMPD/processed_dataset/MMPD_SizeW72_SizeH72_ClipLength180_DataTypeRaw_DataAugNone_LabelTypeRaw_Crop_faceTrue_BackendY11F_Large_boxFalse_Large_size1.5_Dyamic_DetTrue_det_len30_Median_face_boxTrue_unsupervised/subject6_L1_MO1_E1_S3_GE1_GL2_H2_MA2_label0.npy | /zfsauton/data/straps/MMPD/processed_dataset/MMPD_SizeW72_SizeH72_ClipLength180_DataTypeRaw_DataAugNone_LabelTypeRaw_Crop_faceTrue_BackendY11F_Large_boxFalse_Large_size1.5_Dyamic_DetTrue_det_len30_Median_face_boxTrue_unsupervised/subject6_L1_MO1_E1_S3_GE1_GL2_H2_MA2_input0.npy,
/zfsauton/data/straps/MMPD/subject6/p6_15.mat,6,15,Nature,Stationary (after exercise),True,3,male,False,False,False,4,1,1,3,1,2,2,2,2,/zfsauton/data/straps/MMPD/processed_dataset/MMPD_SizeW72_SizeH72_ClipLength180_DataTypeRaw_DataAugNone_LabelTypeRaw_Crop_faceTrue_BackendY11F_Large_boxFalse_Large_size1.5_Dyamic_DetTrue_det_len30_Median_face_boxTrue_unsupervised/subject6_L4_MO1_E1_S3_GE1_GL2_H2_MA2_input0.npy | /zfsauton/data/straps/MMPD/processed_dataset/MMPD_SizeW72_SizeH72_ClipLength180_DataTypeRaw_DataAugNone_LabelTypeRaw_Crop_faceTrue_BackendY11F_Large_boxFalse_Large_size1.5_Dyamic_DetTrue_det_len30_Median_face_boxTrue_unsupervised/subject6_L4_MO1_E1_S3_GE1_GL2_H2_MA2_label0.npy,
/zfsauton/data/straps/MMPD/subject6/p6_16.mat,6,16,Nature,Stationary,False,3,male,False,False,False,4,1,2,3,1,2,2,2,2,/zfsauton/data/straps/MMPD/processed_dataset/MMPD_SizeW72_SizeH72_ClipLength180_DataTypeRaw_DataAugNone_LabelTypeRaw_Crop_faceTrue_BackendY11F_Large_boxFalse_Large_size1.5_Dyamic_DetTrue_det_len30_Median_face_boxTrue_unsupervised/subject6_L4_MO1_E2_S3_GE1_GL2_H2_MA2_label0.npy | /zfsauton/data/straps/MMPD/processed_dataset/MMPD_SizeW72_SizeH72_ClipLength180_DataTypeRaw_DataAugNone_LabelTypeRaw_Crop_faceTrue_BackendY11F_Large_boxFalse_Large_size1.5_Dyamic_DetTrue_det_len30_Median_face_boxTrue_unsupervised/subject6_L4_MO1_E2_S3_GE1_GL2_H2_MA2_input0.npy,
/zfsauton/data/straps/MMPD/subject6/p6_17.mat,6,17,Nature,Rotation,False,3,male,False,False,False,4,2,2,3,1,2,2,2,2,/zfsauton/data/straps/MMPD/processed_dataset/MMPD_SizeW72_SizeH72_ClipLength180_DataTypeRaw_DataAugNone_LabelTypeRaw_Crop_faceTrue_BackendY11F_Large_boxFalse_Large_size1.5_Dyamic_DetTrue_det_len30_Median_face_boxTrue_unsupervised/subject6_L4_MO2_E2_S3_GE1_GL2_H2_MA2_label0.npy | /zfsauton/data/straps/MMPD/processed_dataset/MMPD_SizeW72_SizeH72_ClipLength180_DataTypeRaw_DataAugNone_LabelTypeRaw_Crop_faceTrue_BackendY11F_Large_boxFalse_Large_size1.5_Dyamic_DetTrue_det_len30_Median_face_boxTrue_unsupervised/subject6_L4_MO2_E2_S3_GE1_GL2_H2_MA2_input0.npy,
/zfsauton/data/straps/MMPD/subject6/p6_18.mat,6,18,Nature,Talking,False,3,male,False,False,False,4,3,2,3,1,2,2,2,2,/zfsauton/data/straps/MMPD/processed_dataset/MMPD_SizeW72_SizeH72_ClipLength180_DataTypeRaw_DataAugNone_LabelTypeRaw_Crop_faceTrue_BackendY11F_Large_boxFalse_Large_size1.5_Dyamic_DetTrue_det_len30_Median_face_boxTrue_unsupervised/subject6_L4_MO3_E2_S3_GE1_GL2_H2_MA2_label0.npy | /zfsauton/data/straps/MMPD/processed_dataset/MMPD_SizeW72_SizeH72_ClipLength180_DataTypeRaw_DataAugNone_LabelTypeRaw_Crop_faceTrue_BackendY11F_Large_boxFalse_Large_size1.5_Dyamic_DetTrue_det_len30_Median_face_boxTrue_unsupervised/subject6_L4_MO3_E2_S3_GE1_GL2_H2_MA2_input0.npy,
/zfsauton/data/straps/MMPD/subject6/p6_19.mat,6,19,Nature,Walking,False,3,male,False,False,False,4,4,2,3,1,2,2,2,2,/zfsauton/data/straps/MMPD/processed_dataset/MMPD_SizeW72_SizeH72_ClipLength180_DataTypeRaw_DataAugNone_LabelTypeRaw_Crop_faceTrue_BackendY11F_Large_boxFalse_Large_size1.5_Dyamic_DetTrue_det_len30_Median_face_boxTrue_unsupervised/subject6_L4_MO4_E2_S3_GE1_GL2_H2_MA2_input0.npy | /zfsauton/data/straps/MMPD/processed_dataset/MMPD_SizeW72_SizeH72_ClipLength180_DataTypeRaw_DataAugNone_LabelTypeRaw_Crop_faceTrue_BackendY11F_Large_boxFalse_Large_size1.5_Dyamic_DetTrue_det_len30_Median_face_boxTrue_unsupervised/subject6_L4_MO4_E2_S3_GE1_GL2_H2_MA2_label0.npy,
/zfsauton/data/straps/MMPD/subject6/p6_2.mat,6,2,LED-low,Talking,False,3,male,False,False,False,1,3,2,3,1,2,2,2,2,/zfsauton/data/straps/MMPD/processed_dataset/MMPD_SizeW72_SizeH72_ClipLength180_DataTypeRaw_DataAugNone_LabelTypeRaw_Crop_faceTrue_BackendY11F_Large_boxFalse_Large_size1.5_Dyamic_DetTrue_det_len30_Median_face_boxTrue_unsupervised/subject6_L1_MO3_E2_S3_GE1_GL2_H2_MA2_input0.npy | /zfsauton/data/straps/MMPD/processed_dataset/MMPD_SizeW72_SizeH72_ClipLength180_DataTypeRaw_DataAugNone_LabelTypeRaw_Crop_faceTrue_BackendY11F_Large_boxFalse_Large_size1.5_Dyamic_DetTrue_det_len30_Median_face_boxTrue_unsupervised/subject6_L1_MO3_E2_S3_GE1_GL2_H2_MA2_label0.npy,
/zfsauton/data/straps/MMPD/subject6/p6_3.mat,6,3,LED-low,Walking,False,3,male,False,False,False,1,4,2,3,1,2,2,2,2,/zfsauton/data/straps/MMPD/processed_dataset/MMPD_SizeW72_SizeH72_ClipLength180_DataTypeRaw_DataAugNone_LabelTypeRaw_Crop_faceTrue_BackendY11F_Large_boxFalse_Large_size1.5_Dyamic_DetTrue_det_len30_Median_face_boxTrue_unsupervised/subject6_L1_MO4_E2_S3_GE1_GL2_H2_MA2_label0.npy | /zfsauton/data/straps/MMPD/processed_dataset/MMPD_SizeW72_SizeH72_ClipLength180_DataTypeRaw_DataAugNone_LabelTypeRaw_Crop_faceTrue_BackendY11F_Large_boxFalse_Large_size1.5_Dyamic_DetTrue_det_len30_Median_face_boxTrue_unsupervised/subject6_L1_MO4_E2_S3_GE1_GL2_H2_MA2_input0.npy,
/zfsauton/data/straps/MMPD/subject6/p6_4.mat,6,4,LED-high,Stationary,False,3,male,False,False,False,2,1,2,3,1,2,2,2,2,/zfsauton/data/straps/MMPD/processed_dataset/MMPD_SizeW72_SizeH72_ClipLength180_DataTypeRaw_DataAugNone_LabelTypeRaw_Crop_faceTrue_BackendY11F_Large_boxFalse_Large_size1.5_Dyamic_DetTrue_det_len30_Median_face_boxTrue_unsupervised/subject6_L2_MO1_E2_S3_GE1_GL2_H2_MA2_input0.npy | /zfsauton/data/straps/MMPD/processed_dataset/MMPD_SizeW72_SizeH72_ClipLength180_DataTypeRaw_DataAugNone_LabelTypeRaw_Crop_faceTrue_BackendY11F_Large_boxFalse_Large_size1.5_Dyamic_DetTrue_det_len30_Median_face_boxTrue_unsupervised/subject6_L2_MO1_E2_S3_GE1_GL2_H2_MA2_label0.npy,
/zfsauton/data/straps/MMPD/subject6/p6_5.mat,6,5,LED-high,Rotation,False,3,male,False,False,False,2,2,2,3,1,2,2,2,2,/zfsauton/data/straps/MMPD/processed_dataset/MMPD_SizeW72_SizeH72_ClipLength180_DataTypeRaw_DataAugNone_LabelTypeRaw_Crop_faceTrue_BackendY11F_Large_boxFalse_Large_size1.5_Dyamic_DetTrue_det_len30_Median_face_boxTrue_unsupervised/subject6_L2_MO2_E2_S3_GE1_GL2_H2_MA2_input0.npy | /zfsauton/data/straps/MMPD/processed_dataset/MMPD_SizeW72_SizeH72_ClipLength180_DataTypeRaw_DataAugNone_LabelTypeRaw_Crop_faceTrue_BackendY11F_Large_boxFalse_Large_size1.5_Dyamic_DetTrue_det_len30_Median_face_boxTrue_unsupervised/subject6_L2_MO2_E2_S3_GE1_GL2_H2_MA2_label0.npy,
/zfsauton/data/straps/MMPD/subject6/p6_6.mat,6,6,LED-high,Talking,False,3,male,False,False,False,2,3,2,3,1,2,2,2,2,/zfsauton/data/straps/MMPD/processed_dataset/MMPD_SizeW72_SizeH72_ClipLength180_DataTypeRaw_DataAugNone_LabelTypeRaw_Crop_faceTrue_BackendY11F_Large_boxFalse_Large_size1.5_Dyamic_DetTrue_det_len30_Median_face_boxTrue_unsupervised/subject6_L2_MO3_E2_S3_GE1_GL2_H2_MA2_input0.npy | /zfsauton/data/straps/MMPD/processed_dataset/MMPD_SizeW72_SizeH72_ClipLength180_DataTypeRaw_DataAugNone_LabelTypeRaw_Crop_faceTrue_BackendY11F_Large_boxFalse_Large_size1.5_Dyamic_DetTrue_det_len30_Median_face_boxTrue_unsupervised/subject6_L2_MO3_E2_S3_GE1_GL2_H2_MA2_label0.npy,
/zfsauton/data/straps/MMPD/subject6/p6_7.mat,6,7,LED-high,Walking,False,3,male,False,False,False,2,4,2,3,1,2,2,2,2,/zfsauton/data/straps/MMPD/processed_dataset/MMPD_SizeW72_SizeH72_ClipLength180_DataTypeRaw_DataAugNone_LabelTypeRaw_Crop_faceTrue_BackendY11F_Large_boxFalse_Large_size1.5_Dyamic_DetTrue_det_len30_Median_face_boxTrue_unsupervised/subject6_L2_MO4_E2_S3_GE1_GL2_H2_MA2_label0.npy | /zfsauton/data/straps/MMPD/processed_dataset/MMPD_SizeW72_SizeH72_ClipLength180_DataTypeRaw_DataAugNone_LabelTypeRaw_Crop_faceTrue_BackendY11F_Large_boxFalse_Large_size1.5_Dyamic_DetTrue_det_len30_Median_face_boxTrue_unsupervised/subject6_L2_MO4_E2_S3_GE1_GL2_H2_MA2_input0.npy,
/zfsauton/data/straps/MMPD/subject6/p6_8.mat,6,8,Incandescent,Stationary,False,3,male,False,False,False,3,1,2,3,1,2,2,2,2,/zfsauton/data/straps/MMPD/processed_dataset/MMPD_SizeW72_SizeH72_ClipLength180_DataTypeRaw_DataAugNone_LabelTypeRaw_Crop_faceTrue_BackendY11F_Large_boxFalse_Large_size1.5_Dyamic_DetTrue_det_len30_Median_face_boxTrue_unsupervised/subject6_L3_MO1_E2_S3_GE1_GL2_H2_MA2_label0.npy | /zfsauton/data/straps/MMPD/processed_dataset/MMPD_SizeW72_SizeH72_ClipLength180_DataTypeRaw_DataAugNone_LabelTypeRaw_Crop_faceTrue_BackendY11F_Large_boxFalse_Large_size1.5_Dyamic_DetTrue_det_len30_Median_face_boxTrue_unsupervised/subject6_L3_MO1_E2_S3_GE1_GL2_H2_MA2_input0.npy,
/zfsauton/data/straps/MMPD/subject6/p6_9.mat,6,9,Incandescent,Rotation,False,3,male,False,False,False,3,2,2,3,1,2,2,2,2,/zfsauton/data/straps/MMPD/processed_dataset/MMPD_SizeW72_SizeH72_ClipLength180_DataTypeRaw_DataAugNone_LabelTypeRaw_Crop_faceTrue_BackendY11F_Large_boxFalse_Large_size1.5_Dyamic_DetTrue_det_len30_Median_face_boxTrue_unsupervised/subject6_L3_MO2_E2_S3_GE1_GL2_H2_MA2_label0.npy | /zfsauton/data/straps/MMPD/processed_dataset/MMPD_SizeW72_SizeH72_ClipLength180_DataTypeRaw_DataAugNone_LabelTypeRaw_Crop_faceTrue_BackendY11F_Large_boxFalse_Large_size1.5_Dyamic_DetTrue_det_len30_Median_face_boxTrue_unsupervised/subject6_L3_MO2_E2_S3_GE1_GL2_H2_MA2_input0.npy,
/zfsauton/data/straps/MMPD/subject7/p7_0.mat,7,0,LED-low,Stationary,False,5,male,True,False,False,1,1,2,5,1,1,2,2,2,/zfsauton/data/straps/MMPD/processed_dataset/MMPD_SizeW72_SizeH72_ClipLength180_DataTypeRaw_DataAugNone_LabelTypeRaw_Crop_faceTrue_BackendY11F_Large_boxFalse_Large_size1.5_Dyamic_DetTrue_det_len30_Median_face_boxTrue_unsupervised/subject7_L1_MO1_E2_S5_GE1_GL1_H2_MA2_input0.npy | /zfsauton/data/straps/MMPD/processed_dataset/MMPD_SizeW72_SizeH72_ClipLength180_DataTypeRaw_DataAugNone_LabelTypeRaw_Crop_faceTrue_BackendY11F_Large_boxFalse_Large_size1.5_Dyamic_DetTrue_det_len30_Median_face_boxTrue_unsupervised/subject7_L1_MO1_E2_S5_GE1_GL1_H2_MA2_label0.npy,
/zfsauton/data/straps/MMPD/subject7/p7_1.mat,7,1,LED-low,Rotation,False,5,male,True,False,False,1,2,2,5,1,1,2,2,2,/zfsauton/data/straps/MMPD/processed_dataset/MMPD_SizeW72_SizeH72_ClipLength180_DataTypeRaw_DataAugNone_LabelTypeRaw_Crop_faceTrue_BackendY11F_Large_boxFalse_Large_size1.5_Dyamic_DetTrue_det_len30_Median_face_boxTrue_unsupervised/subject7_L1_MO2_E2_S5_GE1_GL1_H2_MA2_input0.npy | /zfsauton/data/straps/MMPD/processed_dataset/MMPD_SizeW72_SizeH72_ClipLength180_DataTypeRaw_DataAugNone_LabelTypeRaw_Crop_faceTrue_BackendY11F_Large_boxFalse_Large_size1.5_Dyamic_DetTrue_det_len30_Median_face_boxTrue_unsupervised/subject7_L1_MO2_E2_S5_GE1_GL1_H2_MA2_label0.npy,
/zfsauton/data/straps/MMPD/subject7/p7_10.mat,7,10,Incandescent,Talking,False,5,male,True,False,False,3,3,2,5,1,1,2,2,2,/zfsauton/data/straps/MMPD/processed_dataset/MMPD_SizeW72_SizeH72_ClipLength180_DataTypeRaw_DataAugNone_LabelTypeRaw_Crop_faceTrue_BackendY11F_Large_boxFalse_Large_size1.5_Dyamic_DetTrue_det_len30_Median_face_boxTrue_unsupervised/subject7_L3_MO3_E2_S5_GE1_GL1_H2_MA2_label0.npy | /zfsauton/data/straps/MMPD/processed_dataset/MMPD_SizeW72_SizeH72_ClipLength180_DataTypeRaw_DataAugNone_LabelTypeRaw_Crop_faceTrue_BackendY11F_Large_boxFalse_Large_size1.5_Dyamic_DetTrue_det_len30_Median_face_boxTrue_unsupervised/subject7_L3_MO3_E2_S5_GE1_GL1_H2_MA2_input0.npy,
/zfsauton/data/straps/MMPD/subject7/p7_11.mat,7,11,Incandescent,Walking,False,5,male,True,False,False,3,4,2,5,1,1,2,2,2,/zfsauton/data/straps/MMPD/processed_dataset/MMPD_SizeW72_SizeH72_ClipLength180_DataTypeRaw_DataAugNone_LabelTypeRaw_Crop_faceTrue_BackendY11F_Large_boxFalse_Large_size1.5_Dyamic_DetTrue_det_len30_Median_face_boxTrue_unsupervised/subject7_L3_MO4_E2_S5_GE1_GL1_H2_MA2_input0.npy | /zfsauton/data/straps/MMPD/processed_dataset/MMPD_SizeW72_SizeH72_ClipLength180_DataTypeRaw_DataAugNone_LabelTypeRaw_Crop_faceTrue_BackendY11F_Large_boxFalse_Large_size1.5_Dyamic_DetTrue_det_len30_Median_face_boxTrue_unsupervised/subject7_L3_MO4_E2_S5_GE1_GL1_H2_MA2_label0.npy,
/zfsauton/data/straps/MMPD/subject7/p7_12.mat,7,12,Incandescent,Stationary (after exercise),True,5,male,True,False,False,3,1,1,5,1,1,2,2,2,/zfsauton/data/straps/MMPD/processed_dataset/MMPD_SizeW72_SizeH72_ClipLength180_DataTypeRaw_DataAugNone_LabelTypeRaw_Crop_faceTrue_BackendY11F_Large_boxFalse_Large_size1.5_Dyamic_DetTrue_det_len30_Median_face_boxTrue_unsupervised/subject7_L3_MO1_E1_S5_GE1_GL1_H2_MA2_input0.npy | /zfsauton/data/straps/MMPD/processed_dataset/MMPD_SizeW72_SizeH72_ClipLength180_DataTypeRaw_DataAugNone_LabelTypeRaw_Crop_faceTrue_BackendY11F_Large_boxFalse_Large_size1.5_Dyamic_DetTrue_det_len30_Median_face_boxTrue_unsupervised/subject7_L3_MO1_E1_S5_GE1_GL1_H2_MA2_label0.npy,
/zfsauton/data/straps/MMPD/subject7/p7_13.mat,7,13,LED-high,Stationary (after exercise),True,5,male,True,False,False,2,1,1,5,1,1,2,2,2,/zfsauton/data/straps/MMPD/processed_dataset/MMPD_SizeW72_SizeH72_ClipLength180_DataTypeRaw_DataAugNone_LabelTypeRaw_Crop_faceTrue_BackendY11F_Large_boxFalse_Large_size1.5_Dyamic_DetTrue_det_len30_Median_face_boxTrue_unsupervised/subject7_L2_MO1_E1_S5_GE1_GL1_H2_MA2_label0.npy | /zfsauton/data/straps/MMPD/processed_dataset/MMPD_SizeW72_SizeH72_ClipLength180_DataTypeRaw_DataAugNone_LabelTypeRaw_Crop_faceTrue_BackendY11F_Large_boxFalse_Large_size1.5_Dyamic_DetTrue_det_len30_Median_face_boxTrue_unsupervised/subject7_L2_MO1_E1_S5_GE1_GL1_H2_MA2_input0.npy,
/zfsauton/data/straps/MMPD/subject7/p7_14.mat,7,14,LED-low,Stationary (after exercise),True,5,male,True,False,False,1,1,1,5,1,1,2,2,2,/zfsauton/data/straps/MMPD/processed_dataset/MMPD_SizeW72_SizeH72_ClipLength180_DataTypeRaw_DataAugNone_LabelTypeRaw_Crop_faceTrue_BackendY11F_Large_boxFalse_Large_size1.5_Dyamic_DetTrue_det_len30_Median_face_boxTrue_unsupervised/subject7_L1_MO1_E1_S5_GE1_GL1_H2_MA2_label0.npy | /zfsauton/data/straps/MMPD/processed_dataset/MMPD_SizeW72_SizeH72_ClipLength180_DataTypeRaw_DataAugNone_LabelTypeRaw_Crop_faceTrue_BackendY11F_Large_boxFalse_Large_size1.5_Dyamic_DetTrue_det_len30_Median_face_boxTrue_unsupervised/subject7_L1_MO1_E1_S5_GE1_GL1_H2_MA2_input0.npy,
/zfsauton/data/straps/MMPD/subject7/p7_15.mat,7,15,Nature,Stationary (after exercise),True,5,male,True,False,False,4,1,1,5,1,1,2,2,2,/zfsauton/data/straps/MMPD/processed_dataset/MMPD_SizeW72_SizeH72_ClipLength180_DataTypeRaw_DataAugNone_LabelTypeRaw_Crop_faceTrue_BackendY11F_Large_boxFalse_Large_size1.5_Dyamic_DetTrue_det_len30_Median_face_boxTrue_unsupervised/subject7_L4_MO1_E1_S5_GE1_GL1_H2_MA2_input0.npy | /zfsauton/data/straps/MMPD/processed_dataset/MMPD_SizeW72_SizeH72_ClipLength180_DataTypeRaw_DataAugNone_LabelTypeRaw_Crop_faceTrue_BackendY11F_Large_boxFalse_Large_size1.5_Dyamic_DetTrue_det_len30_Median_face_boxTrue_unsupervised/subject7_L4_MO1_E1_S5_GE1_GL1_H2_MA2_label0.npy,
/zfsauton/data/straps/MMPD/subject7/p7_16.mat,7,16,Nature,Stationary,False,5,male,True,False,False,4,1,2,5,1,1,2,2,2,/zfsauton/data/straps/MMPD/processed_dataset/MMPD_SizeW72_SizeH72_ClipLength180_DataTypeRaw_DataAugNone_LabelTypeRaw_Crop_faceTrue_BackendY11F_Large_boxFalse_Large_size1.5_Dyamic_DetTrue_det_len30_Median_face_boxTrue_unsupervised/subject7_L4_MO1_E2_S5_GE1_GL1_H2_MA2_label0.npy | /zfsauton/data/straps/MMPD/processed_dataset/MMPD_SizeW72_SizeH72_ClipLength180_DataTypeRaw_DataAugNone_LabelTypeRaw_Crop_faceTrue_BackendY11F_Large_boxFalse_Large_size1.5_Dyamic_DetTrue_det_len30_Median_face_boxTrue_unsupervised/subject7_L4_MO1_E2_S5_GE1_GL1_H2_MA2_input0.npy,
/zfsauton/data/straps/MMPD/subject7/p7_17.mat,7,17,Nature,Rotation,False,5,male,True,False,False,4,2,2,5,1,1,2,2,2,/zfsauton/data/straps/MMPD/processed_dataset/MMPD_SizeW72_SizeH72_ClipLength180_DataTypeRaw_DataAugNone_LabelTypeRaw_Crop_faceTrue_BackendY11F_Large_boxFalse_Large_size1.5_Dyamic_DetTrue_det_len30_Median_face_boxTrue_unsupervised/subject7_L4_MO2_E2_S5_GE1_GL1_H2_MA2_label0.npy | /zfsauton/data/straps/MMPD/processed_dataset/MMPD_SizeW72_SizeH72_ClipLength180_DataTypeRaw_DataAugNone_LabelTypeRaw_Crop_faceTrue_BackendY11F_Large_boxFalse_Large_size1.5_Dyamic_DetTrue_det_len30_Median_face_boxTrue_unsupervised/subject7_L4_MO2_E2_S5_GE1_GL1_H2_MA2_input0.npy,
/zfsauton/data/straps/MMPD/subject7/p7_18.mat,7,18,Nature,Talking,False,5,male,True,False,False,4,3,2,5,1,1,2,2,2,/zfsauton/data/straps/MMPD/processed_dataset/MMPD_SizeW72_SizeH72_ClipLength180_DataTypeRaw_DataAugNone_LabelTypeRaw_Crop_faceTrue_BackendY11F_Large_boxFalse_Large_size1.5_Dyamic_DetTrue_det_len30_Median_face_boxTrue_unsupervised/subject7_L4_MO3_E2_S5_GE1_GL1_H2_MA2_label0.npy | /zfsauton/data/straps/MMPD/processed_dataset/MMPD_SizeW72_SizeH72_ClipLength180_DataTypeRaw_DataAugNone_LabelTypeRaw_Crop_faceTrue_BackendY11F_Large_boxFalse_Large_size1.5_Dyamic_DetTrue_det_len30_Median_face_boxTrue_unsupervised/subject7_L4_MO3_E2_S5_GE1_GL1_H2_MA2_input0.npy,
/zfsauton/data/straps/MMPD/subject7/p7_19.mat,7,19,Nature,Walking,False,5,male,True,False,False,4,4,2,5,1,1,2,2,2,/zfsauton/data/straps/MMPD/processed_dataset/MMPD_SizeW72_SizeH72_ClipLength180_DataTypeRaw_DataAugNone_LabelTypeRaw_Crop_faceTrue_BackendY11F_Large_boxFalse_Large_size1.5_Dyamic_DetTrue_det_len30_Median_face_boxTrue_unsupervised/subject7_L4_MO4_E2_S5_GE1_GL1_H2_MA2_input0.npy | /zfsauton/data/straps/MMPD/processed_dataset/MMPD_SizeW72_SizeH72_ClipLength180_DataTypeRaw_DataAugNone_LabelTypeRaw_Crop_faceTrue_BackendY11F_Large_boxFalse_Large_size1.5_Dyamic_DetTrue_det_len30_Median_face_boxTrue_unsupervised/subject7_L4_MO4_E2_S5_GE1_GL1_H2_MA2_label0.npy,
/zfsauton/data/straps/MMPD/subject7/p7_2.mat,7,2,LED-low,Talking,False,5,male,True,False,False,1,3,2,5,1,1,2,2,2,/zfsauton/data/straps/MMPD/processed_dataset/MMPD_SizeW72_SizeH72_ClipLength180_DataTypeRaw_DataAugNone_LabelTypeRaw_Crop_faceTrue_BackendY11F_Large_boxFalse_Large_size1.5_Dyamic_DetTrue_det_len30_Median_face_boxTrue_unsupervised/subject7_L1_MO3_E2_S5_GE1_GL1_H2_MA2_input0.npy | /zfsauton/data/straps/MMPD/processed_dataset/MMPD_SizeW72_SizeH72_ClipLength180_DataTypeRaw_DataAugNone_LabelTypeRaw_Crop_faceTrue_BackendY11F_Large_boxFalse_Large_size1.5_Dyamic_DetTrue_det_len30_Median_face_boxTrue_unsupervised/subject7_L1_MO3_E2_S5_GE1_GL1_H2_MA2_label0.npy,
/zfsauton/data/straps/MMPD/subject7/p7_3.mat,7,3,LED-low,Walking,False,5,male,True,False,False,1,4,2,5,1,1,2,2,2,/zfsauton/data/straps/MMPD/processed_dataset/MMPD_SizeW72_SizeH72_ClipLength180_DataTypeRaw_DataAugNone_LabelTypeRaw_Crop_faceTrue_BackendY11F_Large_boxFalse_Large_size1.5_Dyamic_DetTrue_det_len30_Median_face_boxTrue_unsupervised/subject7_L1_MO4_E2_S5_GE1_GL1_H2_MA2_label0.npy | /zfsauton/data/straps/MMPD/processed_dataset/MMPD_SizeW72_SizeH72_ClipLength180_DataTypeRaw_DataAugNone_LabelTypeRaw_Crop_faceTrue_BackendY11F_Large_boxFalse_Large_size1.5_Dyamic_DetTrue_det_len30_Median_face_boxTrue_unsupervised/subject7_L1_MO4_E2_S5_GE1_GL1_H2_MA2_input0.npy,
/zfsauton/data/straps/MMPD/subject7/p7_4.mat,7,4,LED-high,Stationary,False,5,male,True,False,False,2,1,2,5,1,1,2,2,2,/zfsauton/data/straps/MMPD/processed_dataset/MMPD_SizeW72_SizeH72_ClipLength180_DataTypeRaw_DataAugNone_LabelTypeRaw_Crop_faceTrue_BackendY11F_Large_boxFalse_Large_size1.5_Dyamic_DetTrue_det_len30_Median_face_boxTrue_unsupervised/subject7_L2_MO1_E2_S5_GE1_GL1_H2_MA2_input0.npy | /zfsauton/data/straps/MMPD/processed_dataset/MMPD_SizeW72_SizeH72_ClipLength180_DataTypeRaw_DataAugNone_LabelTypeRaw_Crop_faceTrue_BackendY11F_Large_boxFalse_Large_size1.5_Dyamic_DetTrue_det_len30_Median_face_boxTrue_unsupervised/subject7_L2_MO1_E2_S5_GE1_GL1_H2_MA2_label0.npy,
/zfsauton/data/straps/MMPD/subject7/p7_5.mat,7,5,LED-high,Rotation,False,5,male,True,False,False,2,2,2,5,1,1,2,2,2,/zfsauton/data/straps/MMPD/processed_dataset/MMPD_SizeW72_SizeH72_ClipLength180_DataTypeRaw_DataAugNone_LabelTypeRaw_Crop_faceTrue_BackendY11F_Large_boxFalse_Large_size1.5_Dyamic_DetTrue_det_len30_Median_face_boxTrue_unsupervised/subject7_L2_MO2_E2_S5_GE1_GL1_H2_MA2_input0.npy | /zfsauton/data/straps/MMPD/processed_dataset/MMPD_SizeW72_SizeH72_ClipLength180_DataTypeRaw_DataAugNone_LabelTypeRaw_Crop_faceTrue_BackendY11F_Large_boxFalse_Large_size1.5_Dyamic_DetTrue_det_len30_Median_face_boxTrue_unsupervised/subject7_L2_MO2_E2_S5_GE1_GL1_H2_MA2_label0.npy,
/zfsauton/data/straps/MMPD/subject7/p7_6.mat,7,6,LED-high,Talking,False,5,male,True,False,False,2,3,2,5,1,1,2,2,2,/zfsauton/data/straps/MMPD/processed_dataset/MMPD_SizeW72_SizeH72_ClipLength180_DataTypeRaw_DataAugNone_LabelTypeRaw_Crop_faceTrue_BackendY11F_Large_boxFalse_Large_size1.5_Dyamic_DetTrue_det_len30_Median_face_boxTrue_unsupervised/subject7_L2_MO3_E2_S5_GE1_GL1_H2_MA2_input0.npy | /zfsauton/data/straps/MMPD/processed_dataset/MMPD_SizeW72_SizeH72_ClipLength180_DataTypeRaw_DataAugNone_LabelTypeRaw_Crop_faceTrue_BackendY11F_Large_boxFalse_Large_size1.5_Dyamic_DetTrue_det_len30_Median_face_boxTrue_unsupervised/subject7_L2_MO3_E2_S5_GE1_GL1_H2_MA2_label0.npy,
/zfsauton/data/straps/MMPD/subject7/p7_7.mat,7,7,LED-high,Walking,False,5,male,True,False,False,2,4,2,5,1,1,2,2,2,/zfsauton/data/straps/MMPD/processed_dataset/MMPD_SizeW72_SizeH72_ClipLength180_DataTypeRaw_DataAugNone_LabelTypeRaw_Crop_faceTrue_BackendY11F_Large_boxFalse_Large_size1.5_Dyamic_DetTrue_det_len30_Median_face_boxTrue_unsupervised/subject7_L2_MO4_E2_S5_GE1_GL1_H2_MA2_label0.npy | /zfsauton/data/straps/MMPD/processed_dataset/MMPD_SizeW72_SizeH72_ClipLength180_DataTypeRaw_DataAugNone_LabelTypeRaw_Crop_faceTrue_BackendY11F_Large_boxFalse_Large_size1.5_Dyamic_DetTrue_det_len30_Median_face_boxTrue_unsupervised/subject7_L2_MO4_E2_S5_GE1_GL1_H2_MA2_input0.npy,
/zfsauton/data/straps/MMPD/subject7/p7_8.mat,7,8,Incandescent,Stationary,False,5,male,True,False,False,3,1,2,5,1,1,2,2,2,/zfsauton/data/straps/MMPD/processed_dataset/MMPD_SizeW72_SizeH72_ClipLength180_DataTypeRaw_DataAugNone_LabelTypeRaw_Crop_faceTrue_BackendY11F_Large_boxFalse_Large_size1.5_Dyamic_DetTrue_det_len30_Median_face_boxTrue_unsupervised/subject7_L3_MO1_E2_S5_GE1_GL1_H2_MA2_label0.npy | /zfsauton/data/straps/MMPD/processed_dataset/MMPD_SizeW72_SizeH72_ClipLength180_DataTypeRaw_DataAugNone_LabelTypeRaw_Crop_faceTrue_BackendY11F_Large_boxFalse_Large_size1.5_Dyamic_DetTrue_det_len30_Median_face_boxTrue_unsupervised/subject7_L3_MO1_E2_S5_GE1_GL1_H2_MA2_input0.npy,
/zfsauton/data/straps/MMPD/subject7/p7_9.mat,7,9,Incandescent,Rotation,False,5,male,True,False,False,3,2,2,5,1,1,2,2,2,/zfsauton/data/straps/MMPD/processed_dataset/MMPD_SizeW72_SizeH72_ClipLength180_DataTypeRaw_DataAugNone_LabelTypeRaw_Crop_faceTrue_BackendY11F_Large_boxFalse_Large_size1.5_Dyamic_DetTrue_det_len30_Median_face_boxTrue_unsupervised/subject7_L3_MO2_E2_S5_GE1_GL1_H2_MA2_label0.npy | /zfsauton/data/straps/MMPD/processed_dataset/MMPD_SizeW72_SizeH72_ClipLength180_DataTypeRaw_DataAugNone_LabelTypeRaw_Crop_faceTrue_BackendY11F_Large_boxFalse_Large_size1.5_Dyamic_DetTrue_det_len30_Median_face_boxTrue_unsupervised/subject7_L3_MO2_E2_S5_GE1_GL1_H2_MA2_input0.npy,
/zfsauton/data/straps/MMPD/subject8/p8_0.mat,8,0,LED-low,Stationary,False,6,male,True,False,False,1,1,2,6,1,1,2,2,2,/zfsauton/data/straps/MMPD/processed_dataset/MMPD_SizeW72_SizeH72_ClipLength180_DataTypeRaw_DataAugNone_LabelTypeRaw_Crop_faceTrue_BackendY11F_Large_boxFalse_Large_size1.5_Dyamic_DetTrue_det_len30_Median_face_boxTrue_unsupervised/subject8_L1_MO1_E2_S6_GE1_GL1_H2_MA2_label0.npy | /zfsauton/data/straps/MMPD/processed_dataset/MMPD_SizeW72_SizeH72_ClipLength180_DataTypeRaw_DataAugNone_LabelTypeRaw_Crop_faceTrue_BackendY11F_Large_boxFalse_Large_size1.5_Dyamic_DetTrue_det_len30_Median_face_boxTrue_unsupervised/subject8_L1_MO1_E2_S6_GE1_GL1_H2_MA2_input0.npy,
/zfsauton/data/straps/MMPD/subject8/p8_1.mat,8,1,LED-low,Rotation,False,6,male,True,False,False,1,2,2,6,1,1,2,2,2,/zfsauton/data/straps/MMPD/processed_dataset/MMPD_SizeW72_SizeH72_ClipLength180_DataTypeRaw_DataAugNone_LabelTypeRaw_Crop_faceTrue_BackendY11F_Large_boxFalse_Large_size1.5_Dyamic_DetTrue_det_len30_Median_face_boxTrue_unsupervised/subject8_L1_MO2_E2_S6_GE1_GL1_H2_MA2_label0.npy | /zfsauton/data/straps/MMPD/processed_dataset/MMPD_SizeW72_SizeH72_ClipLength180_DataTypeRaw_DataAugNone_LabelTypeRaw_Crop_faceTrue_BackendY11F_Large_boxFalse_Large_size1.5_Dyamic_DetTrue_det_len30_Median_face_boxTrue_unsupervised/subject8_L1_MO2_E2_S6_GE1_GL1_H2_MA2_input0.npy,
/zfsauton/data/straps/MMPD/subject8/p8_10.mat,8,10,Incandescent,Talking,False,6,male,True,False,False,3,3,2,6,1,1,2,2,2,/zfsauton/data/straps/MMPD/processed_dataset/MMPD_SizeW72_SizeH72_ClipLength180_DataTypeRaw_DataAugNone_LabelTypeRaw_Crop_faceTrue_BackendY11F_Large_boxFalse_Large_size1.5_Dyamic_DetTrue_det_len30_Median_face_boxTrue_unsupervised/subject8_L3_MO3_E2_S6_GE1_GL1_H2_MA2_input0.npy | /zfsauton/data/straps/MMPD/processed_dataset/MMPD_SizeW72_SizeH72_ClipLength180_DataTypeRaw_DataAugNone_LabelTypeRaw_Crop_faceTrue_BackendY11F_Large_boxFalse_Large_size1.5_Dyamic_DetTrue_det_len30_Median_face_boxTrue_unsupervised/subject8_L3_MO3_E2_S6_GE1_GL1_H2_MA2_label0.npy,
/zfsauton/data/straps/MMPD/subject8/p8_11.mat,8,11,Incandescent,Walking,False,6,male,True,False,False,3,4,2,6,1,1,2,2,2,/zfsauton/data/straps/MMPD/processed_dataset/MMPD_SizeW72_SizeH72_ClipLength180_DataTypeRaw_DataAugNone_LabelTypeRaw_Crop_faceTrue_BackendY11F_Large_boxFalse_Large_size1.5_Dyamic_DetTrue_det_len30_Median_face_boxTrue_unsupervised/subject8_L3_MO4_E2_S6_GE1_GL1_H2_MA2_label0.npy | /zfsauton/data/straps/MMPD/processed_dataset/MMPD_SizeW72_SizeH72_ClipLength180_DataTypeRaw_DataAugNone_LabelTypeRaw_Crop_faceTrue_BackendY11F_Large_boxFalse_Large_size1.5_Dyamic_DetTrue_det_len30_Median_face_boxTrue_unsupervised/subject8_L3_MO4_E2_S6_GE1_GL1_H2_MA2_input0.npy,
/zfsauton/data/straps/MMPD/subject8/p8_12.mat,8,12,Incandescent,Stationary (after exercise),True,6,male,True,False,False,3,1,1,6,1,1,2,2,2,/zfsauton/data/straps/MMPD/processed_dataset/MMPD_SizeW72_SizeH72_ClipLength180_DataTypeRaw_DataAugNone_LabelTypeRaw_Crop_faceTrue_BackendY11F_Large_boxFalse_Large_size1.5_Dyamic_DetTrue_det_len30_Median_face_boxTrue_unsupervised/subject8_L3_MO1_E1_S6_GE1_GL1_H2_MA2_label0.npy | /zfsauton/data/straps/MMPD/processed_dataset/MMPD_SizeW72_SizeH72_ClipLength180_DataTypeRaw_DataAugNone_LabelTypeRaw_Crop_faceTrue_BackendY11F_Large_boxFalse_Large_size1.5_Dyamic_DetTrue_det_len30_Median_face_boxTrue_unsupervised/subject8_L3_MO1_E1_S6_GE1_GL1_H2_MA2_input0.npy,
/zfsauton/data/straps/MMPD/subject8/p8_13.mat,8,13,LED-high,Stationary (after exercise),True,6,male,True,False,False,2,1,1,6,1,1,2,2,2,/zfsauton/data/straps/MMPD/processed_dataset/MMPD_SizeW72_SizeH72_ClipLength180_DataTypeRaw_DataAugNone_LabelTypeRaw_Crop_faceTrue_BackendY11F_Large_boxFalse_Large_size1.5_Dyamic_DetTrue_det_len30_Median_face_boxTrue_unsupervised/subject8_L2_MO1_E1_S6_GE1_GL1_H2_MA2_input0.npy | /zfsauton/data/straps/MMPD/processed_dataset/MMPD_SizeW72_SizeH72_ClipLength180_DataTypeRaw_DataAugNone_LabelTypeRaw_Crop_faceTrue_BackendY11F_Large_boxFalse_Large_size1.5_Dyamic_DetTrue_det_len30_Median_face_boxTrue_unsupervised/subject8_L2_MO1_E1_S6_GE1_GL1_H2_MA2_label0.npy,
/zfsauton/data/straps/MMPD/subject8/p8_14.mat,8,14,LED-low,Stationary (after exercise),True,6,male,True,False,False,1,1,1,6,1,1,2,2,2,/zfsauton/data/straps/MMPD/processed_dataset/MMPD_SizeW72_SizeH72_ClipLength180_DataTypeRaw_DataAugNone_LabelTypeRaw_Crop_faceTrue_BackendY11F_Large_boxFalse_Large_size1.5_Dyamic_DetTrue_det_len30_Median_face_boxTrue_unsupervised/subject8_L1_MO1_E1_S6_GE1_GL1_H2_MA2_input0.npy | /zfsauton/data/straps/MMPD/processed_dataset/MMPD_SizeW72_SizeH72_ClipLength180_DataTypeRaw_DataAugNone_LabelTypeRaw_Crop_faceTrue_BackendY11F_Large_boxFalse_Large_size1.5_Dyamic_DetTrue_det_len30_Median_face_boxTrue_unsupervised/subject8_L1_MO1_E1_S6_GE1_GL1_H2_MA2_label0.npy,
/zfsauton/data/straps/MMPD/subject8/p8_15.mat,8,15,Nature,Stationary (after exercise),True,6,male,True,False,False,4,1,1,6,1,1,2,2,2,/zfsauton/data/straps/MMPD/processed_dataset/MMPD_SizeW72_SizeH72_ClipLength180_DataTypeRaw_DataAugNone_LabelTypeRaw_Crop_faceTrue_BackendY11F_Large_boxFalse_Large_size1.5_Dyamic_DetTrue_det_len30_Median_face_boxTrue_unsupervised/subject8_L4_MO1_E1_S6_GE1_GL1_H2_MA2_label0.npy | /zfsauton/data/straps/MMPD/processed_dataset/MMPD_SizeW72_SizeH72_ClipLength180_DataTypeRaw_DataAugNone_LabelTypeRaw_Crop_faceTrue_BackendY11F_Large_boxFalse_Large_size1.5_Dyamic_DetTrue_det_len30_Median_face_boxTrue_unsupervised/subject8_L4_MO1_E1_S6_GE1_GL1_H2_MA2_input0.npy,
/zfsauton/data/straps/MMPD/subject8/p8_16.mat,8,16,Nature,Stationary,False,6,male,True,False,False,4,1,2,6,1,1,2,2,2,/zfsauton/data/straps/MMPD/processed_dataset/MMPD_SizeW72_SizeH72_ClipLength180_DataTypeRaw_DataAugNone_LabelTypeRaw_Crop_faceTrue_BackendY11F_Large_boxFalse_Large_size1.5_Dyamic_DetTrue_det_len30_Median_face_boxTrue_unsupervised/subject8_L4_MO1_E2_S6_GE1_GL1_H2_MA2_input0.npy | /zfsauton/data/straps/MMPD/processed_dataset/MMPD_SizeW72_SizeH72_ClipLength180_DataTypeRaw_DataAugNone_LabelTypeRaw_Crop_faceTrue_BackendY11F_Large_boxFalse_Large_size1.5_Dyamic_DetTrue_det_len30_Median_face_boxTrue_unsupervised/subject8_L4_MO1_E2_S6_GE1_GL1_H2_MA2_label0.npy,
/zfsauton/data/straps/MMPD/subject8/p8_17.mat,8,17,Nature,Rotation,False,6,male,True,False,False,4,2,2,6,1,1,2,2,2,/zfsauton/data/straps/MMPD/processed_dataset/MMPD_SizeW72_SizeH72_ClipLength180_DataTypeRaw_DataAugNone_LabelTypeRaw_Crop_faceTrue_BackendY11F_Large_boxFalse_Large_size1.5_Dyamic_DetTrue_det_len30_Median_face_boxTrue_unsupervised/subject8_L4_MO2_E2_S6_GE1_GL1_H2_MA2_input0.npy | /zfsauton/data/straps/MMPD/processed_dataset/MMPD_SizeW72_SizeH72_ClipLength180_DataTypeRaw_DataAugNone_LabelTypeRaw_Crop_faceTrue_BackendY11F_Large_boxFalse_Large_size1.5_Dyamic_DetTrue_det_len30_Median_face_boxTrue_unsupervised/subject8_L4_MO2_E2_S6_GE1_GL1_H2_MA2_label0.npy,
/zfsauton/data/straps/MMPD/subject8/p8_18.mat,8,18,Nature,Talking,False,6,male,True,False,False,4,3,2,6,1,1,2,2,2,/zfsauton/data/straps/MMPD/processed_dataset/MMPD_SizeW72_SizeH72_ClipLength180_DataTypeRaw_DataAugNone_LabelTypeRaw_Crop_faceTrue_BackendY11F_Large_boxFalse_Large_size1.5_Dyamic_DetTrue_det_len30_Median_face_boxTrue_unsupervised/subject8_L4_MO3_E2_S6_GE1_GL1_H2_MA2_input0.npy | /zfsauton/data/straps/MMPD/processed_dataset/MMPD_SizeW72_SizeH72_ClipLength180_DataTypeRaw_DataAugNone_LabelTypeRaw_Crop_faceTrue_BackendY11F_Large_boxFalse_Large_size1.5_Dyamic_DetTrue_det_len30_Median_face_boxTrue_unsupervised/subject8_L4_MO3_E2_S6_GE1_GL1_H2_MA2_label0.npy,
/zfsauton/data/straps/MMPD/subject8/p8_19.mat,8,19,Nature,Walking,False,6,male,True,False,False,4,4,2,6,1,1,2,2,2,/zfsauton/data/straps/MMPD/processed_dataset/MMPD_SizeW72_SizeH72_ClipLength180_DataTypeRaw_DataAugNone_LabelTypeRaw_Crop_faceTrue_BackendY11F_Large_boxFalse_Large_size1.5_Dyamic_DetTrue_det_len30_Median_face_boxTrue_unsupervised/subject8_L4_MO4_E2_S6_GE1_GL1_H2_MA2_label0.npy | /zfsauton/data/straps/MMPD/processed_dataset/MMPD_SizeW72_SizeH72_ClipLength180_DataTypeRaw_DataAugNone_LabelTypeRaw_Crop_faceTrue_BackendY11F_Large_boxFalse_Large_size1.5_Dyamic_DetTrue_det_len30_Median_face_boxTrue_unsupervised/subject8_L4_MO4_E2_S6_GE1_GL1_H2_MA2_input0.npy,
/zfsauton/data/straps/MMPD/subject8/p8_2.mat,8,2,LED-low,Talking,False,6,male,True,False,False,1,3,2,6,1,1,2,2,2,/zfsauton/data/straps/MMPD/processed_dataset/MMPD_SizeW72_SizeH72_ClipLength180_DataTypeRaw_DataAugNone_LabelTypeRaw_Crop_faceTrue_BackendY11F_Large_boxFalse_Large_size1.5_Dyamic_DetTrue_det_len30_Median_face_boxTrue_unsupervised/subject8_L1_MO3_E2_S6_GE1_GL1_H2_MA2_label0.npy | /zfsauton/data/straps/MMPD/processed_dataset/MMPD_SizeW72_SizeH72_ClipLength180_DataTypeRaw_DataAugNone_LabelTypeRaw_Crop_faceTrue_BackendY11F_Large_boxFalse_Large_size1.5_Dyamic_DetTrue_det_len30_Median_face_boxTrue_unsupervised/subject8_L1_MO3_E2_S6_GE1_GL1_H2_MA2_input0.npy,
/zfsauton/data/straps/MMPD/subject8/p8_3.mat,8,3,LED-low,Walking,False,6,male,True,False,False,1,4,2,6,1,1,2,2,2,/zfsauton/data/straps/MMPD/processed_dataset/MMPD_SizeW72_SizeH72_ClipLength180_DataTypeRaw_DataAugNone_LabelTypeRaw_Crop_faceTrue_BackendY11F_Large_boxFalse_Large_size1.5_Dyamic_DetTrue_det_len30_Median_face_boxTrue_unsupervised/subject8_L1_MO4_E2_S6_GE1_GL1_H2_MA2_input0.npy | /zfsauton/data/straps/MMPD/processed_dataset/MMPD_SizeW72_SizeH72_ClipLength180_DataTypeRaw_DataAugNone_LabelTypeRaw_Crop_faceTrue_BackendY11F_Large_boxFalse_Large_size1.5_Dyamic_DetTrue_det_len30_Median_face_boxTrue_unsupervised/subject8_L1_MO4_E2_S6_GE1_GL1_H2_MA2_label0.npy,
/zfsauton/data/straps/MMPD/subject8/p8_4.mat,8,4,LED-high,Stationary,False,6,male,True,False,False,2,1,2,6,1,1,2,2,2,/zfsauton/data/straps/MMPD/processed_dataset/MMPD_SizeW72_SizeH72_ClipLength180_DataTypeRaw_DataAugNone_LabelTypeRaw_Crop_faceTrue_BackendY11F_Large_boxFalse_Large_size1.5_Dyamic_DetTrue_det_len30_Median_face_boxTrue_unsupervised/subject8_L2_MO1_E2_S6_GE1_GL1_H2_MA2_label0.npy | /zfsauton/data/straps/MMPD/processed_dataset/MMPD_SizeW72_SizeH72_ClipLength180_DataTypeRaw_DataAugNone_LabelTypeRaw_Crop_faceTrue_BackendY11F_Large_boxFalse_Large_size1.5_Dyamic_DetTrue_det_len30_Median_face_boxTrue_unsupervised/subject8_L2_MO1_E2_S6_GE1_GL1_H2_MA2_input0.npy,
/zfsauton/data/straps/MMPD/subject8/p8_5.mat,8,5,LED-high,Rotation,False,6,male,True,False,False,2,2,2,6,1,1,2,2,2,/zfsauton/data/straps/MMPD/processed_dataset/MMPD_SizeW72_SizeH72_ClipLength180_DataTypeRaw_DataAugNone_LabelTypeRaw_Crop_faceTrue_BackendY11F_Large_boxFalse_Large_size1.5_Dyamic_DetTrue_det_len30_Median_face_boxTrue_unsupervised/subject8_L2_MO2_E2_S6_GE1_GL1_H2_MA2_label0.npy | /zfsauton/data/straps/MMPD/processed_dataset/MMPD_SizeW72_SizeH72_ClipLength180_DataTypeRaw_DataAugNone_LabelTypeRaw_Crop_faceTrue_BackendY11F_Large_boxFalse_Large_size1.5_Dyamic_DetTrue_det_len30_Median_face_boxTrue_unsupervised/subject8_L2_MO2_E2_S6_GE1_GL1_H2_MA2_input0.npy,
/zfsauton/data/straps/MMPD/subject8/p8_6.mat,8,6,LED-high,Talking,False,6,male,True,False,False,2,3,2,6,1,1,2,2,2,/zfsauton/data/straps/MMPD/processed_dataset/MMPD_SizeW72_SizeH72_ClipLength180_DataTypeRaw_DataAugNone_LabelTypeRaw_Crop_faceTrue_BackendY11F_Large_boxFalse_Large_size1.5_Dyamic_DetTrue_det_len30_Median_face_boxTrue_unsupervised/subject8_L2_MO3_E2_S6_GE1_GL1_H2_MA2_label0.npy | /zfsauton/data/straps/MMPD/processed_dataset/MMPD_SizeW72_SizeH72_ClipLength180_DataTypeRaw_DataAugNone_LabelTypeRaw_Crop_faceTrue_BackendY11F_Large_boxFalse_Large_size1.5_Dyamic_DetTrue_det_len30_Median_face_boxTrue_unsupervised/subject8_L2_MO3_E2_S6_GE1_GL1_H2_MA2_input0.npy,
/zfsauton/data/straps/MMPD/subject8/p8_7.mat,8,7,LED-high,Walking,False,6,male,True,False,False,2,4,2,6,1,1,2,2,2,/zfsauton/data/straps/MMPD/processed_dataset/MMPD_SizeW72_SizeH72_ClipLength180_DataTypeRaw_DataAugNone_LabelTypeRaw_Crop_faceTrue_BackendY11F_Large_boxFalse_Large_size1.5_Dyamic_DetTrue_det_len30_Median_face_boxTrue_unsupervised/subject8_L2_MO4_E2_S6_GE1_GL1_H2_MA2_input0.npy | /zfsauton/data/straps/MMPD/processed_dataset/MMPD_SizeW72_SizeH72_ClipLength180_DataTypeRaw_DataAugNone_LabelTypeRaw_Crop_faceTrue_BackendY11F_Large_boxFalse_Large_size1.5_Dyamic_DetTrue_det_len30_Median_face_boxTrue_unsupervised/subject8_L2_MO4_E2_S6_GE1_GL1_H2_MA2_label0.npy,
/zfsauton/data/straps/MMPD/subject8/p8_8.mat,8,8,Incandescent,Stationary,False,6,male,True,False,False,3,1,2,6,1,1,2,2,2,/zfsauton/data/straps/MMPD/processed_dataset/MMPD_SizeW72_SizeH72_ClipLength180_DataTypeRaw_DataAugNone_LabelTypeRaw_Crop_faceTrue_BackendY11F_Large_boxFalse_Large_size1.5_Dyamic_DetTrue_det_len30_Median_face_boxTrue_unsupervised/subject8_L3_MO1_E2_S6_GE1_GL1_H2_MA2_input0.npy | /zfsauton/data/straps/MMPD/processed_dataset/MMPD_SizeW72_SizeH72_ClipLength180_DataTypeRaw_DataAugNone_LabelTypeRaw_Crop_faceTrue_BackendY11F_Large_boxFalse_Large_size1.5_Dyamic_DetTrue_det_len30_Median_face_boxTrue_unsupervised/subject8_L3_MO1_E2_S6_GE1_GL1_H2_MA2_label0.npy,
/zfsauton/data/straps/MMPD/subject8/p8_9.mat,8,9,Incandescent,Rotation,False,6,male,True,False,False,3,2,2,6,1,1,2,2,2,/zfsauton/data/straps/MMPD/processed_dataset/MMPD_SizeW72_SizeH72_ClipLength180_DataTypeRaw_DataAugNone_LabelTypeRaw_Crop_faceTrue_BackendY11F_Large_boxFalse_Large_size1.5_Dyamic_DetTrue_det_len30_Median_face_boxTrue_unsupervised/subject8_L3_MO2_E2_S6_GE1_GL1_H2_MA2_input0.npy | /zfsauton/data/straps/MMPD/processed_dataset/MMPD_SizeW72_SizeH72_ClipLength180_DataTypeRaw_DataAugNone_LabelTypeRaw_Crop_faceTrue_BackendY11F_Large_boxFalse_Large_size1.5_Dyamic_DetTrue_det_len30_Median_face_boxTrue_unsupervised/subject8_L3_MO2_E2_S6_GE1_GL1_H2_MA2_label0.npy,
/zfsauton/data/straps/MMPD/subject9/p9_0.mat,9,0,LED-low,Stationary,False,3,female,True,False,False,1,1,2,3,2,1,2,2,2,/zfsauton/data/straps/MMPD/processed_dataset/MMPD_SizeW72_SizeH72_ClipLength180_DataTypeRaw_DataAugNone_LabelTypeRaw_Crop_faceTrue_BackendY11F_Large_boxFalse_Large_size1.5_Dyamic_DetTrue_det_len30_Median_face_boxTrue_unsupervised/subject9_L1_MO1_E2_S3_GE2_GL1_H2_MA2_label0.npy | /zfsauton/data/straps/MMPD/processed_dataset/MMPD_SizeW72_SizeH72_ClipLength180_DataTypeRaw_DataAugNone_LabelTypeRaw_Crop_faceTrue_BackendY11F_Large_boxFalse_Large_size1.5_Dyamic_DetTrue_det_len30_Median_face_boxTrue_unsupervised/subject9_L1_MO1_E2_S3_GE2_GL1_H2_MA2_input0.npy,
/zfsauton/data/straps/MMPD/subject9/p9_1.mat,9,1,LED-low,Rotation,False,3,female,True,False,False,1,2,2,3,2,1,2,2,2,/zfsauton/data/straps/MMPD/processed_dataset/MMPD_SizeW72_SizeH72_ClipLength180_DataTypeRaw_DataAugNone_LabelTypeRaw_Crop_faceTrue_BackendY11F_Large_boxFalse_Large_size1.5_Dyamic_DetTrue_det_len30_Median_face_boxTrue_unsupervised/subject9_L1_MO2_E2_S3_GE2_GL1_H2_MA2_label0.npy | /zfsauton/data/straps/MMPD/processed_dataset/MMPD_SizeW72_SizeH72_ClipLength180_DataTypeRaw_DataAugNone_LabelTypeRaw_Crop_faceTrue_BackendY11F_Large_boxFalse_Large_size1.5_Dyamic_DetTrue_det_len30_Median_face_boxTrue_unsupervised/subject9_L1_MO2_E2_S3_GE2_GL1_H2_MA2_input0.npy,
/zfsauton/data/straps/MMPD/subject9/p9_10.mat,9,10,Incandescent,Talking,False,3,female,True,False,False,3,3,2,3,2,1,2,2,2,/zfsauton/data/straps/MMPD/processed_dataset/MMPD_SizeW72_SizeH72_ClipLength180_DataTypeRaw_DataAugNone_LabelTypeRaw_Crop_faceTrue_BackendY11F_Large_boxFalse_Large_size1.5_Dyamic_DetTrue_det_len30_Median_face_boxTrue_unsupervised/subject9_L3_MO3_E2_S3_GE2_GL1_H2_MA2_input0.npy | /zfsauton/data/straps/MMPD/processed_dataset/MMPD_SizeW72_SizeH72_ClipLength180_DataTypeRaw_DataAugNone_LabelTypeRaw_Crop_faceTrue_BackendY11F_Large_boxFalse_Large_size1.5_Dyamic_DetTrue_det_len30_Median_face_boxTrue_unsupervised/subject9_L3_MO3_E2_S3_GE2_GL1_H2_MA2_label0.npy,
/zfsauton/data/straps/MMPD/subject9/p9_11.mat,9,11,Incandescent,Walking,False,3,female,True,False,False,3,4,2,3,2,1,2,2,2,/zfsauton/data/straps/MMPD/processed_dataset/MMPD_SizeW72_SizeH72_ClipLength180_DataTypeRaw_DataAugNone_LabelTypeRaw_Crop_faceTrue_BackendY11F_Large_boxFalse_Large_size1.5_Dyamic_DetTrue_det_len30_Median_face_boxTrue_unsupervised/subject9_L3_MO4_E2_S3_GE2_GL1_H2_MA2_label0.npy | /zfsauton/data/straps/MMPD/processed_dataset/MMPD_SizeW72_SizeH72_ClipLength180_DataTypeRaw_DataAugNone_LabelTypeRaw_Crop_faceTrue_BackendY11F_Large_boxFalse_Large_size1.5_Dyamic_DetTrue_det_len30_Median_face_boxTrue_unsupervised/subject9_L3_MO4_E2_S3_GE2_GL1_H2_MA2_input0.npy,
/zfsauton/data/straps/MMPD/subject9/p9_12.mat,9,12,Incandescent,Stationary (after exercise),True,3,female,True,False,False,3,1,1,3,2,1,2,2,2,/zfsauton/data/straps/MMPD/processed_dataset/MMPD_SizeW72_SizeH72_ClipLength180_DataTypeRaw_DataAugNone_LabelTypeRaw_Crop_faceTrue_BackendY11F_Large_boxFalse_Large_size1.5_Dyamic_DetTrue_det_len30_Median_face_boxTrue_unsupervised/subject9_L3_MO1_E1_S3_GE2_GL1_H2_MA2_label0.npy | /zfsauton/data/straps/MMPD/processed_dataset/MMPD_SizeW72_SizeH72_ClipLength180_DataTypeRaw_DataAugNone_LabelTypeRaw_Crop_faceTrue_BackendY11F_Large_boxFalse_Large_size1.5_Dyamic_DetTrue_det_len30_Median_face_boxTrue_unsupervised/subject9_L3_MO1_E1_S3_GE2_GL1_H2_MA2_input0.npy,
/zfsauton/data/straps/MMPD/subject9/p9_13.mat,9,13,LED-high,Stationary (after exercise),True,3,female,True,False,False,2,1,1,3,2,1,2,2,2,/zfsauton/data/straps/MMPD/processed_dataset/MMPD_SizeW72_SizeH72_ClipLength180_DataTypeRaw_DataAugNone_LabelTypeRaw_Crop_faceTrue_BackendY11F_Large_boxFalse_Large_size1.5_Dyamic_DetTrue_det_len30_Median_face_boxTrue_unsupervised/subject9_L2_MO1_E1_S3_GE2_GL1_H2_MA2_input0.npy | /zfsauton/data/straps/MMPD/processed_dataset/MMPD_SizeW72_SizeH72_ClipLength180_DataTypeRaw_DataAugNone_LabelTypeRaw_Crop_faceTrue_BackendY11F_Large_boxFalse_Large_size1.5_Dyamic_DetTrue_det_len30_Median_face_boxTrue_unsupervised/subject9_L2_MO1_E1_S3_GE2_GL1_H2_MA2_label0.npy,
/zfsauton/data/straps/MMPD/subject9/p9_14.mat,9,14,LED-low,Stationary (after exercise),True,3,female,True,False,False,1,1,1,3,2,1,2,2,2,/zfsauton/data/straps/MMPD/processed_dataset/MMPD_SizeW72_SizeH72_ClipLength180_DataTypeRaw_DataAugNone_LabelTypeRaw_Crop_faceTrue_BackendY11F_Large_boxFalse_Large_size1.5_Dyamic_DetTrue_det_len30_Median_face_boxTrue_unsupervised/subject9_L1_MO1_E1_S3_GE2_GL1_H2_MA2_input0.npy | /zfsauton/data/straps/MMPD/processed_dataset/MMPD_SizeW72_SizeH72_ClipLength180_DataTypeRaw_DataAugNone_LabelTypeRaw_Crop_faceTrue_BackendY11F_Large_boxFalse_Large_size1.5_Dyamic_DetTrue_det_len30_Median_face_boxTrue_unsupervised/subject9_L1_MO1_E1_S3_GE2_GL1_H2_MA2_label0.npy,
/zfsauton/data/straps/MMPD/subject9/p9_15.mat,9,15,Nature,Stationary (after exercise),True,3,female,True,False,False,4,1,1,3,2,1,2,2,2,/zfsauton/data/straps/MMPD/processed_dataset/MMPD_SizeW72_SizeH72_ClipLength180_DataTypeRaw_DataAugNone_LabelTypeRaw_Crop_faceTrue_BackendY11F_Large_boxFalse_Large_size1.5_Dyamic_DetTrue_det_len30_Median_face_boxTrue_unsupervised/subject9_L4_MO1_E1_S3_GE2_GL1_H2_MA2_label0.npy | /zfsauton/data/straps/MMPD/processed_dataset/MMPD_SizeW72_SizeH72_ClipLength180_DataTypeRaw_DataAugNone_LabelTypeRaw_Crop_faceTrue_BackendY11F_Large_boxFalse_Large_size1.5_Dyamic_DetTrue_det_len30_Median_face_boxTrue_unsupervised/subject9_L4_MO1_E1_S3_GE2_GL1_H2_MA2_input0.npy,
/zfsauton/data/straps/MMPD/subject9/p9_16.mat,9,16,Nature,Stationary,False,3,female,True,False,False,4,1,2,3,2,1,2,2,2,/zfsauton/data/straps/MMPD/processed_dataset/MMPD_SizeW72_SizeH72_ClipLength180_DataTypeRaw_DataAugNone_LabelTypeRaw_Crop_faceTrue_BackendY11F_Large_boxFalse_Large_size1.5_Dyamic_DetTrue_det_len30_Median_face_boxTrue_unsupervised/subject9_L4_MO1_E2_S3_GE2_GL1_H2_MA2_input0.npy | /zfsauton/data/straps/MMPD/processed_dataset/MMPD_SizeW72_SizeH72_ClipLength180_DataTypeRaw_DataAugNone_LabelTypeRaw_Crop_faceTrue_BackendY11F_Large_boxFalse_Large_size1.5_Dyamic_DetTrue_det_len30_Median_face_boxTrue_unsupervised/subject9_L4_MO1_E2_S3_GE2_GL1_H2_MA2_label0.npy,
/zfsauton/data/straps/MMPD/subject9/p9_17.mat,9,17,Nature,Rotation,False,3,female,True,False,False,4,2,2,3,2,1,2,2,2,/zfsauton/data/straps/MMPD/processed_dataset/MMPD_SizeW72_SizeH72_ClipLength180_DataTypeRaw_DataAugNone_LabelTypeRaw_Crop_faceTrue_BackendY11F_Large_boxFalse_Large_size1.5_Dyamic_DetTrue_det_len30_Median_face_boxTrue_unsupervised/subject9_L4_MO2_E2_S3_GE2_GL1_H2_MA2_input0.npy | /zfsauton/data/straps/MMPD/processed_dataset/MMPD_SizeW72_SizeH72_ClipLength180_DataTypeRaw_DataAugNone_LabelTypeRaw_Crop_faceTrue_BackendY11F_Large_boxFalse_Large_size1.5_Dyamic_DetTrue_det_len30_Median_face_boxTrue_unsupervised/subject9_L4_MO2_E2_S3_GE2_GL1_H2_MA2_label0.npy,
/zfsauton/data/straps/MMPD/subject9/p9_18.mat,9,18,Nature,Talking,False,3,female,True,False,False,4,3,2,3,2,1,2,2,2,/zfsauton/data/straps/MMPD/processed_dataset/MMPD_SizeW72_SizeH72_ClipLength180_DataTypeRaw_DataAugNone_LabelTypeRaw_Crop_faceTrue_BackendY11F_Large_boxFalse_Large_size1.5_Dyamic_DetTrue_det_len30_Median_face_boxTrue_unsupervised/subject9_L4_MO3_E2_S3_GE2_GL1_H2_MA2_input0.npy | /zfsauton/data/straps/MMPD/processed_dataset/MMPD_SizeW72_SizeH72_ClipLength180_DataTypeRaw_DataAugNone_LabelTypeRaw_Crop_faceTrue_BackendY11F_Large_boxFalse_Large_size1.5_Dyamic_DetTrue_det_len30_Median_face_boxTrue_unsupervised/subject9_L4_MO3_E2_S3_GE2_GL1_H2_MA2_label0.npy,
/zfsauton/data/straps/MMPD/subject9/p9_19.mat,9,19,Nature,Walking,False,3,female,True,False,False,4,4,2,3,2,1,2,2,2,/zfsauton/data/straps/MMPD/processed_dataset/MMPD_SizeW72_SizeH72_ClipLength180_DataTypeRaw_DataAugNone_LabelTypeRaw_Crop_faceTrue_BackendY11F_Large_boxFalse_Large_size1.5_Dyamic_DetTrue_det_len30_Median_face_boxTrue_unsupervised/subject9_L4_MO4_E2_S3_GE2_GL1_H2_MA2_label0.npy | /zfsauton/data/straps/MMPD/processed_dataset/MMPD_SizeW72_SizeH72_ClipLength180_DataTypeRaw_DataAugNone_LabelTypeRaw_Crop_faceTrue_BackendY11F_Large_boxFalse_Large_size1.5_Dyamic_DetTrue_det_len30_Median_face_boxTrue_unsupervised/subject9_L4_MO4_E2_S3_GE2_GL1_H2_MA2_input0.npy,
/zfsauton/data/straps/MMPD/subject9/p9_2.mat,9,2,LED-low,Talking,False,3,female,True,False,False,1,3,2,3,2,1,2,2,2,/zfsauton/data/straps/MMPD/processed_dataset/MMPD_SizeW72_SizeH72_ClipLength180_DataTypeRaw_DataAugNone_LabelTypeRaw_Crop_faceTrue_BackendY11F_Large_boxFalse_Large_size1.5_Dyamic_DetTrue_det_len30_Median_face_boxTrue_unsupervised/subject9_L1_MO3_E2_S3_GE2_GL1_H2_MA2_label0.npy | /zfsauton/data/straps/MMPD/processed_dataset/MMPD_SizeW72_SizeH72_ClipLength180_DataTypeRaw_DataAugNone_LabelTypeRaw_Crop_faceTrue_BackendY11F_Large_boxFalse_Large_size1.5_Dyamic_DetTrue_det_len30_Median_face_boxTrue_unsupervised/subject9_L1_MO3_E2_S3_GE2_GL1_H2_MA2_input0.npy,
/zfsauton/data/straps/MMPD/subject9/p9_3.mat,9,3,LED-low,Walking,False,3,female,True,False,False,1,4,2,3,2,1,2,2,2,/zfsauton/data/straps/MMPD/processed_dataset/MMPD_SizeW72_SizeH72_ClipLength180_DataTypeRaw_DataAugNone_LabelTypeRaw_Crop_faceTrue_BackendY11F_Large_boxFalse_Large_size1.5_Dyamic_DetTrue_det_len30_Median_face_boxTrue_unsupervised/subject9_L1_MO4_E2_S3_GE2_GL1_H2_MA2_input0.npy | /zfsauton/data/straps/MMPD/processed_dataset/MMPD_SizeW72_SizeH72_ClipLength180_DataTypeRaw_DataAugNone_LabelTypeRaw_Crop_faceTrue_BackendY11F_Large_boxFalse_Large_size1.5_Dyamic_DetTrue_det_len30_Median_face_boxTrue_unsupervised/subject9_L1_MO4_E2_S3_GE2_GL1_H2_MA2_label0.npy,
/zfsauton/data/straps/MMPD/subject9/p9_4.mat,9,4,LED-high,Stationary,False,3,female,True,False,False,2,1,2,3,2,1,2,2,2,/zfsauton/data/straps/MMPD/processed_dataset/MMPD_SizeW72_SizeH72_ClipLength180_DataTypeRaw_DataAugNone_LabelTypeRaw_Crop_faceTrue_BackendY11F_Large_boxFalse_Large_size1.5_Dyamic_DetTrue_det_len30_Median_face_boxTrue_unsupervised/subject9_L2_MO1_E2_S3_GE2_GL1_H2_MA2_label0.npy | /zfsauton/data/straps/MMPD/processed_dataset/MMPD_SizeW72_SizeH72_ClipLength180_DataTypeRaw_DataAugNone_LabelTypeRaw_Crop_faceTrue_BackendY11F_Large_boxFalse_Large_size1.5_Dyamic_DetTrue_det_len30_Median_face_boxTrue_unsupervised/subject9_L2_MO1_E2_S3_GE2_GL1_H2_MA2_input0.npy,
/zfsauton/data/straps/MMPD/subject9/p9_5.mat,9,5,LED-high,Rotation,False,3,female,True,False,False,2,2,2,3,2,1,2,2,2,/zfsauton/data/straps/MMPD/processed_dataset/MMPD_SizeW72_SizeH72_ClipLength180_DataTypeRaw_DataAugNone_LabelTypeRaw_Crop_faceTrue_BackendY11F_Large_boxFalse_Large_size1.5_Dyamic_DetTrue_det_len30_Median_face_boxTrue_unsupervised/subject9_L2_MO2_E2_S3_GE2_GL1_H2_MA2_label0.npy | /zfsauton/data/straps/MMPD/processed_dataset/MMPD_SizeW72_SizeH72_ClipLength180_DataTypeRaw_DataAugNone_LabelTypeRaw_Crop_faceTrue_BackendY11F_Large_boxFalse_Large_size1.5_Dyamic_DetTrue_det_len30_Median_face_boxTrue_unsupervised/subject9_L2_MO2_E2_S3_GE2_GL1_H2_MA2_input0.npy,
/zfsauton/data/straps/MMPD/subject9/p9_6.mat,9,6,LED-high,Talking,False,3,female,True,False,False,2,3,2,3,2,1,2,2,2,/zfsauton/data/straps/MMPD/processed_dataset/MMPD_SizeW72_SizeH72_ClipLength180_DataTypeRaw_DataAugNone_LabelTypeRaw_Crop_faceTrue_BackendY11F_Large_boxFalse_Large_size1.5_Dyamic_DetTrue_det_len30_Median_face_boxTrue_unsupervised/subject9_L2_MO3_E2_S3_GE2_GL1_H2_MA2_label0.npy | /zfsauton/data/straps/MMPD/processed_dataset/MMPD_SizeW72_SizeH72_ClipLength180_DataTypeRaw_DataAugNone_LabelTypeRaw_Crop_faceTrue_BackendY11F_Large_boxFalse_Large_size1.5_Dyamic_DetTrue_det_len30_Median_face_boxTrue_unsupervised/subject9_L2_MO3_E2_S3_GE2_GL1_H2_MA2_input0.npy,
/zfsauton/data/straps/MMPD/subject9/p9_7.mat,9,7,LED-high,Walking,False,3,female,True,False,False,2,4,2,3,2,1,2,2,2,/zfsauton/data/straps/MMPD/processed_dataset/MMPD_SizeW72_SizeH72_ClipLength180_DataTypeRaw_DataAugNone_LabelTypeRaw_Crop_faceTrue_BackendY11F_Large_boxFalse_Large_size1.5_Dyamic_DetTrue_det_len30_Median_face_boxTrue_unsupervised/subject9_L2_MO4_E2_S3_GE2_GL1_H2_MA2_input0.npy | /zfsauton/data/straps/MMPD/processed_dataset/MMPD_SizeW72_SizeH72_ClipLength180_DataTypeRaw_DataAugNone_LabelTypeRaw_Crop_faceTrue_BackendY11F_Large_boxFalse_Large_size1.5_Dyamic_DetTrue_det_len30_Median_face_boxTrue_unsupervised/subject9_L2_MO4_E2_S3_GE2_GL1_H2_MA2_label0.npy,
/zfsauton/data/straps/MMPD/subject9/p9_8.mat,9,8,Incandescent,Stationary,False,3,female,True,False,False,3,1,2,3,2,1,2,2,2,/zfsauton/data/straps/MMPD/processed_dataset/MMPD_SizeW72_SizeH72_ClipLength180_DataTypeRaw_DataAugNone_LabelTypeRaw_Crop_faceTrue_BackendY11F_Large_boxFalse_Large_size1.5_Dyamic_DetTrue_det_len30_Median_face_boxTrue_unsupervised/subject9_L3_MO1_E2_S3_GE2_GL1_H2_MA2_input0.npy | /zfsauton/data/straps/MMPD/processed_dataset/MMPD_SizeW72_SizeH72_ClipLength180_DataTypeRaw_DataAugNone_LabelTypeRaw_Crop_faceTrue_BackendY11F_Large_boxFalse_Large_size1.5_Dyamic_DetTrue_det_len30_Median_face_boxTrue_unsupervised/subject9_L3_MO1_E2_S3_GE2_GL1_H2_MA2_label0.npy,
/zfsauton/data/straps/MMPD/subject9/p9_9.mat,9,9,Incandescent,Rotation,False,3,female,True,False,False,3,2,2,3,2,1,2,2,2,/zfsauton/data/straps/MMPD/processed_dataset/MMPD_SizeW72_SizeH72_ClipLength180_DataTypeRaw_DataAugNone_LabelTypeRaw_Crop_faceTrue_BackendY11F_Large_boxFalse_Large_size1.5_Dyamic_DetTrue_det_len30_Median_face_boxTrue_unsupervised/subject9_L3_MO2_E2_S3_GE2_GL1_H2_MA2_input0.npy | /zfsauton/data/straps/MMPD/processed_dataset/MMPD_SizeW72_SizeH72_ClipLength180_DataTypeRaw_DataAugNone_LabelTypeRaw_Crop_faceTrue_BackendY11F_Large_boxFalse_Large_size1.5_Dyamic_DetTrue_det_len30_Median_face_boxTrue_unsupervised/subject9_L3_MO2_E2_S3_GE2_GL1_H2_MA2_label0.npy,
